ISO-10303-21;
HEADER;
/* Generated by software containing ST-Developer
 * from STEP Tools, Inc. (www.steptools.com) 
 */

FILE_DESCRIPTION(
/* description */ (''),
/* implementation_level */ '2;1');

FILE_NAME(
/* name */ 'Rackglow.step',
/* time_stamp */ '2026-09-22T09:53:56+12:00',
/* author */ (''),
/* organization */ (''),
/* preprocessor_version */ 'ST-DEVELOPER v20.2',
/* originating_system */ 'Autodesk Translation Framework v15.15.0.0',
/* authorisation */ '');

FILE_SCHEMA (('AUTOMOTIVE_DESIGN { 1 0 10303 214 3 1 1 }'));
ENDSEC;

DATA;
#10=MECHANICAL_DESIGN_GEOMETRIC_PRESENTATION_REPRESENTATION('',(#17),#2688);
#11=ITEM_DEFINED_TRANSFORMATION($,$,#1446,#1602);
#12=(
REPRESENTATION_RELATIONSHIP($,$,#2699,#2698)
REPRESENTATION_RELATIONSHIP_WITH_TRANSFORMATION(#11)
SHAPE_REPRESENTATION_RELATIONSHIP()
);
#13=CONTEXT_DEPENDENT_SHAPE_REPRESENTATION(#12,#2697);
#14=NEXT_ASSEMBLY_USAGE_OCCURRENCE('Control Panel:1','Control Panel:1',
'Control Panel:1',#2701,#2702,'Control Panel:1');
#15=SHAPE_REPRESENTATION_RELATIONSHIP('SRR','None',#2699,#16);
#16=ADVANCED_BREP_SHAPE_REPRESENTATION('',(#18),#2687);
#17=STYLED_ITEM('',(#2712),#18);
#18=MANIFOLD_SOLID_BREP('Body1',#1432);
#19=ELLIPSE('',#1471,1.4142135623731,1.);
#20=ELLIPSE('',#1487,1.4142135623731,1.);
#21=FACE_BOUND('',#177,.T.);
#22=FACE_BOUND('',#178,.T.);
#23=FACE_BOUND('',#179,.T.);
#24=FACE_BOUND('',#180,.T.);
#25=FACE_BOUND('',#181,.T.);
#26=FACE_BOUND('',#182,.T.);
#27=FACE_BOUND('',#183,.T.);
#28=FACE_BOUND('',#190,.T.);
#29=FACE_BOUND('',#204,.T.);
#30=FACE_BOUND('',#206,.T.);
#31=FACE_BOUND('',#208,.T.);
#32=FACE_BOUND('',#212,.T.);
#33=FACE_BOUND('',#215,.T.);
#34=FACE_BOUND('',#234,.T.);
#35=FACE_BOUND('',#235,.T.);
#36=FACE_BOUND('',#236,.T.);
#37=FACE_BOUND('',#238,.T.);
#38=FACE_BOUND('',#239,.T.);
#39=FACE_BOUND('',#240,.T.);
#40=FACE_BOUND('',#266,.T.);
#41=FACE_BOUND('',#267,.T.);
#42=FACE_BOUND('',#268,.T.);
#43=FACE_BOUND('',#269,.T.);
#44=FACE_BOUND('',#270,.T.);
#45=FACE_BOUND('',#271,.T.);
#46=FACE_BOUND('',#272,.T.);
#47=PLANE('',#1454);
#48=PLANE('',#1459);
#49=PLANE('',#1478);
#50=PLANE('',#1479);
#51=PLANE('',#1496);
#52=PLANE('',#1498);
#53=PLANE('',#1499);
#54=PLANE('',#1504);
#55=PLANE('',#1507);
#56=PLANE('',#1510);
#57=PLANE('',#1517);
#58=PLANE('',#1519);
#59=PLANE('',#1520);
#60=PLANE('',#1541);
#61=PLANE('',#1549);
#62=PLANE('',#1558);
#63=PLANE('',#1561);
#64=PLANE('',#1573);
#65=PLANE('',#1578);
#66=PLANE('',#1581);
#67=PLANE('',#1584);
#68=PLANE('',#1597);
#69=PLANE('',#1598);
#70=PLANE('',#1599);
#71=PLANE('',#1600);
#72=PLANE('',#1601);
#73=TOROIDAL_SURFACE('',#1450,3.,1.);
#74=TOROIDAL_SURFACE('',#1474,4.,1.);
#75=TOROIDAL_SURFACE('',#1488,3.,1.);
#76=TOROIDAL_SURFACE('',#1493,4.,1.);
#77=TOROIDAL_SURFACE('',#1522,6.,2.);
#78=TOROIDAL_SURFACE('',#1528,6.,2.);
#79=TOROIDAL_SURFACE('',#1530,6.,2.);
#80=TOROIDAL_SURFACE('',#1535,5.99999999999999,2.);
#81=B_SPLINE_CURVE_WITH_KNOTS('',3,(#2104,#2105,#2106,#2107,#2108,#2109,
#2110,#2111,#2112,#2113,#2114,#2115),.UNSPECIFIED.,.F.,.F.,(4,1,1,1,1,1,
1,2,4),(1.2767564783162E-16,0.035945321847017,0.0718906436940338,0.107835965541051,
0.143781287388068,0.215671931082101,0.287562574776135,0.359453218470169,
0.360085675114849),.UNSPECIFIED.);
#82=B_SPLINE_CURVE_WITH_KNOTS('',3,(#2116,#2117,#2118,#2119,#2120,#2121,
#2122,#2123,#2124,#2125,#2126,#2127),.UNSPECIFIED.,.F.,.F.,(4,2,1,1,1,1,
1,1,4),(-0.360085675114849,-0.359453218470169,-0.287562574776135,-0.215671931082101,
-0.143781287388068,-0.107835965541051,-0.0718906436940338,-0.035945321847017,
-1.2767564783162E-16),.UNSPECIFIED.);
#83=B_SPLINE_CURVE_WITH_KNOTS('',3,(#2220,#2221,#2222,#2223,#2224,#2225,
#2226,#2227,#2228,#2229,#2230,#2231),.UNSPECIFIED.,.F.,.F.,(4,1,1,1,1,1,
1,2,4),(-0.359453218470168,-0.215671931082101,-0.179726609235084,-0.143781287388067,
-0.10783596554105,-0.0718906436940335,-0.0359453218470168,0.,0.000632456644680763),
 .UNSPECIFIED.);
#84=B_SPLINE_CURVE_WITH_KNOTS('',3,(#2232,#2233,#2234,#2235,#2236,#2237,
#2238,#2239,#2240,#2241,#2242,#2243),.UNSPECIFIED.,.F.,.F.,(4,2,1,1,1,1,
1,1,4),(-0.000632456644680763,0.,0.0359453218470168,0.0718906436940335,
0.10783596554105,0.143781287388067,0.179726609235084,0.215671931082101,
0.359453218470168),.UNSPECIFIED.);
#85=B_SPLINE_CURVE_WITH_KNOTS('',3,(#2293,#2294,#2295,#2296,#2297,#2298,
#2299,#2300,#2301,#2302,#2303,#2304,#2305,#2306,#2307,#2308),
 .UNSPECIFIED.,.F.,.F.,(4,2,2,2,2,2,2,4),(0.,0.0994078287135538,0.167410046177335,
0.200422942925215,0.220625335773588,0.23645151722087,0.252929168255684,
0.28267940869537),.UNSPECIFIED.);
#86=B_SPLINE_CURVE_WITH_KNOTS('',3,(#2330,#2331,#2332,#2333,#2334,#2335,
#2336,#2337),.UNSPECIFIED.,.F.,.F.,(4,2,2,4),(4.1723565607234,4.17894730972464,
4.29754845275164,4.46362239722758),.UNSPECIFIED.);
#87=B_SPLINE_CURVE_WITH_KNOTS('',3,(#2343,#2344,#2345,#2346,#2347,#2348,
#2349,#2350,#2351,#2352,#2353,#2354,#2355,#2356,#2357,#2358),
 .UNSPECIFIED.,.F.,.F.,(4,2,2,2,2,2,2,4),(0.687149909496759,0.719062026444734,
0.841605650269169,1.00291089629933,1.08356351931441,1.12388983082195,1.14405298657572,
1.16421614232949),.UNSPECIFIED.);
#88=B_SPLINE_CURVE_WITH_KNOTS('',3,(#2381,#2382,#2383,#2384,#2385,#2386,
#2387,#2388,#2389,#2390,#2391,#2392,#2393,#2394,#2395,#2396,#2397,#2398),
 .UNSPECIFIED.,.F.,.F.,(4,2,2,2,2,2,2,2,4),(0.,0.02570105134585,0.0446494240933683,
0.0598958133870706,0.0761443109647964,0.102263226764873,0.154942528714868,
0.221864680001268,0.287714042340234),.UNSPECIFIED.);
#89=B_SPLINE_CURVE_WITH_KNOTS('',3,(#2413,#2414,#2415,#2416,#2417,#2418,
#2419,#2420),.UNSPECIFIED.,.F.,.F.,(4,2,2,4),(0.193242172090369,0.359316116566311,
0.477917259593308,0.48450800859455),.UNSPECIFIED.);
#90=B_SPLINE_CURVE_WITH_KNOTS('',3,(#2423,#2424,#2425,#2426,#2427,#2428,
#2429,#2430,#2431,#2432,#2433,#2434,#2435,#2436,#2437,#2438,#2439,#2440),
 .UNSPECIFIED.,.F.,.F.,(4,2,2,2,2,2,2,2,4),(4.17235656072335,4.17894730972459,
4.29754845275159,4.47720651103474,4.56703554017632,4.61195005474711,4.63440731203251,
4.6456359406752,4.6568645693179),.UNSPECIFIED.);
#91=B_SPLINE_SURFACE_WITH_KNOTS('',3,3,((#2043,#2044,#2045,#2046,#2047,
#2048,#2049,#2050,#2051,#2052,#2053,#2054),(#2055,#2056,#2057,#2058,#2059,
#2060,#2061,#2062,#2063,#2064,#2065,#2066),(#2067,#2068,#2069,#2070,#2071,
#2072,#2073,#2074,#2075,#2076,#2077,#2078),(#2079,#2080,#2081,#2082,#2083,
#2084,#2085,#2086,#2087,#2088,#2089,#2090),(#2091,#2092,#2093,#2094,#2095,
#2096,#2097,#2098,#2099,#2100,#2101,#2102)),.UNSPECIFIED.,.F.,.F.,.F.,(4,
1,4),(4,2,1,1,1,1,1,1,4),(0.,0.571428571428571,1.),(-0.360085675114849,
-0.359453218470169,-0.287562574776135,-0.215671931082101,-0.143781287388068,
-0.107835965541051,-0.0718906436940338,-0.035945321847017,-1.2767564783162E-16),
 .UNSPECIFIED.);
#92=B_SPLINE_SURFACE_WITH_KNOTS('',3,3,((#2159,#2160,#2161,#2162,#2163,
#2164,#2165,#2166,#2167,#2168,#2169,#2170),(#2171,#2172,#2173,#2174,#2175,
#2176,#2177,#2178,#2179,#2180,#2181,#2182),(#2183,#2184,#2185,#2186,#2187,
#2188,#2189,#2190,#2191,#2192,#2193,#2194),(#2195,#2196,#2197,#2198,#2199,
#2200,#2201,#2202,#2203,#2204,#2205,#2206),(#2207,#2208,#2209,#2210,#2211,
#2212,#2213,#2214,#2215,#2216,#2217,#2218)),.UNSPECIFIED.,.F.,.F.,.F.,(4,
1,4),(4,1,1,1,1,1,1,2,4),(0.,0.571428571428571,1.),(-0.359453218470168,
-0.215671931082101,-0.179726609235084,-0.143781287388067,-0.10783596554105,
-0.0718906436940335,-0.0359453218470168,0.,0.000632456644680763),
 .UNSPECIFIED.);
#93=FACE_OUTER_BOUND('',#170,.T.);
#94=FACE_OUTER_BOUND('',#171,.T.);
#95=FACE_OUTER_BOUND('',#172,.T.);
#96=FACE_OUTER_BOUND('',#173,.T.);
#97=FACE_OUTER_BOUND('',#174,.T.);
#98=FACE_OUTER_BOUND('',#175,.T.);
#99=FACE_OUTER_BOUND('',#176,.T.);
#100=FACE_OUTER_BOUND('',#184,.T.);
#101=FACE_OUTER_BOUND('',#185,.T.);
#102=FACE_OUTER_BOUND('',#186,.T.);
#103=FACE_OUTER_BOUND('',#187,.T.);
#104=FACE_OUTER_BOUND('',#188,.T.);
#105=FACE_OUTER_BOUND('',#189,.T.);
#106=FACE_OUTER_BOUND('',#191,.T.);
#107=FACE_OUTER_BOUND('',#192,.T.);
#108=FACE_OUTER_BOUND('',#193,.T.);
#109=FACE_OUTER_BOUND('',#194,.T.);
#110=FACE_OUTER_BOUND('',#195,.T.);
#111=FACE_OUTER_BOUND('',#196,.T.);
#112=FACE_OUTER_BOUND('',#197,.T.);
#113=FACE_OUTER_BOUND('',#198,.T.);
#114=FACE_OUTER_BOUND('',#199,.T.);
#115=FACE_OUTER_BOUND('',#200,.T.);
#116=FACE_OUTER_BOUND('',#201,.T.);
#117=FACE_OUTER_BOUND('',#202,.T.);
#118=FACE_OUTER_BOUND('',#203,.T.);
#119=FACE_OUTER_BOUND('',#205,.T.);
#120=FACE_OUTER_BOUND('',#207,.T.);
#121=FACE_OUTER_BOUND('',#209,.T.);
#122=FACE_OUTER_BOUND('',#210,.T.);
#123=FACE_OUTER_BOUND('',#211,.T.);
#124=FACE_OUTER_BOUND('',#213,.T.);
#125=FACE_OUTER_BOUND('',#214,.T.);
#126=FACE_OUTER_BOUND('',#216,.T.);
#127=FACE_OUTER_BOUND('',#217,.T.);
#128=FACE_OUTER_BOUND('',#218,.T.);
#129=FACE_OUTER_BOUND('',#219,.T.);
#130=FACE_OUTER_BOUND('',#220,.T.);
#131=FACE_OUTER_BOUND('',#221,.T.);
#132=FACE_OUTER_BOUND('',#222,.T.);
#133=FACE_OUTER_BOUND('',#223,.T.);
#134=FACE_OUTER_BOUND('',#224,.T.);
#135=FACE_OUTER_BOUND('',#225,.T.);
#136=FACE_OUTER_BOUND('',#226,.T.);
#137=FACE_OUTER_BOUND('',#227,.T.);
#138=FACE_OUTER_BOUND('',#228,.T.);
#139=FACE_OUTER_BOUND('',#229,.T.);
#140=FACE_OUTER_BOUND('',#230,.T.);
#141=FACE_OUTER_BOUND('',#231,.T.);
#142=FACE_OUTER_BOUND('',#232,.T.);
#143=FACE_OUTER_BOUND('',#233,.T.);
#144=FACE_OUTER_BOUND('',#237,.T.);
#145=FACE_OUTER_BOUND('',#241,.T.);
#146=FACE_OUTER_BOUND('',#242,.T.);
#147=FACE_OUTER_BOUND('',#243,.T.);
#148=FACE_OUTER_BOUND('',#244,.T.);
#149=FACE_OUTER_BOUND('',#245,.T.);
#150=FACE_OUTER_BOUND('',#246,.T.);
#151=FACE_OUTER_BOUND('',#247,.T.);
#152=FACE_OUTER_BOUND('',#248,.T.);
#153=FACE_OUTER_BOUND('',#249,.T.);
#154=FACE_OUTER_BOUND('',#250,.T.);
#155=FACE_OUTER_BOUND('',#251,.T.);
#156=FACE_OUTER_BOUND('',#252,.T.);
#157=FACE_OUTER_BOUND('',#253,.T.);
#158=FACE_OUTER_BOUND('',#254,.T.);
#159=FACE_OUTER_BOUND('',#255,.T.);
#160=FACE_OUTER_BOUND('',#256,.T.);
#161=FACE_OUTER_BOUND('',#257,.T.);
#162=FACE_OUTER_BOUND('',#258,.T.);
#163=FACE_OUTER_BOUND('',#259,.T.);
#164=FACE_OUTER_BOUND('',#260,.T.);
#165=FACE_OUTER_BOUND('',#261,.T.);
#166=FACE_OUTER_BOUND('',#262,.T.);
#167=FACE_OUTER_BOUND('',#263,.T.);
#168=FACE_OUTER_BOUND('',#264,.T.);
#169=FACE_OUTER_BOUND('',#265,.T.);
#170=EDGE_LOOP('',(#908,#909,#910,#911));
#171=EDGE_LOOP('',(#912,#913,#914));
#172=EDGE_LOOP('',(#915,#916,#917,#918));
#173=EDGE_LOOP('',(#919,#920,#921,#922,#923,#924,#925,#926,#927,#928));
#174=EDGE_LOOP('',(#929,#930,#931,#932));
#175=EDGE_LOOP('',(#933,#934,#935));
#176=EDGE_LOOP('',(#936,#937,#938,#939));
#177=EDGE_LOOP('',(#940,#941,#942,#943,#944,#945,#946,#947,#948,#949,#950,
#951,#952,#953));
#178=EDGE_LOOP('',(#954));
#179=EDGE_LOOP('',(#955));
#180=EDGE_LOOP('',(#956));
#181=EDGE_LOOP('',(#957));
#182=EDGE_LOOP('',(#958));
#183=EDGE_LOOP('',(#959));
#184=EDGE_LOOP('',(#960,#961,#962,#963));
#185=EDGE_LOOP('',(#964,#965,#966,#967));
#186=EDGE_LOOP('',(#968,#969,#970,#971));
#187=EDGE_LOOP('',(#972,#973,#974,#975));
#188=EDGE_LOOP('',(#976,#977,#978,#979,#980));
#189=EDGE_LOOP('',(#981,#982,#983,#984,#985));
#190=EDGE_LOOP('',(#986));
#191=EDGE_LOOP('',(#987,#988,#989,#990,#991));
#192=EDGE_LOOP('',(#992,#993,#994,#995,#996));
#193=EDGE_LOOP('',(#997,#998,#999,#1000));
#194=EDGE_LOOP('',(#1001,#1002,#1003,#1004));
#195=EDGE_LOOP('',(#1005,#1006,#1007,#1008));
#196=EDGE_LOOP('',(#1009,#1010,#1011,#1012));
#197=EDGE_LOOP('',(#1013,#1014,#1015,#1016,#1017,#1018,#1019,#1020,#1021,
#1022));
#198=EDGE_LOOP('',(#1023,#1024,#1025,#1026,#1027));
#199=EDGE_LOOP('',(#1028,#1029,#1030,#1031,#1032,#1033,#1034,#1035,#1036,
#1037));
#200=EDGE_LOOP('',(#1038,#1039,#1040,#1041,#1042));
#201=EDGE_LOOP('',(#1043,#1044,#1045,#1046));
#202=EDGE_LOOP('',(#1047,#1048,#1049,#1050));
#203=EDGE_LOOP('',(#1051,#1052,#1053,#1054,#1055,#1056));
#204=EDGE_LOOP('',(#1057));
#205=EDGE_LOOP('',(#1058,#1059,#1060,#1061,#1062,#1063));
#206=EDGE_LOOP('',(#1064));
#207=EDGE_LOOP('',(#1065,#1066,#1067,#1068,#1069));
#208=EDGE_LOOP('',(#1070));
#209=EDGE_LOOP('',(#1071,#1072,#1073,#1074,#1075));
#210=EDGE_LOOP('',(#1076,#1077,#1078,#1079));
#211=EDGE_LOOP('',(#1080,#1081,#1082,#1083));
#212=EDGE_LOOP('',(#1084));
#213=EDGE_LOOP('',(#1085,#1086,#1087,#1088,#1089,#1090,#1091,#1092,#1093));
#214=EDGE_LOOP('',(#1094,#1095,#1096,#1097));
#215=EDGE_LOOP('',(#1098));
#216=EDGE_LOOP('',(#1099,#1100,#1101,#1102));
#217=EDGE_LOOP('',(#1103,#1104,#1105,#1106));
#218=EDGE_LOOP('',(#1107,#1108,#1109,#1110));
#219=EDGE_LOOP('',(#1111,#1112,#1113,#1114));
#220=EDGE_LOOP('',(#1115,#1116,#1117,#1118));
#221=EDGE_LOOP('',(#1119,#1120,#1121,#1122));
#222=EDGE_LOOP('',(#1123,#1124,#1125,#1126));
#223=EDGE_LOOP('',(#1127,#1128,#1129,#1130));
#224=EDGE_LOOP('',(#1131,#1132,#1133,#1134,#1135,#1136,#1137,#1138,#1139));
#225=EDGE_LOOP('',(#1140,#1141,#1142,#1143));
#226=EDGE_LOOP('',(#1144,#1145,#1146,#1147));
#227=EDGE_LOOP('',(#1148,#1149,#1150,#1151));
#228=EDGE_LOOP('',(#1152,#1153,#1154,#1155));
#229=EDGE_LOOP('',(#1156,#1157,#1158,#1159));
#230=EDGE_LOOP('',(#1160,#1161,#1162,#1163));
#231=EDGE_LOOP('',(#1164,#1165,#1166,#1167));
#232=EDGE_LOOP('',(#1168,#1169,#1170,#1171));
#233=EDGE_LOOP('',(#1172,#1173,#1174,#1175,#1176,#1177));
#234=EDGE_LOOP('',(#1178));
#235=EDGE_LOOP('',(#1179));
#236=EDGE_LOOP('',(#1180));
#237=EDGE_LOOP('',(#1181,#1182,#1183,#1184,#1185,#1186));
#238=EDGE_LOOP('',(#1187));
#239=EDGE_LOOP('',(#1188));
#240=EDGE_LOOP('',(#1189));
#241=EDGE_LOOP('',(#1190,#1191,#1192,#1193));
#242=EDGE_LOOP('',(#1194,#1195,#1196,#1197));
#243=EDGE_LOOP('',(#1198,#1199,#1200,#1201));
#244=EDGE_LOOP('',(#1202,#1203,#1204,#1205));
#245=EDGE_LOOP('',(#1206,#1207,#1208,#1209));
#246=EDGE_LOOP('',(#1210,#1211,#1212,#1213));
#247=EDGE_LOOP('',(#1214,#1215,#1216,#1217,#1218,#1219,#1220,#1221));
#248=EDGE_LOOP('',(#1222,#1223,#1224,#1225));
#249=EDGE_LOOP('',(#1226,#1227,#1228,#1229));
#250=EDGE_LOOP('',(#1230,#1231,#1232,#1233));
#251=EDGE_LOOP('',(#1234,#1235,#1236,#1237));
#252=EDGE_LOOP('',(#1238,#1239,#1240,#1241,#1242,#1243,#1244,#1245,#1246,
#1247));
#253=EDGE_LOOP('',(#1248,#1249,#1250,#1251));
#254=EDGE_LOOP('',(#1252,#1253,#1254,#1255));
#255=EDGE_LOOP('',(#1256,#1257,#1258,#1259));
#256=EDGE_LOOP('',(#1260,#1261,#1262,#1263));
#257=EDGE_LOOP('',(#1264,#1265,#1266,#1267));
#258=EDGE_LOOP('',(#1268,#1269,#1270,#1271));
#259=EDGE_LOOP('',(#1272,#1273,#1274,#1275));
#260=EDGE_LOOP('',(#1276,#1277,#1278,#1279));
#261=EDGE_LOOP('',(#1280,#1281,#1282,#1283));
#262=EDGE_LOOP('',(#1284,#1285,#1286,#1287));
#263=EDGE_LOOP('',(#1288,#1289,#1290,#1291));
#264=EDGE_LOOP('',(#1292,#1293,#1294,#1295));
#265=EDGE_LOOP('',(#1296,#1297,#1298,#1299));
#266=EDGE_LOOP('',(#1300));
#267=EDGE_LOOP('',(#1301));
#268=EDGE_LOOP('',(#1302));
#269=EDGE_LOOP('',(#1303));
#270=EDGE_LOOP('',(#1304));
#271=EDGE_LOOP('',(#1305,#1306,#1307,#1308,#1309,#1310,#1311,#1312));
#272=EDGE_LOOP('',(#1313));
#273=LINE('',#2039,#386);
#274=LINE('',#2042,#387);
#275=LINE('',#2136,#388);
#276=LINE('',#2138,#389);
#277=LINE('',#2140,#390);
#278=LINE('',#2142,#391);
#279=LINE('',#2144,#392);
#280=LINE('',#2148,#393);
#281=LINE('',#2149,#394);
#282=LINE('',#2155,#395);
#283=LINE('',#2158,#396);
#284=LINE('',#2247,#397);
#285=LINE('',#2249,#398);
#286=LINE('',#2251,#399);
#287=LINE('',#2252,#400);
#288=LINE('',#2254,#401);
#289=LINE('',#2258,#402);
#290=LINE('',#2262,#403);
#291=LINE('',#2266,#404);
#292=LINE('',#2269,#405);
#293=LINE('',#2270,#406);
#294=LINE('',#2285,#407);
#295=LINE('',#2290,#408);
#296=LINE('',#2312,#409);
#297=LINE('',#2316,#410);
#298=LINE('',#2318,#411);
#299=LINE('',#2319,#412);
#300=LINE('',#2322,#413);
#301=LINE('',#2324,#414);
#302=LINE('',#2339,#415);
#303=LINE('',#2359,#416);
#304=LINE('',#2363,#417);
#305=LINE('',#2367,#418);
#306=LINE('',#2374,#419);
#307=LINE('',#2377,#420);
#308=LINE('',#2403,#421);
#309=LINE('',#2405,#422);
#310=LINE('',#2407,#423);
#311=LINE('',#2409,#424);
#312=LINE('',#2410,#425);
#313=LINE('',#2422,#426);
#314=LINE('',#2443,#427);
#315=LINE('',#2445,#428);
#316=LINE('',#2447,#429);
#317=LINE('',#2449,#430);
#318=LINE('',#2450,#431);
#319=LINE('',#2453,#432);
#320=LINE('',#2455,#433);
#321=LINE('',#2457,#434);
#322=LINE('',#2458,#435);
#323=LINE('',#2463,#436);
#324=LINE('',#2466,#437);
#325=LINE('',#2469,#438);
#326=LINE('',#2471,#439);
#327=LINE('',#2474,#440);
#328=LINE('',#2479,#441);
#329=LINE('',#2481,#442);
#330=LINE('',#2485,#443);
#331=LINE('',#2486,#444);
#332=LINE('',#2493,#445);
#333=LINE('',#2494,#446);
#334=LINE('',#2500,#447);
#335=LINE('',#2504,#448);
#336=LINE('',#2506,#449);
#337=LINE('',#2511,#450);
#338=LINE('',#2513,#451);
#339=LINE('',#2515,#452);
#340=LINE('',#2516,#453);
#341=LINE('',#2518,#454);
#342=LINE('',#2530,#455);
#343=LINE('',#2543,#456);
#344=LINE('',#2546,#457);
#345=LINE('',#2549,#458);
#346=LINE('',#2550,#459);
#347=LINE('',#2552,#460);
#348=LINE('',#2558,#461);
#349=LINE('',#2563,#462);
#350=LINE('',#2566,#463);
#351=LINE('',#2567,#464);
#352=LINE('',#2570,#465);
#353=LINE('',#2574,#466);
#354=LINE('',#2578,#467);
#355=LINE('',#2585,#468);
#356=LINE('',#2588,#469);
#357=LINE('',#2593,#470);
#358=LINE('',#2596,#471);
#359=LINE('',#2605,#472);
#360=LINE('',#2607,#473);
#361=LINE('',#2609,#474);
#362=LINE('',#2613,#475);
#363=LINE('',#2618,#476);
#364=LINE('',#2622,#477);
#365=LINE('',#2625,#478);
#366=LINE('',#2626,#479);
#367=LINE('',#2630,#480);
#368=LINE('',#2633,#481);
#369=LINE('',#2634,#482);
#370=LINE('',#2638,#483);
#371=LINE('',#2640,#484);
#372=LINE('',#2643,#485);
#373=LINE('',#2647,#486);
#374=LINE('',#2651,#487);
#375=LINE('',#2655,#488);
#376=LINE('',#2659,#489);
#377=LINE('',#2663,#490);
#378=LINE('',#2668,#491);
#379=LINE('',#2669,#492);
#380=LINE('',#2670,#493);
#381=LINE('',#2673,#494);
#382=LINE('',#2674,#495);
#383=LINE('',#2677,#496);
#384=LINE('',#2678,#497);
#385=LINE('',#2680,#498);
#386=VECTOR('',#1611,10.);
#387=VECTOR('',#1614,10.);
#388=VECTOR('',#1625,10.);
#389=VECTOR('',#1626,10.);
#390=VECTOR('',#1627,10.);
#391=VECTOR('',#1628,10.);
#392=VECTOR('',#1629,10.);
#393=VECTOR('',#1632,10.);
#394=VECTOR('',#1633,10.);
#395=VECTOR('',#1638,10.);
#396=VECTOR('',#1641,10.);
#397=VECTOR('',#1644,10.);
#398=VECTOR('',#1645,10.);
#399=VECTOR('',#1646,10.);
#400=VECTOR('',#1647,10.);
#401=VECTOR('',#1648,10.);
#402=VECTOR('',#1651,10.);
#403=VECTOR('',#1654,10.);
#404=VECTOR('',#1657,10.);
#405=VECTOR('',#1660,10.);
#406=VECTOR('',#1661,10.);
#407=VECTOR('',#1676,10.);
#408=VECTOR('',#1683,10.);
#409=VECTOR('',#1690,10.);
#410=VECTOR('',#1695,10.);
#411=VECTOR('',#1696,10.);
#412=VECTOR('',#1697,10.);
#413=VECTOR('',#1700,10.);
#414=VECTOR('',#1701,10.);
#415=VECTOR('',#1708,10.);
#416=VECTOR('',#1713,10.);
#417=VECTOR('',#1716,10.);
#418=VECTOR('',#1719,10.);
#419=VECTOR('',#1730,10.);
#420=VECTOR('',#1733,10.);
#421=VECTOR('',#1742,10.);
#422=VECTOR('',#1743,10.);
#423=VECTOR('',#1744,10.);
#424=VECTOR('',#1745,10.);
#425=VECTOR('',#1746,10.);
#426=VECTOR('',#1749,10.);
#427=VECTOR('',#1752,10.);
#428=VECTOR('',#1753,10.);
#429=VECTOR('',#1754,10.);
#430=VECTOR('',#1755,10.);
#431=VECTOR('',#1756,10.);
#432=VECTOR('',#1759,10.);
#433=VECTOR('',#1760,10.);
#434=VECTOR('',#1761,10.);
#435=VECTOR('',#1762,10.);
#436=VECTOR('',#1769,3.);
#437=VECTOR('',#1772,10.);
#438=VECTOR('',#1775,10.);
#439=VECTOR('',#1776,10.);
#440=VECTOR('',#1779,10.);
#441=VECTOR('',#1784,10.);
#442=VECTOR('',#1785,10.);
#443=VECTOR('',#1788,10.);
#444=VECTOR('',#1789,10.);
#445=VECTOR('',#1796,10.);
#446=VECTOR('',#1797,10.);
#447=VECTOR('',#1804,10.);
#448=VECTOR('',#1809,10.);
#449=VECTOR('',#1812,10.);
#450=VECTOR('',#1817,10.);
#451=VECTOR('',#1818,10.);
#452=VECTOR('',#1819,10.);
#453=VECTOR('',#1820,10.);
#454=VECTOR('',#1823,10.);
#455=VECTOR('',#1838,10.);
#456=VECTOR('',#1861,10.);
#457=VECTOR('',#1864,10.);
#458=VECTOR('',#1869,10.);
#459=VECTOR('',#1870,10.);
#460=VECTOR('',#1873,10.);
#461=VECTOR('',#1880,10.);
#462=VECTOR('',#1885,10.);
#463=VECTOR('',#1890,10.);
#464=VECTOR('',#1891,10.);
#465=VECTOR('',#1894,1.3);
#466=VECTOR('',#1899,1.3);
#467=VECTOR('',#1904,1.75);
#468=VECTOR('',#1913,10.);
#469=VECTOR('',#1916,10.);
#470=VECTOR('',#1921,10.);
#471=VECTOR('',#1924,10.);
#472=VECTOR('',#1935,1.3);
#473=VECTOR('',#1938,1.75);
#474=VECTOR('',#1941,1.3);
#475=VECTOR('',#1948,10.);
#476=VECTOR('',#1955,10.);
#477=VECTOR('',#1960,10.);
#478=VECTOR('',#1963,10.);
#479=VECTOR('',#1964,10.);
#480=VECTOR('',#1969,10.);
#481=VECTOR('',#1972,10.);
#482=VECTOR('',#1973,10.);
#483=VECTOR('',#1978,10.);
#484=VECTOR('',#1981,10.);
#485=VECTOR('',#1984,3.5);
#486=VECTOR('',#1989,1.6);
#487=VECTOR('',#1994,1.6);
#488=VECTOR('',#1999,1.6);
#489=VECTOR('',#2004,1.6);
#490=VECTOR('',#2009,3.5);
#491=VECTOR('',#2014,10.);
#492=VECTOR('',#2015,10.);
#493=VECTOR('',#2016,10.);
#494=VECTOR('',#2019,10.);
#495=VECTOR('',#2020,10.);
#496=VECTOR('',#2023,10.);
#497=VECTOR('',#2024,10.);
#498=VECTOR('',#2027,10.);
#499=CIRCLE('',#1448,1.);
#500=CIRCLE('',#1449,1.);
#501=CIRCLE('',#1451,3.);
#502=CIRCLE('',#1452,1.);
#503=CIRCLE('',#1453,2.);
#504=CIRCLE('',#1455,4.);
#505=CIRCLE('',#1457,1.);
#506=CIRCLE('',#1458,1.);
#507=CIRCLE('',#1460,6.);
#508=CIRCLE('',#1461,5.99999999999998);
#509=CIRCLE('',#1462,6.);
#510=CIRCLE('',#1463,6.);
#511=CIRCLE('',#1464,3.5);
#512=CIRCLE('',#1465,1.6);
#513=CIRCLE('',#1466,1.6);
#514=CIRCLE('',#1467,1.6);
#515=CIRCLE('',#1468,1.6);
#516=CIRCLE('',#1469,3.5);
#517=CIRCLE('',#1473,1.);
#518=CIRCLE('',#1475,3.);
#519=CIRCLE('',#1477,2.);
#520=CIRCLE('',#1480,3.99999753448852);
#521=CIRCLE('',#1481,1.3);
#522=CIRCLE('',#1483,3.);
#523=CIRCLE('',#1486,1.00000000000001);
#524=CIRCLE('',#1489,2.);
#525=CIRCLE('',#1490,3.);
#526=CIRCLE('',#1492,1.);
#527=CIRCLE('',#1494,4.);
#528=CIRCLE('',#1495,3.);
#529=CIRCLE('',#1501,2.);
#530=CIRCLE('',#1503,3.);
#531=CIRCLE('',#1505,3.99999999999999);
#532=CIRCLE('',#1506,1.3);
#533=CIRCLE('',#1508,3.99999999999999);
#534=CIRCLE('',#1509,1.3);
#535=CIRCLE('',#1511,3.99999753448851);
#536=CIRCLE('',#1512,1.3);
#537=CIRCLE('',#1514,3.);
#538=CIRCLE('',#1516,3.);
#539=CIRCLE('',#1518,1.75);
#540=CIRCLE('',#1521,1.75);
#541=CIRCLE('',#1523,2.);
#542=CIRCLE('',#1524,4.);
#543=CIRCLE('',#1525,1.99999999999999);
#544=CIRCLE('',#1527,2.);
#545=CIRCLE('',#1529,4.);
#546=CIRCLE('',#1531,2.);
#547=CIRCLE('',#1532,4.);
#548=CIRCLE('',#1534,2.00000000000001);
#549=CIRCLE('',#1536,1.99999999999999);
#550=CIRCLE('',#1537,3.99999999999998);
#551=CIRCLE('',#1540,4.);
#552=CIRCLE('',#1544,2.);
#553=CIRCLE('',#1545,2.);
#554=CIRCLE('',#1547,2.);
#555=CIRCLE('',#1548,2.);
#556=CIRCLE('',#1551,1.3);
#557=CIRCLE('',#1553,1.3);
#558=CIRCLE('',#1555,1.75);
#559=CIRCLE('',#1557,4.);
#560=CIRCLE('',#1559,1.99999999999999);
#561=CIRCLE('',#1560,2.);
#562=CIRCLE('',#1562,2.);
#563=CIRCLE('',#1563,2.);
#564=CIRCLE('',#1564,1.75);
#565=CIRCLE('',#1565,1.3);
#566=CIRCLE('',#1566,1.3);
#567=CIRCLE('',#1575,2.);
#568=CIRCLE('',#1577,2.);
#569=CIRCLE('',#1580,2.);
#570=CIRCLE('',#1583,2.);
#571=CIRCLE('',#1586,3.5);
#572=CIRCLE('',#1588,1.6);
#573=CIRCLE('',#1590,1.6);
#574=CIRCLE('',#1592,1.6);
#575=CIRCLE('',#1594,1.6);
#576=CIRCLE('',#1596,3.5);
#577=VERTEX_POINT('',#2035);
#578=VERTEX_POINT('',#2036);
#579=VERTEX_POINT('',#2038);
#580=VERTEX_POINT('',#2040);
#581=VERTEX_POINT('',#2103);
#582=VERTEX_POINT('',#2129);
#583=VERTEX_POINT('',#2131);
#584=VERTEX_POINT('',#2135);
#585=VERTEX_POINT('',#2137);
#586=VERTEX_POINT('',#2139);
#587=VERTEX_POINT('',#2141);
#588=VERTEX_POINT('',#2143);
#589=VERTEX_POINT('',#2145);
#590=VERTEX_POINT('',#2147);
#591=VERTEX_POINT('',#2151);
#592=VERTEX_POINT('',#2152);
#593=VERTEX_POINT('',#2154);
#594=VERTEX_POINT('',#2156);
#595=VERTEX_POINT('',#2219);
#596=VERTEX_POINT('',#2245);
#597=VERTEX_POINT('',#2246);
#598=VERTEX_POINT('',#2248);
#599=VERTEX_POINT('',#2250);
#600=VERTEX_POINT('',#2253);
#601=VERTEX_POINT('',#2255);
#602=VERTEX_POINT('',#2257);
#603=VERTEX_POINT('',#2259);
#604=VERTEX_POINT('',#2261);
#605=VERTEX_POINT('',#2263);
#606=VERTEX_POINT('',#2265);
#607=VERTEX_POINT('',#2267);
#608=VERTEX_POINT('',#2271);
#609=VERTEX_POINT('',#2273);
#610=VERTEX_POINT('',#2275);
#611=VERTEX_POINT('',#2277);
#612=VERTEX_POINT('',#2279);
#613=VERTEX_POINT('',#2281);
#614=VERTEX_POINT('',#2284);
#615=VERTEX_POINT('',#2288);
#616=VERTEX_POINT('',#2292);
#617=VERTEX_POINT('',#2311);
#618=VERTEX_POINT('',#2315);
#619=VERTEX_POINT('',#2317);
#620=VERTEX_POINT('',#2321);
#621=VERTEX_POINT('',#2323);
#622=VERTEX_POINT('',#2326);
#623=VERTEX_POINT('',#2329);
#624=VERTEX_POINT('',#2338);
#625=VERTEX_POINT('',#2342);
#626=VERTEX_POINT('',#2361);
#627=VERTEX_POINT('',#2362);
#628=VERTEX_POINT('',#2364);
#629=VERTEX_POINT('',#2366);
#630=VERTEX_POINT('',#2373);
#631=VERTEX_POINT('',#2375);
#632=VERTEX_POINT('',#2379);
#633=VERTEX_POINT('',#2380);
#634=VERTEX_POINT('',#2402);
#635=VERTEX_POINT('',#2404);
#636=VERTEX_POINT('',#2406);
#637=VERTEX_POINT('',#2408);
#638=VERTEX_POINT('',#2412);
#639=VERTEX_POINT('',#2421);
#640=VERTEX_POINT('',#2442);
#641=VERTEX_POINT('',#2444);
#642=VERTEX_POINT('',#2446);
#643=VERTEX_POINT('',#2448);
#644=VERTEX_POINT('',#2452);
#645=VERTEX_POINT('',#2454);
#646=VERTEX_POINT('',#2456);
#647=VERTEX_POINT('',#2462);
#648=VERTEX_POINT('',#2464);
#649=VERTEX_POINT('',#2468);
#650=VERTEX_POINT('',#2470);
#651=VERTEX_POINT('',#2472);
#652=VERTEX_POINT('',#2475);
#653=VERTEX_POINT('',#2478);
#654=VERTEX_POINT('',#2480);
#655=VERTEX_POINT('',#2482);
#656=VERTEX_POINT('',#2484);
#657=VERTEX_POINT('',#2487);
#658=VERTEX_POINT('',#2490);
#659=VERTEX_POINT('',#2492);
#660=VERTEX_POINT('',#2495);
#661=VERTEX_POINT('',#2498);
#662=VERTEX_POINT('',#2502);
#663=VERTEX_POINT('',#2507);
#664=VERTEX_POINT('',#2510);
#665=VERTEX_POINT('',#2512);
#666=VERTEX_POINT('',#2514);
#667=VERTEX_POINT('',#2519);
#668=VERTEX_POINT('',#2522);
#669=VERTEX_POINT('',#2524);
#670=VERTEX_POINT('',#2528);
#671=VERTEX_POINT('',#2539);
#672=VERTEX_POINT('',#2545);
#673=VERTEX_POINT('',#2554);
#674=VERTEX_POINT('',#2556);
#675=VERTEX_POINT('',#2560);
#676=VERTEX_POINT('',#2562);
#677=VERTEX_POINT('',#2569);
#678=VERTEX_POINT('',#2573);
#679=VERTEX_POINT('',#2577);
#680=VERTEX_POINT('',#2583);
#681=VERTEX_POINT('',#2584);
#682=VERTEX_POINT('',#2586);
#683=VERTEX_POINT('',#2591);
#684=VERTEX_POINT('',#2592);
#685=VERTEX_POINT('',#2595);
#686=VERTEX_POINT('',#2598);
#687=VERTEX_POINT('',#2600);
#688=VERTEX_POINT('',#2602);
#689=VERTEX_POINT('',#2616);
#690=VERTEX_POINT('',#2620);
#691=VERTEX_POINT('',#2624);
#692=VERTEX_POINT('',#2628);
#693=VERTEX_POINT('',#2632);
#694=VERTEX_POINT('',#2636);
#695=VERTEX_POINT('',#2642);
#696=VERTEX_POINT('',#2646);
#697=VERTEX_POINT('',#2650);
#698=VERTEX_POINT('',#2654);
#699=VERTEX_POINT('',#2658);
#700=VERTEX_POINT('',#2662);
#701=VERTEX_POINT('',#2666);
#702=VERTEX_POINT('',#2667);
#703=VERTEX_POINT('',#2672);
#704=VERTEX_POINT('',#2676);
#705=EDGE_CURVE('',#577,#578,#499,.T.);
#706=EDGE_CURVE('',#578,#579,#273,.T.);
#707=EDGE_CURVE('',#579,#580,#500,.T.);
#708=EDGE_CURVE('',#580,#577,#274,.T.);
#709=EDGE_CURVE('',#577,#581,#81,.T.);
#710=EDGE_CURVE('',#581,#578,#82,.T.);
#711=EDGE_CURVE('',#577,#582,#501,.T.);
#712=EDGE_CURVE('',#582,#583,#502,.T.);
#713=EDGE_CURVE('',#583,#581,#503,.T.);
#714=EDGE_CURVE('',#584,#580,#275,.T.);
#715=EDGE_CURVE('',#585,#584,#276,.T.);
#716=EDGE_CURVE('',#585,#586,#277,.T.);
#717=EDGE_CURVE('',#587,#586,#278,.T.);
#718=EDGE_CURVE('',#588,#587,#279,.T.);
#719=EDGE_CURVE('',#589,#588,#504,.T.);
#720=EDGE_CURVE('',#590,#589,#280,.T.);
#721=EDGE_CURVE('',#582,#590,#281,.T.);
#722=EDGE_CURVE('',#591,#592,#505,.T.);
#723=EDGE_CURVE('',#592,#593,#282,.T.);
#724=EDGE_CURVE('',#593,#594,#506,.T.);
#725=EDGE_CURVE('',#594,#591,#283,.T.);
#726=EDGE_CURVE('',#591,#595,#83,.T.);
#727=EDGE_CURVE('',#595,#592,#84,.T.);
#728=EDGE_CURVE('',#596,#597,#284,.T.);
#729=EDGE_CURVE('',#597,#598,#285,.T.);
#730=EDGE_CURVE('',#598,#599,#286,.T.);
#731=EDGE_CURVE('',#599,#596,#287,.T.);
#732=EDGE_CURVE('',#600,#581,#288,.T.);
#733=EDGE_CURVE('',#601,#600,#507,.T.);
#734=EDGE_CURVE('',#602,#601,#289,.T.);
#735=EDGE_CURVE('',#603,#602,#508,.T.);
#736=EDGE_CURVE('',#604,#603,#290,.T.);
#737=EDGE_CURVE('',#605,#604,#509,.T.);
#738=EDGE_CURVE('',#606,#605,#291,.T.);
#739=EDGE_CURVE('',#607,#606,#510,.T.);
#740=EDGE_CURVE('',#595,#607,#292,.T.);
#741=EDGE_CURVE('',#579,#594,#293,.T.);
#742=EDGE_CURVE('',#608,#608,#511,.T.);
#743=EDGE_CURVE('',#609,#609,#512,.T.);
#744=EDGE_CURVE('',#610,#610,#513,.T.);
#745=EDGE_CURVE('',#611,#611,#514,.T.);
#746=EDGE_CURVE('',#612,#612,#515,.T.);
#747=EDGE_CURVE('',#613,#613,#516,.T.);
#748=EDGE_CURVE('',#614,#583,#294,.T.);
#749=EDGE_CURVE('',#590,#614,#19,.T.);
#750=EDGE_CURVE('',#589,#615,#517,.T.);
#751=EDGE_CURVE('',#615,#614,#295,.T.);
#752=EDGE_CURVE('',#588,#616,#85,.T.);
#753=EDGE_CURVE('',#616,#615,#518,.T.);
#754=EDGE_CURVE('',#583,#617,#296,.T.);
#755=EDGE_CURVE('',#617,#600,#519,.T.);
#756=EDGE_CURVE('',#618,#614,#297,.T.);
#757=EDGE_CURVE('',#619,#618,#298,.T.);
#758=EDGE_CURVE('',#617,#619,#299,.T.);
#759=EDGE_CURVE('',#620,#615,#300,.T.);
#760=EDGE_CURVE('',#620,#621,#301,.T.);
#761=EDGE_CURVE('',#621,#618,#520,.T.);
#762=EDGE_CURVE('',#622,#622,#521,.T.);
#763=EDGE_CURVE('',#616,#623,#86,.F.);
#764=EDGE_CURVE('',#624,#623,#302,.T.);
#765=EDGE_CURVE('',#624,#620,#522,.T.);
#766=EDGE_CURVE('',#587,#625,#87,.F.);
#767=EDGE_CURVE('',#623,#625,#303,.T.);
#768=EDGE_CURVE('',#626,#627,#304,.T.);
#769=EDGE_CURVE('',#627,#628,#523,.T.);
#770=EDGE_CURVE('',#628,#629,#305,.T.);
#771=EDGE_CURVE('',#629,#626,#20,.T.);
#772=EDGE_CURVE('',#595,#628,#524,.T.);
#773=EDGE_CURVE('',#627,#592,#525,.T.);
#774=EDGE_CURVE('',#629,#630,#306,.T.);
#775=EDGE_CURVE('',#630,#631,#526,.T.);
#776=EDGE_CURVE('',#631,#626,#307,.T.);
#777=EDGE_CURVE('',#632,#633,#88,.T.);
#778=EDGE_CURVE('',#633,#631,#527,.T.);
#779=EDGE_CURVE('',#630,#632,#528,.T.);
#780=EDGE_CURVE('',#634,#633,#308,.T.);
#781=EDGE_CURVE('',#635,#634,#309,.T.);
#782=EDGE_CURVE('',#635,#636,#310,.T.);
#783=EDGE_CURVE('',#637,#636,#311,.T.);
#784=EDGE_CURVE('',#593,#637,#312,.T.);
#785=EDGE_CURVE('',#632,#638,#89,.T.);
#786=EDGE_CURVE('',#639,#638,#313,.T.);
#787=EDGE_CURVE('',#634,#639,#90,.F.);
#788=EDGE_CURVE('',#640,#637,#314,.T.);
#789=EDGE_CURVE('',#641,#640,#315,.T.);
#790=EDGE_CURVE('',#641,#642,#316,.T.);
#791=EDGE_CURVE('',#643,#642,#317,.T.);
#792=EDGE_CURVE('',#584,#643,#318,.T.);
#793=EDGE_CURVE('',#644,#628,#319,.T.);
#794=EDGE_CURVE('',#644,#645,#320,.T.);
#795=EDGE_CURVE('',#645,#646,#321,.T.);
#796=EDGE_CURVE('',#629,#646,#322,.T.);
#797=EDGE_CURVE('',#644,#607,#529,.T.);
#798=EDGE_CURVE('',#587,#647,#323,.T.);
#799=EDGE_CURVE('',#648,#647,#530,.F.);
#800=EDGE_CURVE('',#625,#648,#324,.T.);
#801=EDGE_CURVE('',#586,#649,#325,.T.);
#802=EDGE_CURVE('',#649,#650,#326,.T.);
#803=EDGE_CURVE('',#650,#651,#531,.T.);
#804=EDGE_CURVE('',#651,#647,#327,.T.);
#805=EDGE_CURVE('',#652,#652,#532,.T.);
#806=EDGE_CURVE('',#653,#634,#328,.T.);
#807=EDGE_CURVE('',#653,#654,#329,.T.);
#808=EDGE_CURVE('',#654,#655,#533,.T.);
#809=EDGE_CURVE('',#655,#656,#330,.T.);
#810=EDGE_CURVE('',#656,#635,#331,.T.);
#811=EDGE_CURVE('',#657,#657,#534,.T.);
#812=EDGE_CURVE('',#646,#658,#535,.T.);
#813=EDGE_CURVE('',#658,#659,#332,.T.);
#814=EDGE_CURVE('',#630,#659,#333,.T.);
#815=EDGE_CURVE('',#660,#660,#536,.T.);
#816=EDGE_CURVE('',#661,#659,#537,.F.);
#817=EDGE_CURVE('',#638,#661,#334,.T.);
#818=EDGE_CURVE('',#662,#653,#538,.T.);
#819=EDGE_CURVE('',#662,#639,#335,.T.);
#820=EDGE_CURVE('',#648,#624,#336,.T.);
#821=EDGE_CURVE('',#663,#663,#539,.T.);
#822=EDGE_CURVE('',#664,#651,#337,.T.);
#823=EDGE_CURVE('',#665,#664,#338,.T.);
#824=EDGE_CURVE('',#665,#666,#339,.T.);
#825=EDGE_CURVE('',#666,#621,#340,.T.);
#826=EDGE_CURVE('',#661,#662,#341,.T.);
#827=EDGE_CURVE('',#667,#667,#540,.T.);
#828=EDGE_CURVE('',#604,#668,#541,.T.);
#829=EDGE_CURVE('',#668,#669,#542,.T.);
#830=EDGE_CURVE('',#669,#605,#543,.T.);
#831=EDGE_CURVE('',#670,#606,#544,.T.);
#832=EDGE_CURVE('',#669,#670,#342,.T.);
#833=EDGE_CURVE('',#670,#644,#545,.T.);
#834=EDGE_CURVE('',#665,#601,#546,.T.);
#835=EDGE_CURVE('',#617,#665,#547,.T.);
#836=EDGE_CURVE('',#664,#602,#548,.T.);
#837=EDGE_CURVE('',#671,#603,#549,.T.);
#838=EDGE_CURVE('',#664,#671,#550,.T.);
#839=EDGE_CURVE('',#671,#668,#343,.T.);
#840=EDGE_CURVE('',#670,#672,#344,.T.);
#841=EDGE_CURVE('',#645,#672,#551,.T.);
#842=EDGE_CURVE('',#672,#658,#345,.T.);
#843=EDGE_CURVE('',#669,#654,#346,.T.);
#844=EDGE_CURVE('',#668,#655,#347,.T.);
#845=EDGE_CURVE('',#635,#673,#552,.F.);
#846=EDGE_CURVE('',#656,#674,#553,.T.);
#847=EDGE_CURVE('',#674,#673,#348,.T.);
#848=EDGE_CURVE('',#586,#675,#554,.T.);
#849=EDGE_CURVE('',#675,#676,#349,.T.);
#850=EDGE_CURVE('',#676,#649,#555,.T.);
#851=EDGE_CURVE('',#674,#676,#350,.T.);
#852=EDGE_CURVE('',#675,#673,#351,.T.);
#853=EDGE_CURVE('',#652,#677,#352,.T.);
#854=EDGE_CURVE('',#677,#677,#556,.T.);
#855=EDGE_CURVE('',#622,#678,#353,.T.);
#856=EDGE_CURVE('',#678,#678,#557,.T.);
#857=EDGE_CURVE('',#663,#679,#354,.T.);
#858=EDGE_CURVE('',#679,#679,#558,.T.);
#859=EDGE_CURVE('',#666,#619,#559,.T.);
#860=EDGE_CURVE('',#680,#681,#355,.T.);
#861=EDGE_CURVE('',#681,#682,#560,.T.);
#862=EDGE_CURVE('',#682,#585,#356,.T.);
#863=EDGE_CURVE('',#643,#680,#561,.T.);
#864=EDGE_CURVE('',#683,#684,#357,.T.);
#865=EDGE_CURVE('',#684,#640,#562,.T.);
#866=EDGE_CURVE('',#636,#685,#358,.T.);
#867=EDGE_CURVE('',#685,#683,#563,.T.);
#868=EDGE_CURVE('',#686,#686,#564,.T.);
#869=EDGE_CURVE('',#687,#687,#565,.T.);
#870=EDGE_CURVE('',#688,#688,#566,.T.);
#871=EDGE_CURVE('',#660,#687,#359,.T.);
#872=EDGE_CURVE('',#667,#686,#360,.T.);
#873=EDGE_CURVE('',#657,#688,#361,.T.);
#874=EDGE_CURVE('',#671,#650,#362,.T.);
#875=EDGE_CURVE('',#689,#641,#567,.T.);
#876=EDGE_CURVE('',#684,#689,#363,.T.);
#877=EDGE_CURVE('',#642,#690,#568,.T.);
#878=EDGE_CURVE('',#690,#680,#364,.T.);
#879=EDGE_CURVE('',#690,#691,#365,.T.);
#880=EDGE_CURVE('',#681,#691,#366,.T.);
#881=EDGE_CURVE('',#691,#692,#569,.T.);
#882=EDGE_CURVE('',#692,#682,#367,.T.);
#883=EDGE_CURVE('',#692,#693,#368,.T.);
#884=EDGE_CURVE('',#685,#693,#369,.T.);
#885=EDGE_CURVE('',#693,#694,#570,.T.);
#886=EDGE_CURVE('',#694,#683,#370,.T.);
#887=EDGE_CURVE('',#694,#689,#371,.T.);
#888=EDGE_CURVE('',#613,#695,#372,.T.);
#889=EDGE_CURVE('',#695,#695,#571,.T.);
#890=EDGE_CURVE('',#612,#696,#373,.T.);
#891=EDGE_CURVE('',#696,#696,#572,.T.);
#892=EDGE_CURVE('',#611,#697,#374,.T.);
#893=EDGE_CURVE('',#697,#697,#573,.T.);
#894=EDGE_CURVE('',#610,#698,#375,.T.);
#895=EDGE_CURVE('',#698,#698,#574,.T.);
#896=EDGE_CURVE('',#609,#699,#376,.T.);
#897=EDGE_CURVE('',#699,#699,#575,.T.);
#898=EDGE_CURVE('',#608,#700,#377,.T.);
#899=EDGE_CURVE('',#700,#700,#576,.T.);
#900=EDGE_CURVE('',#701,#702,#378,.T.);
#901=EDGE_CURVE('',#702,#596,#379,.T.);
#902=EDGE_CURVE('',#701,#599,#380,.T.);
#903=EDGE_CURVE('',#703,#701,#381,.T.);
#904=EDGE_CURVE('',#703,#598,#382,.T.);
#905=EDGE_CURVE('',#704,#703,#383,.T.);
#906=EDGE_CURVE('',#704,#597,#384,.T.);
#907=EDGE_CURVE('',#702,#704,#385,.T.);
#908=ORIENTED_EDGE('',*,*,#705,.T.);
#909=ORIENTED_EDGE('',*,*,#706,.T.);
#910=ORIENTED_EDGE('',*,*,#707,.T.);
#911=ORIENTED_EDGE('',*,*,#708,.T.);
#912=ORIENTED_EDGE('',*,*,#705,.F.);
#913=ORIENTED_EDGE('',*,*,#709,.T.);
#914=ORIENTED_EDGE('',*,*,#710,.T.);
#915=ORIENTED_EDGE('',*,*,#709,.F.);
#916=ORIENTED_EDGE('',*,*,#711,.T.);
#917=ORIENTED_EDGE('',*,*,#712,.T.);
#918=ORIENTED_EDGE('',*,*,#713,.T.);
#919=ORIENTED_EDGE('',*,*,#708,.F.);
#920=ORIENTED_EDGE('',*,*,#714,.F.);
#921=ORIENTED_EDGE('',*,*,#715,.F.);
#922=ORIENTED_EDGE('',*,*,#716,.T.);
#923=ORIENTED_EDGE('',*,*,#717,.F.);
#924=ORIENTED_EDGE('',*,*,#718,.F.);
#925=ORIENTED_EDGE('',*,*,#719,.F.);
#926=ORIENTED_EDGE('',*,*,#720,.F.);
#927=ORIENTED_EDGE('',*,*,#721,.F.);
#928=ORIENTED_EDGE('',*,*,#711,.F.);
#929=ORIENTED_EDGE('',*,*,#722,.T.);
#930=ORIENTED_EDGE('',*,*,#723,.T.);
#931=ORIENTED_EDGE('',*,*,#724,.T.);
#932=ORIENTED_EDGE('',*,*,#725,.T.);
#933=ORIENTED_EDGE('',*,*,#726,.T.);
#934=ORIENTED_EDGE('',*,*,#727,.T.);
#935=ORIENTED_EDGE('',*,*,#722,.F.);
#936=ORIENTED_EDGE('',*,*,#728,.T.);
#937=ORIENTED_EDGE('',*,*,#729,.T.);
#938=ORIENTED_EDGE('',*,*,#730,.T.);
#939=ORIENTED_EDGE('',*,*,#731,.T.);
#940=ORIENTED_EDGE('',*,*,#710,.F.);
#941=ORIENTED_EDGE('',*,*,#732,.F.);
#942=ORIENTED_EDGE('',*,*,#733,.F.);
#943=ORIENTED_EDGE('',*,*,#734,.F.);
#944=ORIENTED_EDGE('',*,*,#735,.F.);
#945=ORIENTED_EDGE('',*,*,#736,.F.);
#946=ORIENTED_EDGE('',*,*,#737,.F.);
#947=ORIENTED_EDGE('',*,*,#738,.F.);
#948=ORIENTED_EDGE('',*,*,#739,.F.);
#949=ORIENTED_EDGE('',*,*,#740,.F.);
#950=ORIENTED_EDGE('',*,*,#726,.F.);
#951=ORIENTED_EDGE('',*,*,#725,.F.);
#952=ORIENTED_EDGE('',*,*,#741,.F.);
#953=ORIENTED_EDGE('',*,*,#706,.F.);
#954=ORIENTED_EDGE('',*,*,#742,.T.);
#955=ORIENTED_EDGE('',*,*,#743,.T.);
#956=ORIENTED_EDGE('',*,*,#744,.T.);
#957=ORIENTED_EDGE('',*,*,#745,.T.);
#958=ORIENTED_EDGE('',*,*,#746,.T.);
#959=ORIENTED_EDGE('',*,*,#747,.T.);
#960=ORIENTED_EDGE('',*,*,#748,.T.);
#961=ORIENTED_EDGE('',*,*,#712,.F.);
#962=ORIENTED_EDGE('',*,*,#721,.T.);
#963=ORIENTED_EDGE('',*,*,#749,.T.);
#964=ORIENTED_EDGE('',*,*,#720,.T.);
#965=ORIENTED_EDGE('',*,*,#750,.T.);
#966=ORIENTED_EDGE('',*,*,#751,.T.);
#967=ORIENTED_EDGE('',*,*,#749,.F.);
#968=ORIENTED_EDGE('',*,*,#752,.T.);
#969=ORIENTED_EDGE('',*,*,#753,.T.);
#970=ORIENTED_EDGE('',*,*,#750,.F.);
#971=ORIENTED_EDGE('',*,*,#719,.T.);
#972=ORIENTED_EDGE('',*,*,#713,.F.);
#973=ORIENTED_EDGE('',*,*,#754,.T.);
#974=ORIENTED_EDGE('',*,*,#755,.T.);
#975=ORIENTED_EDGE('',*,*,#732,.T.);
#976=ORIENTED_EDGE('',*,*,#748,.F.);
#977=ORIENTED_EDGE('',*,*,#756,.F.);
#978=ORIENTED_EDGE('',*,*,#757,.F.);
#979=ORIENTED_EDGE('',*,*,#758,.F.);
#980=ORIENTED_EDGE('',*,*,#754,.F.);
#981=ORIENTED_EDGE('',*,*,#751,.F.);
#982=ORIENTED_EDGE('',*,*,#759,.F.);
#983=ORIENTED_EDGE('',*,*,#760,.T.);
#984=ORIENTED_EDGE('',*,*,#761,.T.);
#985=ORIENTED_EDGE('',*,*,#756,.T.);
#986=ORIENTED_EDGE('',*,*,#762,.T.);
#987=ORIENTED_EDGE('',*,*,#753,.F.);
#988=ORIENTED_EDGE('',*,*,#763,.T.);
#989=ORIENTED_EDGE('',*,*,#764,.F.);
#990=ORIENTED_EDGE('',*,*,#765,.T.);
#991=ORIENTED_EDGE('',*,*,#759,.T.);
#992=ORIENTED_EDGE('',*,*,#752,.F.);
#993=ORIENTED_EDGE('',*,*,#718,.T.);
#994=ORIENTED_EDGE('',*,*,#766,.T.);
#995=ORIENTED_EDGE('',*,*,#767,.F.);
#996=ORIENTED_EDGE('',*,*,#763,.F.);
#997=ORIENTED_EDGE('',*,*,#768,.T.);
#998=ORIENTED_EDGE('',*,*,#769,.T.);
#999=ORIENTED_EDGE('',*,*,#770,.T.);
#1000=ORIENTED_EDGE('',*,*,#771,.T.);
#1001=ORIENTED_EDGE('',*,*,#727,.F.);
#1002=ORIENTED_EDGE('',*,*,#772,.T.);
#1003=ORIENTED_EDGE('',*,*,#769,.F.);
#1004=ORIENTED_EDGE('',*,*,#773,.T.);
#1005=ORIENTED_EDGE('',*,*,#774,.T.);
#1006=ORIENTED_EDGE('',*,*,#775,.T.);
#1007=ORIENTED_EDGE('',*,*,#776,.T.);
#1008=ORIENTED_EDGE('',*,*,#771,.F.);
#1009=ORIENTED_EDGE('',*,*,#777,.T.);
#1010=ORIENTED_EDGE('',*,*,#778,.T.);
#1011=ORIENTED_EDGE('',*,*,#775,.F.);
#1012=ORIENTED_EDGE('',*,*,#779,.T.);
#1013=ORIENTED_EDGE('',*,*,#723,.F.);
#1014=ORIENTED_EDGE('',*,*,#773,.F.);
#1015=ORIENTED_EDGE('',*,*,#768,.F.);
#1016=ORIENTED_EDGE('',*,*,#776,.F.);
#1017=ORIENTED_EDGE('',*,*,#778,.F.);
#1018=ORIENTED_EDGE('',*,*,#780,.F.);
#1019=ORIENTED_EDGE('',*,*,#781,.F.);
#1020=ORIENTED_EDGE('',*,*,#782,.T.);
#1021=ORIENTED_EDGE('',*,*,#783,.F.);
#1022=ORIENTED_EDGE('',*,*,#784,.F.);
#1023=ORIENTED_EDGE('',*,*,#777,.F.);
#1024=ORIENTED_EDGE('',*,*,#785,.T.);
#1025=ORIENTED_EDGE('',*,*,#786,.F.);
#1026=ORIENTED_EDGE('',*,*,#787,.F.);
#1027=ORIENTED_EDGE('',*,*,#780,.T.);
#1028=ORIENTED_EDGE('',*,*,#714,.T.);
#1029=ORIENTED_EDGE('',*,*,#707,.F.);
#1030=ORIENTED_EDGE('',*,*,#741,.T.);
#1031=ORIENTED_EDGE('',*,*,#724,.F.);
#1032=ORIENTED_EDGE('',*,*,#784,.T.);
#1033=ORIENTED_EDGE('',*,*,#788,.F.);
#1034=ORIENTED_EDGE('',*,*,#789,.F.);
#1035=ORIENTED_EDGE('',*,*,#790,.T.);
#1036=ORIENTED_EDGE('',*,*,#791,.F.);
#1037=ORIENTED_EDGE('',*,*,#792,.F.);
#1038=ORIENTED_EDGE('',*,*,#770,.F.);
#1039=ORIENTED_EDGE('',*,*,#793,.F.);
#1040=ORIENTED_EDGE('',*,*,#794,.T.);
#1041=ORIENTED_EDGE('',*,*,#795,.T.);
#1042=ORIENTED_EDGE('',*,*,#796,.F.);
#1043=ORIENTED_EDGE('',*,*,#772,.F.);
#1044=ORIENTED_EDGE('',*,*,#740,.T.);
#1045=ORIENTED_EDGE('',*,*,#797,.F.);
#1046=ORIENTED_EDGE('',*,*,#793,.T.);
#1047=ORIENTED_EDGE('',*,*,#766,.F.);
#1048=ORIENTED_EDGE('',*,*,#798,.T.);
#1049=ORIENTED_EDGE('',*,*,#799,.F.);
#1050=ORIENTED_EDGE('',*,*,#800,.F.);
#1051=ORIENTED_EDGE('',*,*,#798,.F.);
#1052=ORIENTED_EDGE('',*,*,#717,.T.);
#1053=ORIENTED_EDGE('',*,*,#801,.T.);
#1054=ORIENTED_EDGE('',*,*,#802,.T.);
#1055=ORIENTED_EDGE('',*,*,#803,.T.);
#1056=ORIENTED_EDGE('',*,*,#804,.T.);
#1057=ORIENTED_EDGE('',*,*,#805,.T.);
#1058=ORIENTED_EDGE('',*,*,#806,.F.);
#1059=ORIENTED_EDGE('',*,*,#807,.T.);
#1060=ORIENTED_EDGE('',*,*,#808,.T.);
#1061=ORIENTED_EDGE('',*,*,#809,.T.);
#1062=ORIENTED_EDGE('',*,*,#810,.T.);
#1063=ORIENTED_EDGE('',*,*,#781,.T.);
#1064=ORIENTED_EDGE('',*,*,#811,.T.);
#1065=ORIENTED_EDGE('',*,*,#774,.F.);
#1066=ORIENTED_EDGE('',*,*,#796,.T.);
#1067=ORIENTED_EDGE('',*,*,#812,.T.);
#1068=ORIENTED_EDGE('',*,*,#813,.T.);
#1069=ORIENTED_EDGE('',*,*,#814,.F.);
#1070=ORIENTED_EDGE('',*,*,#815,.T.);
#1071=ORIENTED_EDGE('',*,*,#779,.F.);
#1072=ORIENTED_EDGE('',*,*,#814,.T.);
#1073=ORIENTED_EDGE('',*,*,#816,.F.);
#1074=ORIENTED_EDGE('',*,*,#817,.F.);
#1075=ORIENTED_EDGE('',*,*,#785,.F.);
#1076=ORIENTED_EDGE('',*,*,#818,.T.);
#1077=ORIENTED_EDGE('',*,*,#806,.T.);
#1078=ORIENTED_EDGE('',*,*,#787,.T.);
#1079=ORIENTED_EDGE('',*,*,#819,.F.);
#1080=ORIENTED_EDGE('',*,*,#800,.T.);
#1081=ORIENTED_EDGE('',*,*,#820,.T.);
#1082=ORIENTED_EDGE('',*,*,#764,.T.);
#1083=ORIENTED_EDGE('',*,*,#767,.T.);
#1084=ORIENTED_EDGE('',*,*,#821,.T.);
#1085=ORIENTED_EDGE('',*,*,#804,.F.);
#1086=ORIENTED_EDGE('',*,*,#822,.F.);
#1087=ORIENTED_EDGE('',*,*,#823,.F.);
#1088=ORIENTED_EDGE('',*,*,#824,.T.);
#1089=ORIENTED_EDGE('',*,*,#825,.T.);
#1090=ORIENTED_EDGE('',*,*,#760,.F.);
#1091=ORIENTED_EDGE('',*,*,#765,.F.);
#1092=ORIENTED_EDGE('',*,*,#820,.F.);
#1093=ORIENTED_EDGE('',*,*,#799,.T.);
#1094=ORIENTED_EDGE('',*,*,#817,.T.);
#1095=ORIENTED_EDGE('',*,*,#826,.T.);
#1096=ORIENTED_EDGE('',*,*,#819,.T.);
#1097=ORIENTED_EDGE('',*,*,#786,.T.);
#1098=ORIENTED_EDGE('',*,*,#827,.T.);
#1099=ORIENTED_EDGE('',*,*,#828,.T.);
#1100=ORIENTED_EDGE('',*,*,#829,.T.);
#1101=ORIENTED_EDGE('',*,*,#830,.T.);
#1102=ORIENTED_EDGE('',*,*,#737,.T.);
#1103=ORIENTED_EDGE('',*,*,#831,.T.);
#1104=ORIENTED_EDGE('',*,*,#738,.T.);
#1105=ORIENTED_EDGE('',*,*,#830,.F.);
#1106=ORIENTED_EDGE('',*,*,#832,.T.);
#1107=ORIENTED_EDGE('',*,*,#797,.T.);
#1108=ORIENTED_EDGE('',*,*,#739,.T.);
#1109=ORIENTED_EDGE('',*,*,#831,.F.);
#1110=ORIENTED_EDGE('',*,*,#833,.T.);
#1111=ORIENTED_EDGE('',*,*,#834,.T.);
#1112=ORIENTED_EDGE('',*,*,#733,.T.);
#1113=ORIENTED_EDGE('',*,*,#755,.F.);
#1114=ORIENTED_EDGE('',*,*,#835,.T.);
#1115=ORIENTED_EDGE('',*,*,#836,.T.);
#1116=ORIENTED_EDGE('',*,*,#734,.T.);
#1117=ORIENTED_EDGE('',*,*,#834,.F.);
#1118=ORIENTED_EDGE('',*,*,#823,.T.);
#1119=ORIENTED_EDGE('',*,*,#837,.T.);
#1120=ORIENTED_EDGE('',*,*,#735,.T.);
#1121=ORIENTED_EDGE('',*,*,#836,.F.);
#1122=ORIENTED_EDGE('',*,*,#838,.T.);
#1123=ORIENTED_EDGE('',*,*,#828,.F.);
#1124=ORIENTED_EDGE('',*,*,#736,.T.);
#1125=ORIENTED_EDGE('',*,*,#837,.F.);
#1126=ORIENTED_EDGE('',*,*,#839,.T.);
#1127=ORIENTED_EDGE('',*,*,#833,.F.);
#1128=ORIENTED_EDGE('',*,*,#840,.T.);
#1129=ORIENTED_EDGE('',*,*,#841,.F.);
#1130=ORIENTED_EDGE('',*,*,#794,.F.);
#1131=ORIENTED_EDGE('',*,*,#813,.F.);
#1132=ORIENTED_EDGE('',*,*,#842,.F.);
#1133=ORIENTED_EDGE('',*,*,#840,.F.);
#1134=ORIENTED_EDGE('',*,*,#832,.F.);
#1135=ORIENTED_EDGE('',*,*,#843,.T.);
#1136=ORIENTED_EDGE('',*,*,#807,.F.);
#1137=ORIENTED_EDGE('',*,*,#818,.F.);
#1138=ORIENTED_EDGE('',*,*,#826,.F.);
#1139=ORIENTED_EDGE('',*,*,#816,.T.);
#1140=ORIENTED_EDGE('',*,*,#829,.F.);
#1141=ORIENTED_EDGE('',*,*,#844,.T.);
#1142=ORIENTED_EDGE('',*,*,#808,.F.);
#1143=ORIENTED_EDGE('',*,*,#843,.F.);
#1144=ORIENTED_EDGE('',*,*,#845,.F.);
#1145=ORIENTED_EDGE('',*,*,#810,.F.);
#1146=ORIENTED_EDGE('',*,*,#846,.T.);
#1147=ORIENTED_EDGE('',*,*,#847,.T.);
#1148=ORIENTED_EDGE('',*,*,#848,.T.);
#1149=ORIENTED_EDGE('',*,*,#849,.T.);
#1150=ORIENTED_EDGE('',*,*,#850,.T.);
#1151=ORIENTED_EDGE('',*,*,#801,.F.);
#1152=ORIENTED_EDGE('',*,*,#847,.F.);
#1153=ORIENTED_EDGE('',*,*,#851,.T.);
#1154=ORIENTED_EDGE('',*,*,#849,.F.);
#1155=ORIENTED_EDGE('',*,*,#852,.T.);
#1156=ORIENTED_EDGE('',*,*,#805,.F.);
#1157=ORIENTED_EDGE('',*,*,#853,.T.);
#1158=ORIENTED_EDGE('',*,*,#854,.T.);
#1159=ORIENTED_EDGE('',*,*,#853,.F.);
#1160=ORIENTED_EDGE('',*,*,#762,.F.);
#1161=ORIENTED_EDGE('',*,*,#855,.T.);
#1162=ORIENTED_EDGE('',*,*,#856,.T.);
#1163=ORIENTED_EDGE('',*,*,#855,.F.);
#1164=ORIENTED_EDGE('',*,*,#821,.F.);
#1165=ORIENTED_EDGE('',*,*,#857,.T.);
#1166=ORIENTED_EDGE('',*,*,#858,.T.);
#1167=ORIENTED_EDGE('',*,*,#857,.F.);
#1168=ORIENTED_EDGE('',*,*,#859,.T.);
#1169=ORIENTED_EDGE('',*,*,#757,.T.);
#1170=ORIENTED_EDGE('',*,*,#761,.F.);
#1171=ORIENTED_EDGE('',*,*,#825,.F.);
#1172=ORIENTED_EDGE('',*,*,#860,.T.);
#1173=ORIENTED_EDGE('',*,*,#861,.T.);
#1174=ORIENTED_EDGE('',*,*,#862,.T.);
#1175=ORIENTED_EDGE('',*,*,#715,.T.);
#1176=ORIENTED_EDGE('',*,*,#792,.T.);
#1177=ORIENTED_EDGE('',*,*,#863,.T.);
#1178=ORIENTED_EDGE('',*,*,#858,.F.);
#1179=ORIENTED_EDGE('',*,*,#856,.F.);
#1180=ORIENTED_EDGE('',*,*,#854,.F.);
#1181=ORIENTED_EDGE('',*,*,#864,.T.);
#1182=ORIENTED_EDGE('',*,*,#865,.T.);
#1183=ORIENTED_EDGE('',*,*,#788,.T.);
#1184=ORIENTED_EDGE('',*,*,#783,.T.);
#1185=ORIENTED_EDGE('',*,*,#866,.T.);
#1186=ORIENTED_EDGE('',*,*,#867,.T.);
#1187=ORIENTED_EDGE('',*,*,#868,.F.);
#1188=ORIENTED_EDGE('',*,*,#869,.F.);
#1189=ORIENTED_EDGE('',*,*,#870,.F.);
#1190=ORIENTED_EDGE('',*,*,#815,.F.);
#1191=ORIENTED_EDGE('',*,*,#871,.T.);
#1192=ORIENTED_EDGE('',*,*,#869,.T.);
#1193=ORIENTED_EDGE('',*,*,#871,.F.);
#1194=ORIENTED_EDGE('',*,*,#827,.F.);
#1195=ORIENTED_EDGE('',*,*,#872,.T.);
#1196=ORIENTED_EDGE('',*,*,#868,.T.);
#1197=ORIENTED_EDGE('',*,*,#872,.F.);
#1198=ORIENTED_EDGE('',*,*,#811,.F.);
#1199=ORIENTED_EDGE('',*,*,#873,.T.);
#1200=ORIENTED_EDGE('',*,*,#870,.T.);
#1201=ORIENTED_EDGE('',*,*,#873,.F.);
#1202=ORIENTED_EDGE('',*,*,#841,.T.);
#1203=ORIENTED_EDGE('',*,*,#842,.T.);
#1204=ORIENTED_EDGE('',*,*,#812,.F.);
#1205=ORIENTED_EDGE('',*,*,#795,.F.);
#1206=ORIENTED_EDGE('',*,*,#835,.F.);
#1207=ORIENTED_EDGE('',*,*,#758,.T.);
#1208=ORIENTED_EDGE('',*,*,#859,.F.);
#1209=ORIENTED_EDGE('',*,*,#824,.F.);
#1210=ORIENTED_EDGE('',*,*,#838,.F.);
#1211=ORIENTED_EDGE('',*,*,#822,.T.);
#1212=ORIENTED_EDGE('',*,*,#803,.F.);
#1213=ORIENTED_EDGE('',*,*,#874,.F.);
#1214=ORIENTED_EDGE('',*,*,#839,.F.);
#1215=ORIENTED_EDGE('',*,*,#874,.T.);
#1216=ORIENTED_EDGE('',*,*,#802,.F.);
#1217=ORIENTED_EDGE('',*,*,#850,.F.);
#1218=ORIENTED_EDGE('',*,*,#851,.F.);
#1219=ORIENTED_EDGE('',*,*,#846,.F.);
#1220=ORIENTED_EDGE('',*,*,#809,.F.);
#1221=ORIENTED_EDGE('',*,*,#844,.F.);
#1222=ORIENTED_EDGE('',*,*,#875,.T.);
#1223=ORIENTED_EDGE('',*,*,#789,.T.);
#1224=ORIENTED_EDGE('',*,*,#865,.F.);
#1225=ORIENTED_EDGE('',*,*,#876,.T.);
#1226=ORIENTED_EDGE('',*,*,#877,.T.);
#1227=ORIENTED_EDGE('',*,*,#878,.T.);
#1228=ORIENTED_EDGE('',*,*,#863,.F.);
#1229=ORIENTED_EDGE('',*,*,#791,.T.);
#1230=ORIENTED_EDGE('',*,*,#878,.F.);
#1231=ORIENTED_EDGE('',*,*,#879,.T.);
#1232=ORIENTED_EDGE('',*,*,#880,.F.);
#1233=ORIENTED_EDGE('',*,*,#860,.F.);
#1234=ORIENTED_EDGE('',*,*,#881,.T.);
#1235=ORIENTED_EDGE('',*,*,#882,.T.);
#1236=ORIENTED_EDGE('',*,*,#861,.F.);
#1237=ORIENTED_EDGE('',*,*,#880,.T.);
#1238=ORIENTED_EDGE('',*,*,#882,.F.);
#1239=ORIENTED_EDGE('',*,*,#883,.T.);
#1240=ORIENTED_EDGE('',*,*,#884,.F.);
#1241=ORIENTED_EDGE('',*,*,#866,.F.);
#1242=ORIENTED_EDGE('',*,*,#782,.F.);
#1243=ORIENTED_EDGE('',*,*,#845,.T.);
#1244=ORIENTED_EDGE('',*,*,#852,.F.);
#1245=ORIENTED_EDGE('',*,*,#848,.F.);
#1246=ORIENTED_EDGE('',*,*,#716,.F.);
#1247=ORIENTED_EDGE('',*,*,#862,.F.);
#1248=ORIENTED_EDGE('',*,*,#885,.T.);
#1249=ORIENTED_EDGE('',*,*,#886,.T.);
#1250=ORIENTED_EDGE('',*,*,#867,.F.);
#1251=ORIENTED_EDGE('',*,*,#884,.T.);
#1252=ORIENTED_EDGE('',*,*,#876,.F.);
#1253=ORIENTED_EDGE('',*,*,#864,.F.);
#1254=ORIENTED_EDGE('',*,*,#886,.F.);
#1255=ORIENTED_EDGE('',*,*,#887,.T.);
#1256=ORIENTED_EDGE('',*,*,#747,.F.);
#1257=ORIENTED_EDGE('',*,*,#888,.T.);
#1258=ORIENTED_EDGE('',*,*,#889,.T.);
#1259=ORIENTED_EDGE('',*,*,#888,.F.);
#1260=ORIENTED_EDGE('',*,*,#746,.F.);
#1261=ORIENTED_EDGE('',*,*,#890,.T.);
#1262=ORIENTED_EDGE('',*,*,#891,.T.);
#1263=ORIENTED_EDGE('',*,*,#890,.F.);
#1264=ORIENTED_EDGE('',*,*,#745,.F.);
#1265=ORIENTED_EDGE('',*,*,#892,.T.);
#1266=ORIENTED_EDGE('',*,*,#893,.T.);
#1267=ORIENTED_EDGE('',*,*,#892,.F.);
#1268=ORIENTED_EDGE('',*,*,#744,.F.);
#1269=ORIENTED_EDGE('',*,*,#894,.T.);
#1270=ORIENTED_EDGE('',*,*,#895,.T.);
#1271=ORIENTED_EDGE('',*,*,#894,.F.);
#1272=ORIENTED_EDGE('',*,*,#743,.F.);
#1273=ORIENTED_EDGE('',*,*,#896,.T.);
#1274=ORIENTED_EDGE('',*,*,#897,.T.);
#1275=ORIENTED_EDGE('',*,*,#896,.F.);
#1276=ORIENTED_EDGE('',*,*,#742,.F.);
#1277=ORIENTED_EDGE('',*,*,#898,.T.);
#1278=ORIENTED_EDGE('',*,*,#899,.T.);
#1279=ORIENTED_EDGE('',*,*,#898,.F.);
#1280=ORIENTED_EDGE('',*,*,#900,.T.);
#1281=ORIENTED_EDGE('',*,*,#901,.T.);
#1282=ORIENTED_EDGE('',*,*,#731,.F.);
#1283=ORIENTED_EDGE('',*,*,#902,.F.);
#1284=ORIENTED_EDGE('',*,*,#903,.T.);
#1285=ORIENTED_EDGE('',*,*,#902,.T.);
#1286=ORIENTED_EDGE('',*,*,#730,.F.);
#1287=ORIENTED_EDGE('',*,*,#904,.F.);
#1288=ORIENTED_EDGE('',*,*,#905,.T.);
#1289=ORIENTED_EDGE('',*,*,#904,.T.);
#1290=ORIENTED_EDGE('',*,*,#729,.F.);
#1291=ORIENTED_EDGE('',*,*,#906,.F.);
#1292=ORIENTED_EDGE('',*,*,#907,.T.);
#1293=ORIENTED_EDGE('',*,*,#906,.T.);
#1294=ORIENTED_EDGE('',*,*,#728,.F.);
#1295=ORIENTED_EDGE('',*,*,#901,.F.);
#1296=ORIENTED_EDGE('',*,*,#907,.F.);
#1297=ORIENTED_EDGE('',*,*,#900,.F.);
#1298=ORIENTED_EDGE('',*,*,#903,.F.);
#1299=ORIENTED_EDGE('',*,*,#905,.F.);
#1300=ORIENTED_EDGE('',*,*,#899,.F.);
#1301=ORIENTED_EDGE('',*,*,#897,.F.);
#1302=ORIENTED_EDGE('',*,*,#895,.F.);
#1303=ORIENTED_EDGE('',*,*,#893,.F.);
#1304=ORIENTED_EDGE('',*,*,#891,.F.);
#1305=ORIENTED_EDGE('',*,*,#885,.F.);
#1306=ORIENTED_EDGE('',*,*,#883,.F.);
#1307=ORIENTED_EDGE('',*,*,#881,.F.);
#1308=ORIENTED_EDGE('',*,*,#879,.F.);
#1309=ORIENTED_EDGE('',*,*,#877,.F.);
#1310=ORIENTED_EDGE('',*,*,#790,.F.);
#1311=ORIENTED_EDGE('',*,*,#875,.F.);
#1312=ORIENTED_EDGE('',*,*,#887,.F.);
#1313=ORIENTED_EDGE('',*,*,#889,.F.);
#1314=CYLINDRICAL_SURFACE('',#1447,1.);
#1315=CYLINDRICAL_SURFACE('',#1456,1.);
#1316=CYLINDRICAL_SURFACE('',#1470,1.);
#1317=CYLINDRICAL_SURFACE('',#1472,1.);
#1318=CYLINDRICAL_SURFACE('',#1476,2.);
#1319=CYLINDRICAL_SURFACE('',#1482,3.);
#1320=CYLINDRICAL_SURFACE('',#1484,3.);
#1321=CYLINDRICAL_SURFACE('',#1485,1.);
#1322=CYLINDRICAL_SURFACE('',#1491,1.);
#1323=CYLINDRICAL_SURFACE('',#1497,3.);
#1324=CYLINDRICAL_SURFACE('',#1500,2.);
#1325=CYLINDRICAL_SURFACE('',#1502,3.);
#1326=CYLINDRICAL_SURFACE('',#1513,3.);
#1327=CYLINDRICAL_SURFACE('',#1515,3.);
#1328=CYLINDRICAL_SURFACE('',#1526,2.);
#1329=CYLINDRICAL_SURFACE('',#1533,2.);
#1330=CYLINDRICAL_SURFACE('',#1538,2.);
#1331=CYLINDRICAL_SURFACE('',#1539,4.);
#1332=CYLINDRICAL_SURFACE('',#1542,4.);
#1333=CYLINDRICAL_SURFACE('',#1543,2.);
#1334=CYLINDRICAL_SURFACE('',#1546,2.);
#1335=CYLINDRICAL_SURFACE('',#1550,1.3);
#1336=CYLINDRICAL_SURFACE('',#1552,1.3);
#1337=CYLINDRICAL_SURFACE('',#1554,1.75);
#1338=CYLINDRICAL_SURFACE('',#1556,3.99999753448852);
#1339=CYLINDRICAL_SURFACE('',#1567,1.3);
#1340=CYLINDRICAL_SURFACE('',#1568,1.75);
#1341=CYLINDRICAL_SURFACE('',#1569,1.3);
#1342=CYLINDRICAL_SURFACE('',#1570,3.99999753448851);
#1343=CYLINDRICAL_SURFACE('',#1571,4.);
#1344=CYLINDRICAL_SURFACE('',#1572,3.99999999999999);
#1345=CYLINDRICAL_SURFACE('',#1574,2.);
#1346=CYLINDRICAL_SURFACE('',#1576,2.);
#1347=CYLINDRICAL_SURFACE('',#1579,2.);
#1348=CYLINDRICAL_SURFACE('',#1582,2.);
#1349=CYLINDRICAL_SURFACE('',#1585,3.5);
#1350=CYLINDRICAL_SURFACE('',#1587,1.6);
#1351=CYLINDRICAL_SURFACE('',#1589,1.6);
#1352=CYLINDRICAL_SURFACE('',#1591,1.6);
#1353=CYLINDRICAL_SURFACE('',#1593,1.6);
#1354=CYLINDRICAL_SURFACE('',#1595,3.5);
#1355=ADVANCED_FACE('',(#93),#1314,.F.);
#1356=ADVANCED_FACE('',(#94),#91,.T.);
#1357=ADVANCED_FACE('',(#95),#73,.T.);
#1358=ADVANCED_FACE('',(#96),#47,.T.);
#1359=ADVANCED_FACE('',(#97),#1315,.F.);
#1360=ADVANCED_FACE('',(#98),#92,.T.);
#1361=ADVANCED_FACE('',(#99,#21,#22,#23,#24,#25,#26,#27),#48,.T.);
#1362=ADVANCED_FACE('',(#100),#1316,.T.);
#1363=ADVANCED_FACE('',(#101),#1317,.T.);
#1364=ADVANCED_FACE('',(#102),#74,.T.);
#1365=ADVANCED_FACE('',(#103),#1318,.F.);
#1366=ADVANCED_FACE('',(#104),#49,.T.);
#1367=ADVANCED_FACE('',(#105,#28),#50,.T.);
#1368=ADVANCED_FACE('',(#106),#1319,.F.);
#1369=ADVANCED_FACE('',(#107),#1320,.F.);
#1370=ADVANCED_FACE('',(#108),#1321,.T.);
#1371=ADVANCED_FACE('',(#109),#75,.T.);
#1372=ADVANCED_FACE('',(#110),#1322,.T.);
#1373=ADVANCED_FACE('',(#111),#76,.T.);
#1374=ADVANCED_FACE('',(#112),#51,.T.);
#1375=ADVANCED_FACE('',(#113),#1323,.F.);
#1376=ADVANCED_FACE('',(#114),#52,.T.);
#1377=ADVANCED_FACE('',(#115),#53,.T.);
#1378=ADVANCED_FACE('',(#116),#1324,.F.);
#1379=ADVANCED_FACE('',(#117),#1325,.F.);
#1380=ADVANCED_FACE('',(#118,#29),#54,.T.);
#1381=ADVANCED_FACE('',(#119,#30),#55,.T.);
#1382=ADVANCED_FACE('',(#120,#31),#56,.T.);
#1383=ADVANCED_FACE('',(#121),#1326,.F.);
#1384=ADVANCED_FACE('',(#122),#1327,.F.);
#1385=ADVANCED_FACE('',(#123,#32),#57,.T.);
#1386=ADVANCED_FACE('',(#124),#58,.T.);
#1387=ADVANCED_FACE('',(#125,#33),#59,.T.);
#1388=ADVANCED_FACE('',(#126),#77,.F.);
#1389=ADVANCED_FACE('',(#127),#1328,.F.);
#1390=ADVANCED_FACE('',(#128),#78,.F.);
#1391=ADVANCED_FACE('',(#129),#79,.F.);
#1392=ADVANCED_FACE('',(#130),#1329,.F.);
#1393=ADVANCED_FACE('',(#131),#80,.F.);
#1394=ADVANCED_FACE('',(#132),#1330,.F.);
#1395=ADVANCED_FACE('',(#133),#1331,.T.);
#1396=ADVANCED_FACE('',(#134),#60,.T.);
#1397=ADVANCED_FACE('',(#135),#1332,.T.);
#1398=ADVANCED_FACE('',(#136),#1333,.F.);
#1399=ADVANCED_FACE('',(#137),#1334,.F.);
#1400=ADVANCED_FACE('',(#138),#61,.T.);
#1401=ADVANCED_FACE('',(#139),#1335,.F.);
#1402=ADVANCED_FACE('',(#140),#1336,.F.);
#1403=ADVANCED_FACE('',(#141),#1337,.F.);
#1404=ADVANCED_FACE('',(#142),#1338,.T.);
#1405=ADVANCED_FACE('',(#143,#34,#35,#36),#62,.F.);
#1406=ADVANCED_FACE('',(#144,#37,#38,#39),#63,.F.);
#1407=ADVANCED_FACE('',(#145),#1339,.F.);
#1408=ADVANCED_FACE('',(#146),#1340,.F.);
#1409=ADVANCED_FACE('',(#147),#1341,.F.);
#1410=ADVANCED_FACE('',(#148),#1342,.T.);
#1411=ADVANCED_FACE('',(#149),#1343,.T.);
#1412=ADVANCED_FACE('',(#150),#1344,.T.);
#1413=ADVANCED_FACE('',(#151),#64,.T.);
#1414=ADVANCED_FACE('',(#152),#1345,.F.);
#1415=ADVANCED_FACE('',(#153),#1346,.F.);
#1416=ADVANCED_FACE('',(#154),#65,.T.);
#1417=ADVANCED_FACE('',(#155),#1347,.F.);
#1418=ADVANCED_FACE('',(#156),#66,.T.);
#1419=ADVANCED_FACE('',(#157),#1348,.F.);
#1420=ADVANCED_FACE('',(#158),#67,.T.);
#1421=ADVANCED_FACE('',(#159),#1349,.F.);
#1422=ADVANCED_FACE('',(#160),#1350,.F.);
#1423=ADVANCED_FACE('',(#161),#1351,.F.);
#1424=ADVANCED_FACE('',(#162),#1352,.F.);
#1425=ADVANCED_FACE('',(#163),#1353,.F.);
#1426=ADVANCED_FACE('',(#164),#1354,.F.);
#1427=ADVANCED_FACE('',(#165),#68,.T.);
#1428=ADVANCED_FACE('',(#166),#69,.T.);
#1429=ADVANCED_FACE('',(#167),#70,.T.);
#1430=ADVANCED_FACE('',(#168),#71,.T.);
#1431=ADVANCED_FACE('',(#169,#40,#41,#42,#43,#44,#45,#46),#72,.F.);
#1432=CLOSED_SHELL('',(#1355,#1356,#1357,#1358,#1359,#1360,#1361,#1362,
#1363,#1364,#1365,#1366,#1367,#1368,#1369,#1370,#1371,#1372,#1373,#1374,
#1375,#1376,#1377,#1378,#1379,#1380,#1381,#1382,#1383,#1384,#1385,#1386,
#1387,#1388,#1389,#1390,#1391,#1392,#1393,#1394,#1395,#1396,#1397,#1398,
#1399,#1400,#1401,#1402,#1403,#1404,#1405,#1406,#1407,#1408,#1409,#1410,
#1411,#1412,#1413,#1414,#1415,#1416,#1417,#1418,#1419,#1420,#1421,#1422,
#1423,#1424,#1425,#1426,#1427,#1428,#1429,#1430,#1431));
#1433=DERIVED_UNIT_ELEMENT(#1435,1.);
#1434=DERIVED_UNIT_ELEMENT(#2690,-3.);
#1435=(
MASS_UNIT()
NAMED_UNIT(*)
SI_UNIT(.KILO.,.GRAM.)
);
#1436=DERIVED_UNIT((#1433,#1434));
#1437=MEASURE_REPRESENTATION_ITEM('density measure',
POSITIVE_RATIO_MEASURE(7850.),#1436);
#1438=PROPERTY_DEFINITION_REPRESENTATION(#1443,#1440);
#1439=PROPERTY_DEFINITION_REPRESENTATION(#1444,#1441);
#1440=REPRESENTATION('material name',(#1442),#2687);
#1441=REPRESENTATION('density',(#1437),#2687);
#1442=DESCRIPTIVE_REPRESENTATION_ITEM('Steel','Steel');
#1443=PROPERTY_DEFINITION('material property','material name',#2702);
#1444=PROPERTY_DEFINITION('material property','density of part',#2702);
#1445=AXIS2_PLACEMENT_3D('',#2032,#1603,#1604);
#1446=AXIS2_PLACEMENT_3D('',#2033,#1605,#1606);
#1447=AXIS2_PLACEMENT_3D('',#2034,#1607,#1608);
#1448=AXIS2_PLACEMENT_3D('',#2037,#1609,#1610);
#1449=AXIS2_PLACEMENT_3D('',#2041,#1612,#1613);
#1450=AXIS2_PLACEMENT_3D('',#2128,#1615,#1616);
#1451=AXIS2_PLACEMENT_3D('',#2130,#1617,#1618);
#1452=AXIS2_PLACEMENT_3D('',#2132,#1619,#1620);
#1453=AXIS2_PLACEMENT_3D('',#2133,#1621,#1622);
#1454=AXIS2_PLACEMENT_3D('',#2134,#1623,#1624);
#1455=AXIS2_PLACEMENT_3D('',#2146,#1630,#1631);
#1456=AXIS2_PLACEMENT_3D('',#2150,#1634,#1635);
#1457=AXIS2_PLACEMENT_3D('',#2153,#1636,#1637);
#1458=AXIS2_PLACEMENT_3D('',#2157,#1639,#1640);
#1459=AXIS2_PLACEMENT_3D('',#2244,#1642,#1643);
#1460=AXIS2_PLACEMENT_3D('',#2256,#1649,#1650);
#1461=AXIS2_PLACEMENT_3D('',#2260,#1652,#1653);
#1462=AXIS2_PLACEMENT_3D('',#2264,#1655,#1656);
#1463=AXIS2_PLACEMENT_3D('',#2268,#1658,#1659);
#1464=AXIS2_PLACEMENT_3D('',#2272,#1662,#1663);
#1465=AXIS2_PLACEMENT_3D('',#2274,#1664,#1665);
#1466=AXIS2_PLACEMENT_3D('',#2276,#1666,#1667);
#1467=AXIS2_PLACEMENT_3D('',#2278,#1668,#1669);
#1468=AXIS2_PLACEMENT_3D('',#2280,#1670,#1671);
#1469=AXIS2_PLACEMENT_3D('',#2282,#1672,#1673);
#1470=AXIS2_PLACEMENT_3D('',#2283,#1674,#1675);
#1471=AXIS2_PLACEMENT_3D('',#2286,#1677,#1678);
#1472=AXIS2_PLACEMENT_3D('',#2287,#1679,#1680);
#1473=AXIS2_PLACEMENT_3D('',#2289,#1681,#1682);
#1474=AXIS2_PLACEMENT_3D('',#2291,#1684,#1685);
#1475=AXIS2_PLACEMENT_3D('',#2309,#1686,#1687);
#1476=AXIS2_PLACEMENT_3D('',#2310,#1688,#1689);
#1477=AXIS2_PLACEMENT_3D('',#2313,#1691,#1692);
#1478=AXIS2_PLACEMENT_3D('',#2314,#1693,#1694);
#1479=AXIS2_PLACEMENT_3D('',#2320,#1698,#1699);
#1480=AXIS2_PLACEMENT_3D('',#2325,#1702,#1703);
#1481=AXIS2_PLACEMENT_3D('',#2327,#1704,#1705);
#1482=AXIS2_PLACEMENT_3D('',#2328,#1706,#1707);
#1483=AXIS2_PLACEMENT_3D('',#2340,#1709,#1710);
#1484=AXIS2_PLACEMENT_3D('',#2341,#1711,#1712);
#1485=AXIS2_PLACEMENT_3D('',#2360,#1714,#1715);
#1486=AXIS2_PLACEMENT_3D('',#2365,#1717,#1718);
#1487=AXIS2_PLACEMENT_3D('',#2368,#1720,#1721);
#1488=AXIS2_PLACEMENT_3D('',#2369,#1722,#1723);
#1489=AXIS2_PLACEMENT_3D('',#2370,#1724,#1725);
#1490=AXIS2_PLACEMENT_3D('',#2371,#1726,#1727);
#1491=AXIS2_PLACEMENT_3D('',#2372,#1728,#1729);
#1492=AXIS2_PLACEMENT_3D('',#2376,#1731,#1732);
#1493=AXIS2_PLACEMENT_3D('',#2378,#1734,#1735);
#1494=AXIS2_PLACEMENT_3D('',#2399,#1736,#1737);
#1495=AXIS2_PLACEMENT_3D('',#2400,#1738,#1739);
#1496=AXIS2_PLACEMENT_3D('',#2401,#1740,#1741);
#1497=AXIS2_PLACEMENT_3D('',#2411,#1747,#1748);
#1498=AXIS2_PLACEMENT_3D('',#2441,#1750,#1751);
#1499=AXIS2_PLACEMENT_3D('',#2451,#1757,#1758);
#1500=AXIS2_PLACEMENT_3D('',#2459,#1763,#1764);
#1501=AXIS2_PLACEMENT_3D('',#2460,#1765,#1766);
#1502=AXIS2_PLACEMENT_3D('',#2461,#1767,#1768);
#1503=AXIS2_PLACEMENT_3D('',#2465,#1770,#1771);
#1504=AXIS2_PLACEMENT_3D('',#2467,#1773,#1774);
#1505=AXIS2_PLACEMENT_3D('',#2473,#1777,#1778);
#1506=AXIS2_PLACEMENT_3D('',#2476,#1780,#1781);
#1507=AXIS2_PLACEMENT_3D('',#2477,#1782,#1783);
#1508=AXIS2_PLACEMENT_3D('',#2483,#1786,#1787);
#1509=AXIS2_PLACEMENT_3D('',#2488,#1790,#1791);
#1510=AXIS2_PLACEMENT_3D('',#2489,#1792,#1793);
#1511=AXIS2_PLACEMENT_3D('',#2491,#1794,#1795);
#1512=AXIS2_PLACEMENT_3D('',#2496,#1798,#1799);
#1513=AXIS2_PLACEMENT_3D('',#2497,#1800,#1801);
#1514=AXIS2_PLACEMENT_3D('',#2499,#1802,#1803);
#1515=AXIS2_PLACEMENT_3D('',#2501,#1805,#1806);
#1516=AXIS2_PLACEMENT_3D('',#2503,#1807,#1808);
#1517=AXIS2_PLACEMENT_3D('',#2505,#1810,#1811);
#1518=AXIS2_PLACEMENT_3D('',#2508,#1813,#1814);
#1519=AXIS2_PLACEMENT_3D('',#2509,#1815,#1816);
#1520=AXIS2_PLACEMENT_3D('',#2517,#1821,#1822);
#1521=AXIS2_PLACEMENT_3D('',#2520,#1824,#1825);
#1522=AXIS2_PLACEMENT_3D('',#2521,#1826,#1827);
#1523=AXIS2_PLACEMENT_3D('',#2523,#1828,#1829);
#1524=AXIS2_PLACEMENT_3D('',#2525,#1830,#1831);
#1525=AXIS2_PLACEMENT_3D('',#2526,#1832,#1833);
#1526=AXIS2_PLACEMENT_3D('',#2527,#1834,#1835);
#1527=AXIS2_PLACEMENT_3D('',#2529,#1836,#1837);
#1528=AXIS2_PLACEMENT_3D('',#2531,#1839,#1840);
#1529=AXIS2_PLACEMENT_3D('',#2532,#1841,#1842);
#1530=AXIS2_PLACEMENT_3D('',#2533,#1843,#1844);
#1531=AXIS2_PLACEMENT_3D('',#2534,#1845,#1846);
#1532=AXIS2_PLACEMENT_3D('',#2535,#1847,#1848);
#1533=AXIS2_PLACEMENT_3D('',#2536,#1849,#1850);
#1534=AXIS2_PLACEMENT_3D('',#2537,#1851,#1852);
#1535=AXIS2_PLACEMENT_3D('',#2538,#1853,#1854);
#1536=AXIS2_PLACEMENT_3D('',#2540,#1855,#1856);
#1537=AXIS2_PLACEMENT_3D('',#2541,#1857,#1858);
#1538=AXIS2_PLACEMENT_3D('',#2542,#1859,#1860);
#1539=AXIS2_PLACEMENT_3D('',#2544,#1862,#1863);
#1540=AXIS2_PLACEMENT_3D('',#2547,#1865,#1866);
#1541=AXIS2_PLACEMENT_3D('',#2548,#1867,#1868);
#1542=AXIS2_PLACEMENT_3D('',#2551,#1871,#1872);
#1543=AXIS2_PLACEMENT_3D('',#2553,#1874,#1875);
#1544=AXIS2_PLACEMENT_3D('',#2555,#1876,#1877);
#1545=AXIS2_PLACEMENT_3D('',#2557,#1878,#1879);
#1546=AXIS2_PLACEMENT_3D('',#2559,#1881,#1882);
#1547=AXIS2_PLACEMENT_3D('',#2561,#1883,#1884);
#1548=AXIS2_PLACEMENT_3D('',#2564,#1886,#1887);
#1549=AXIS2_PLACEMENT_3D('',#2565,#1888,#1889);
#1550=AXIS2_PLACEMENT_3D('',#2568,#1892,#1893);
#1551=AXIS2_PLACEMENT_3D('',#2571,#1895,#1896);
#1552=AXIS2_PLACEMENT_3D('',#2572,#1897,#1898);
#1553=AXIS2_PLACEMENT_3D('',#2575,#1900,#1901);
#1554=AXIS2_PLACEMENT_3D('',#2576,#1902,#1903);
#1555=AXIS2_PLACEMENT_3D('',#2579,#1905,#1906);
#1556=AXIS2_PLACEMENT_3D('',#2580,#1907,#1908);
#1557=AXIS2_PLACEMENT_3D('',#2581,#1909,#1910);
#1558=AXIS2_PLACEMENT_3D('',#2582,#1911,#1912);
#1559=AXIS2_PLACEMENT_3D('',#2587,#1914,#1915);
#1560=AXIS2_PLACEMENT_3D('',#2589,#1917,#1918);
#1561=AXIS2_PLACEMENT_3D('',#2590,#1919,#1920);
#1562=AXIS2_PLACEMENT_3D('',#2594,#1922,#1923);
#1563=AXIS2_PLACEMENT_3D('',#2597,#1925,#1926);
#1564=AXIS2_PLACEMENT_3D('',#2599,#1927,#1928);
#1565=AXIS2_PLACEMENT_3D('',#2601,#1929,#1930);
#1566=AXIS2_PLACEMENT_3D('',#2603,#1931,#1932);
#1567=AXIS2_PLACEMENT_3D('',#2604,#1933,#1934);
#1568=AXIS2_PLACEMENT_3D('',#2606,#1936,#1937);
#1569=AXIS2_PLACEMENT_3D('',#2608,#1939,#1940);
#1570=AXIS2_PLACEMENT_3D('',#2610,#1942,#1943);
#1571=AXIS2_PLACEMENT_3D('',#2611,#1944,#1945);
#1572=AXIS2_PLACEMENT_3D('',#2612,#1946,#1947);
#1573=AXIS2_PLACEMENT_3D('',#2614,#1949,#1950);
#1574=AXIS2_PLACEMENT_3D('',#2615,#1951,#1952);
#1575=AXIS2_PLACEMENT_3D('',#2617,#1953,#1954);
#1576=AXIS2_PLACEMENT_3D('',#2619,#1956,#1957);
#1577=AXIS2_PLACEMENT_3D('',#2621,#1958,#1959);
#1578=AXIS2_PLACEMENT_3D('',#2623,#1961,#1962);
#1579=AXIS2_PLACEMENT_3D('',#2627,#1965,#1966);
#1580=AXIS2_PLACEMENT_3D('',#2629,#1967,#1968);
#1581=AXIS2_PLACEMENT_3D('',#2631,#1970,#1971);
#1582=AXIS2_PLACEMENT_3D('',#2635,#1974,#1975);
#1583=AXIS2_PLACEMENT_3D('',#2637,#1976,#1977);
#1584=AXIS2_PLACEMENT_3D('',#2639,#1979,#1980);
#1585=AXIS2_PLACEMENT_3D('',#2641,#1982,#1983);
#1586=AXIS2_PLACEMENT_3D('',#2644,#1985,#1986);
#1587=AXIS2_PLACEMENT_3D('',#2645,#1987,#1988);
#1588=AXIS2_PLACEMENT_3D('',#2648,#1990,#1991);
#1589=AXIS2_PLACEMENT_3D('',#2649,#1992,#1993);
#1590=AXIS2_PLACEMENT_3D('',#2652,#1995,#1996);
#1591=AXIS2_PLACEMENT_3D('',#2653,#1997,#1998);
#1592=AXIS2_PLACEMENT_3D('',#2656,#2000,#2001);
#1593=AXIS2_PLACEMENT_3D('',#2657,#2002,#2003);
#1594=AXIS2_PLACEMENT_3D('',#2660,#2005,#2006);
#1595=AXIS2_PLACEMENT_3D('',#2661,#2007,#2008);
#1596=AXIS2_PLACEMENT_3D('',#2664,#2010,#2011);
#1597=AXIS2_PLACEMENT_3D('',#2665,#2012,#2013);
#1598=AXIS2_PLACEMENT_3D('',#2671,#2017,#2018);
#1599=AXIS2_PLACEMENT_3D('',#2675,#2021,#2022);
#1600=AXIS2_PLACEMENT_3D('',#2679,#2025,#2026);
#1601=AXIS2_PLACEMENT_3D('',#2681,#2028,#2029);
#1602=AXIS2_PLACEMENT_3D('',#2682,#2030,#2031);
#1603=DIRECTION('axis',(0.,0.,1.));
#1604=DIRECTION('refdir',(1.,0.,0.));
#1605=DIRECTION('axis',(0.,0.,1.));
#1606=DIRECTION('refdir',(1.,0.,0.));
#1607=DIRECTION('center_axis',(0.,-1.,0.));
#1608=DIRECTION('ref_axis',(-0.707106781186548,0.,-0.707106781186548));
#1609=DIRECTION('center_axis',(0.,-1.,0.));
#1610=DIRECTION('ref_axis',(-1.,0.,0.));
#1611=DIRECTION('',(0.,1.,0.));
#1612=DIRECTION('center_axis',(-7.32820478300433E-17,1.,0.));
#1613=DIRECTION('ref_axis',(-0.707106781186548,0.,-0.707106781186548));
#1614=DIRECTION('',(0.,-1.,0.));
#1615=DIRECTION('center_axis',(1.,0.,0.));
#1616=DIRECTION('ref_axis',(0.,0.,-1.));
#1617=DIRECTION('center_axis',(1.,0.,0.));
#1618=DIRECTION('ref_axis',(0.,0.707106781186548,-0.707106781186547));
#1619=DIRECTION('center_axis',(0.,0.,-1.));
#1620=DIRECTION('ref_axis',(1.,0.,0.));
#1621=DIRECTION('center_axis',(-1.,0.,0.));
#1622=DIRECTION('ref_axis',(0.,0.707106781186548,-0.707106781186547));
#1623=DIRECTION('center_axis',(1.,0.,0.));
#1624=DIRECTION('ref_axis',(0.,1.,0.));
#1625=DIRECTION('',(0.,0.,-1.));
#1626=DIRECTION('',(0.,-1.,0.));
#1627=DIRECTION('',(0.,0.,1.));
#1628=DIRECTION('',(0.,1.,0.));
#1629=DIRECTION('',(0.,1.,0.));
#1630=DIRECTION('center_axis',(1.,0.,0.));
#1631=DIRECTION('ref_axis',(0.,0.,1.));
#1632=DIRECTION('',(0.,1.,0.));
#1633=DIRECTION('',(0.,0.,1.));
#1634=DIRECTION('center_axis',(-4.22942104619107E-16,-1.,0.));
#1635=DIRECTION('ref_axis',(0.707106781186552,0.,-0.707106781186543));
#1636=DIRECTION('center_axis',(4.44089209850064E-15,-1.,0.));
#1637=DIRECTION('ref_axis',(0.,0.,-1.));
#1638=DIRECTION('',(4.22942104619107E-16,1.,0.));
#1639=DIRECTION('center_axis',(-7.32820478300433E-17,1.,0.));
#1640=DIRECTION('ref_axis',(0.707106781186552,0.,-0.707106781186543));
#1641=DIRECTION('',(-4.22942104619107E-16,-1.,0.));
#1642=DIRECTION('center_axis',(0.,0.,1.));
#1643=DIRECTION('ref_axis',(1.,0.,0.));
#1644=DIRECTION('',(0.,1.,0.));
#1645=DIRECTION('',(-1.,0.,0.));
#1646=DIRECTION('',(0.,-1.,0.));
#1647=DIRECTION('',(1.,7.84055808351099E-18,0.));
#1648=DIRECTION('',(1.,0.,0.));
#1649=DIRECTION('center_axis',(0.,0.,1.));
#1650=DIRECTION('ref_axis',(-0.707106781186548,-0.707106781186547,0.));
#1651=DIRECTION('',(-5.01229356489913E-17,-1.,0.));
#1652=DIRECTION('center_axis',(0.,0.,1.));
#1653=DIRECTION('ref_axis',(-0.707106781186547,0.707106781186548,0.));
#1654=DIRECTION('',(-1.,-3.13843964558348E-16,0.));
#1655=DIRECTION('center_axis',(0.,0.,1.));
#1656=DIRECTION('ref_axis',(0.707106781186549,0.707106781186546,0.));
#1657=DIRECTION('',(-1.00245871297983E-16,1.,0.));
#1658=DIRECTION('center_axis',(0.,0.,1.));
#1659=DIRECTION('ref_axis',(0.707106781186548,-0.707106781186548,0.));
#1660=DIRECTION('',(1.,0.,0.));
#1661=DIRECTION('',(1.,7.32820478300433E-17,0.));
#1662=DIRECTION('center_axis',(0.,0.,-1.));
#1663=DIRECTION('ref_axis',(1.,0.,0.));
#1664=DIRECTION('center_axis',(0.,0.,-1.));
#1665=DIRECTION('ref_axis',(1.,0.,0.));
#1666=DIRECTION('center_axis',(0.,0.,-1.));
#1667=DIRECTION('ref_axis',(1.,0.,0.));
#1668=DIRECTION('center_axis',(0.,0.,-1.));
#1669=DIRECTION('ref_axis',(1.,0.,0.));
#1670=DIRECTION('center_axis',(0.,0.,-1.));
#1671=DIRECTION('ref_axis',(1.,0.,0.));
#1672=DIRECTION('center_axis',(0.,0.,-1.));
#1673=DIRECTION('ref_axis',(1.,0.,0.));
#1674=DIRECTION('center_axis',(0.,0.,1.));
#1675=DIRECTION('ref_axis',(0.707106781186549,-0.707106781186546,0.));
#1676=DIRECTION('',(0.,0.,-1.));
#1677=DIRECTION('center_axis',(0.,-0.70710678118655,-0.707106781186545));
#1678=DIRECTION('ref_axis',(0.,0.707106781186545,-0.70710678118655));
#1679=DIRECTION('center_axis',(0.,1.,0.));
#1680=DIRECTION('ref_axis',(0.707106781186546,0.,0.707106781186549));
#1681=DIRECTION('center_axis',(0.,-1.,0.));
#1682=DIRECTION('ref_axis',(1.,0.,0.));
#1683=DIRECTION('',(0.,-1.,0.));
#1684=DIRECTION('center_axis',(1.,0.,0.));
#1685=DIRECTION('ref_axis',(0.,0.,1.));
#1686=DIRECTION('center_axis',(-1.,0.,0.));
#1687=DIRECTION('ref_axis',(0.,0.,1.));
#1688=DIRECTION('center_axis',(-1.,0.,0.));
#1689=DIRECTION('ref_axis',(0.,0.707106781186548,-0.707106781186547));
#1690=DIRECTION('',(-1.,0.,0.));
#1691=DIRECTION('center_axis',(-1.,0.,0.));
#1692=DIRECTION('ref_axis',(0.,1.,0.));
#1693=DIRECTION('center_axis',(0.,-1.,0.));
#1694=DIRECTION('ref_axis',(1.,0.,0.));
#1695=DIRECTION('',(1.,0.,0.));
#1696=DIRECTION('',(0.,0.,1.));
#1697=DIRECTION('',(0.,0.,1.));
#1698=DIRECTION('center_axis',(0.,0.,1.));
#1699=DIRECTION('ref_axis',(-1.,0.,0.));
#1700=DIRECTION('',(1.,0.,0.));
#1701=DIRECTION('',(-2.00491742595965E-16,-1.,0.));
#1702=DIRECTION('center_axis',(0.,0.,1.));
#1703=DIRECTION('ref_axis',(-0.99999999999981,6.16378440735746E-7,0.));
#1704=DIRECTION('center_axis',(0.,0.,-1.));
#1705=DIRECTION('ref_axis',(-1.,0.,0.));
#1706=DIRECTION('center_axis',(-1.,0.,0.));
#1707=DIRECTION('ref_axis',(0.,0.942809041582063,-0.333333333333333));
#1708=DIRECTION('',(1.,0.,0.));
#1709=DIRECTION('center_axis',(-1.,5.01229356489913E-17,0.));
#1710=DIRECTION('ref_axis',(0.,0.942809041582063,-0.333333333333333));
#1711=DIRECTION('center_axis',(0.,1.,0.));
#1712=DIRECTION('ref_axis',(-0.0771920823807186,0.,-0.997016239796388));
#1713=DIRECTION('',(0.,1.,0.));
#1714=DIRECTION('center_axis',(0.,0.,-1.));
#1715=DIRECTION('ref_axis',(-0.707106781186551,-0.707106781186544,0.));
#1716=DIRECTION('',(0.,0.,-1.));
#1717=DIRECTION('center_axis',(0.,0.,1.));
#1718=DIRECTION('ref_axis',(-1.,0.,0.));
#1719=DIRECTION('',(0.,0.,1.));
#1720=DIRECTION('center_axis',(0.,-0.707106781186548,-0.707106781186547));
#1721=DIRECTION('ref_axis',(0.,-0.707106781186547,0.707106781186548));
#1722=DIRECTION('center_axis',(-1.,4.22942104619107E-16,0.));
#1723=DIRECTION('ref_axis',(0.,0.,1.));
#1724=DIRECTION('center_axis',(1.,-4.22942104619107E-16,0.));
#1725=DIRECTION('ref_axis',(2.77555756156289E-16,0.707106781186548,-0.707106781186547));
#1726=DIRECTION('center_axis',(-1.,4.22942104619107E-16,0.));
#1727=DIRECTION('ref_axis',(2.99065230225481E-16,0.707106781186548,-0.707106781186547));
#1728=DIRECTION('center_axis',(-4.22942104619107E-16,-1.,0.));
#1729=DIRECTION('ref_axis',(-0.707106781186544,0.,0.707106781186551));
#1730=DIRECTION('',(4.22942104619107E-16,1.,0.));
#1731=DIRECTION('center_axis',(0.,-1.,0.));
#1732=DIRECTION('ref_axis',(0.,0.,1.));
#1733=DIRECTION('',(-4.22942104619107E-16,-1.,0.));
#1734=DIRECTION('center_axis',(-1.,4.22942104619107E-16,0.));
#1735=DIRECTION('ref_axis',(0.,0.,1.));
#1736=DIRECTION('center_axis',(-1.,4.22942104619107E-16,0.));
#1737=DIRECTION('ref_axis',(0.,-1.05735526154776E-16,1.));
#1738=DIRECTION('center_axis',(1.,-4.22942104619107E-16,0.));
#1739=DIRECTION('ref_axis',(0.,0.,1.));
#1740=DIRECTION('center_axis',(-1.,4.22942104619107E-16,0.));
#1741=DIRECTION('ref_axis',(-4.22942104619107E-16,-1.,0.));
#1742=DIRECTION('',(-4.22942104619107E-16,-1.,0.));
#1743=DIRECTION('',(-4.22942104619107E-16,-1.,0.));
#1744=DIRECTION('',(0.,0.,-1.));
#1745=DIRECTION('',(4.22942104619107E-16,1.,0.));
#1746=DIRECTION('',(0.,0.,1.));
#1747=DIRECTION('center_axis',(-1.5722756975478E-16,-1.,2.04395818365347E-16));
#1748=DIRECTION('ref_axis',(0.0771920823807223,0.,-0.997016239796388));
#1749=DIRECTION('',(0.,-1.,0.));
#1750=DIRECTION('center_axis',(-7.32820478300433E-17,1.,0.));
#1751=DIRECTION('ref_axis',(-1.,-7.32820478300433E-17,0.));
#1752=DIRECTION('',(-1.,-7.8460991139587E-17,0.));
#1753=DIRECTION('',(0.,0.,1.));
#1754=DIRECTION('',(-1.,-7.32820478300433E-17,0.));
#1755=DIRECTION('',(0.,0.,-1.));
#1756=DIRECTION('',(-1.,-7.8460991139587E-17,0.));
#1757=DIRECTION('center_axis',(0.,-1.,0.));
#1758=DIRECTION('ref_axis',(1.,0.,0.));
#1759=DIRECTION('',(-1.,0.,0.));
#1760=DIRECTION('',(0.,0.,1.));
#1761=DIRECTION('',(0.,0.,1.));
#1762=DIRECTION('',(1.,0.,0.));
#1763=DIRECTION('center_axis',(-1.,0.,0.));
#1764=DIRECTION('ref_axis',(0.,0.707106781186548,-0.707106781186547));
#1765=DIRECTION('center_axis',(-1.,0.,0.));
#1766=DIRECTION('ref_axis',(0.,1.,0.));
#1767=DIRECTION('center_axis',(1.,0.,0.));
#1768=DIRECTION('ref_axis',(0.,-0.942809041582063,-0.333333333333333));
#1769=DIRECTION('',(-1.,0.,0.));
#1770=DIRECTION('center_axis',(-1.,5.01229356489913E-17,0.));
#1771=DIRECTION('ref_axis',(0.,-0.942809041582063,-0.333333333333333));
#1772=DIRECTION('',(-1.,0.,0.));
#1773=DIRECTION('center_axis',(0.,0.,1.));
#1774=DIRECTION('ref_axis',(-1.,0.,0.));
#1775=DIRECTION('',(0.,1.,0.));
#1776=DIRECTION('',(-1.,0.,0.));
#1777=DIRECTION('center_axis',(0.,0.,1.));
#1778=DIRECTION('ref_axis',(-1.38777878078145E-15,1.,0.));
#1779=DIRECTION('',(-2.00491742595965E-16,-1.,0.));
#1780=DIRECTION('center_axis',(0.,0.,-1.));
#1781=DIRECTION('ref_axis',(-1.,0.,0.));
#1782=DIRECTION('center_axis',(0.,0.,1.));
#1783=DIRECTION('ref_axis',(-1.,0.,0.));
#1784=DIRECTION('',(-1.,0.,0.));
#1785=DIRECTION('',(-3.00737613893948E-16,1.,0.));
#1786=DIRECTION('center_axis',(0.,0.,1.));
#1787=DIRECTION('ref_axis',(1.,0.,0.));
#1788=DIRECTION('',(-1.,0.,0.));
#1789=DIRECTION('',(-4.22942104619107E-16,-1.,0.));
#1790=DIRECTION('center_axis',(0.,0.,-1.));
#1791=DIRECTION('ref_axis',(-1.,0.,0.));
#1792=DIRECTION('center_axis',(0.,0.,1.));
#1793=DIRECTION('ref_axis',(-1.,0.,0.));
#1794=DIRECTION('center_axis',(0.,0.,1.));
#1795=DIRECTION('ref_axis',(-6.16378439625524E-7,-0.99999999999981,0.));
#1796=DIRECTION('',(-3.00737613893948E-16,1.,0.));
#1797=DIRECTION('',(1.,0.,0.));
#1798=DIRECTION('center_axis',(0.,0.,-1.));
#1799=DIRECTION('ref_axis',(-1.,0.,0.));
#1800=DIRECTION('center_axis',(-1.,0.,0.));
#1801=DIRECTION('ref_axis',(0.,0.942809041582063,-0.333333333333333));
#1802=DIRECTION('center_axis',(1.,1.00245871297983E-16,0.));
#1803=DIRECTION('ref_axis',(0.,0.942809041582063,-0.333333333333333));
#1804=DIRECTION('',(1.,0.,0.));
#1805=DIRECTION('center_axis',(1.,0.,0.));
#1806=DIRECTION('ref_axis',(0.,-0.942809041582063,-0.333333333333333));
#1807=DIRECTION('center_axis',(1.,1.00245871297983E-16,0.));
#1808=DIRECTION('ref_axis',(0.,-0.942809041582063,-0.333333333333333));
#1809=DIRECTION('',(-1.,0.,0.));
#1810=DIRECTION('center_axis',(0.,0.,1.));
#1811=DIRECTION('ref_axis',(-1.,0.,0.));
#1812=DIRECTION('',(-9.25185853854296E-17,-1.,0.));
#1813=DIRECTION('center_axis',(0.,0.,-1.));
#1814=DIRECTION('ref_axis',(-1.,0.,0.));
#1815=DIRECTION('center_axis',(-1.,5.01229356489913E-17,0.));
#1816=DIRECTION('ref_axis',(-5.01229356489913E-17,-1.,0.));
#1817=DIRECTION('',(0.,0.,1.));
#1818=DIRECTION('',(5.01229356489913E-17,1.,0.));
#1819=DIRECTION('',(0.,0.,1.));
#1820=DIRECTION('',(0.,0.,1.));
#1821=DIRECTION('center_axis',(0.,0.,1.));
#1822=DIRECTION('ref_axis',(-1.,0.,0.));
#1823=DIRECTION('',(0.,1.,0.));
#1824=DIRECTION('center_axis',(0.,0.,-1.));
#1825=DIRECTION('ref_axis',(-1.,0.,0.));
#1826=DIRECTION('center_axis',(0.,0.,-1.));
#1827=DIRECTION('ref_axis',(-1.,0.,0.));
#1828=DIRECTION('center_axis',(-1.,0.,0.));
#1829=DIRECTION('ref_axis',(0.,0.,-1.));
#1830=DIRECTION('center_axis',(0.,0.,-1.));
#1831=DIRECTION('ref_axis',(0.707106781186549,0.707106781186546,0.));
#1832=DIRECTION('center_axis',(0.,-1.,0.));
#1833=DIRECTION('ref_axis',(-1.,0.,0.));
#1834=DIRECTION('center_axis',(1.00245871297983E-16,-1.,0.));
#1835=DIRECTION('ref_axis',(-0.707106781186549,0.,-0.707106781186546));
#1836=DIRECTION('center_axis',(0.,-1.,0.));
#1837=DIRECTION('ref_axis',(-1.,0.,0.));
#1838=DIRECTION('',(1.00245871297983E-16,-1.,0.));
#1839=DIRECTION('center_axis',(0.,0.,-1.));
#1840=DIRECTION('ref_axis',(-1.,0.,0.));
#1841=DIRECTION('center_axis',(0.,0.,-1.));
#1842=DIRECTION('ref_axis',(0.707106781186547,-0.707106781186547,0.));
#1843=DIRECTION('center_axis',(0.,0.,-1.));
#1844=DIRECTION('ref_axis',(-1.,0.,0.));
#1845=DIRECTION('center_axis',(0.,1.,0.));
#1846=DIRECTION('ref_axis',(1.,0.,0.));
#1847=DIRECTION('center_axis',(0.,0.,-1.));
#1848=DIRECTION('ref_axis',(-0.707106781186548,-0.707106781186547,0.));
#1849=DIRECTION('center_axis',(5.01229356489913E-17,1.,0.));
#1850=DIRECTION('ref_axis',(0.707106781186548,0.,-0.707106781186547));
#1851=DIRECTION('center_axis',(0.,1.,0.));
#1852=DIRECTION('ref_axis',(1.,0.,0.));
#1853=DIRECTION('center_axis',(0.,0.,-1.));
#1854=DIRECTION('ref_axis',(-1.,0.,0.));
#1855=DIRECTION('center_axis',(1.,0.,0.));
#1856=DIRECTION('ref_axis',(0.,-1.,0.));
#1857=DIRECTION('center_axis',(0.,0.,-1.));
#1858=DIRECTION('ref_axis',(-0.707106781186547,0.707106781186548,0.));
#1859=DIRECTION('center_axis',(1.,3.13843964558348E-16,0.));
#1860=DIRECTION('ref_axis',(0.,-0.707106781186546,-0.707106781186549));
#1861=DIRECTION('',(1.,3.13843964558348E-16,0.));
#1862=DIRECTION('center_axis',(0.,0.,1.));
#1863=DIRECTION('ref_axis',(0.,-1.,0.));
#1864=DIRECTION('',(0.,0.,1.));
#1865=DIRECTION('center_axis',(0.,0.,1.));
#1866=DIRECTION('ref_axis',(0.,-1.,0.));
#1867=DIRECTION('center_axis',(1.,1.00245871297983E-16,0.));
#1868=DIRECTION('ref_axis',(-1.00245871297983E-16,1.,0.));
#1869=DIRECTION('',(0.,0.,1.));
#1870=DIRECTION('',(0.,0.,1.));
#1871=DIRECTION('center_axis',(0.,0.,1.));
#1872=DIRECTION('ref_axis',(1.,0.,0.));
#1873=DIRECTION('',(0.,0.,1.));
#1874=DIRECTION('center_axis',(4.22942104619107E-16,1.,0.));
#1875=DIRECTION('ref_axis',(0.707106781186546,0.,-0.707106781186549));
#1876=DIRECTION('center_axis',(0.,-1.,0.));
#1877=DIRECTION('ref_axis',(0.707106781186546,0.,-0.707106781186549));
#1878=DIRECTION('center_axis',(-3.13843964558348E-16,1.,0.));
#1879=DIRECTION('ref_axis',(0.707106781186546,0.,-0.707106781186549));
#1880=DIRECTION('',(-4.22942104619107E-16,-1.,0.));
#1881=DIRECTION('center_axis',(0.,-1.,0.));
#1882=DIRECTION('ref_axis',(-0.707106781186548,0.,-0.707106781186548));
#1883=DIRECTION('center_axis',(0.,-1.,0.));
#1884=DIRECTION('ref_axis',(-0.707106781186548,0.,-0.707106781186548));
#1885=DIRECTION('',(0.,1.,0.));
#1886=DIRECTION('center_axis',(-3.13843964558348E-16,1.,0.));
#1887=DIRECTION('ref_axis',(-0.707106781186548,0.,-0.707106781186548));
#1888=DIRECTION('center_axis',(0.,0.,1.));
#1889=DIRECTION('ref_axis',(-1.,0.,0.));
#1890=DIRECTION('',(-1.,-3.13843964558348E-16,0.));
#1891=DIRECTION('',(1.,0.,0.));
#1892=DIRECTION('center_axis',(0.,0.,1.));
#1893=DIRECTION('ref_axis',(-1.,0.,0.));
#1894=DIRECTION('',(0.,0.,-1.));
#1895=DIRECTION('center_axis',(0.,0.,-1.));
#1896=DIRECTION('ref_axis',(-1.,0.,0.));
#1897=DIRECTION('center_axis',(0.,0.,1.));
#1898=DIRECTION('ref_axis',(-1.,0.,0.));
#1899=DIRECTION('',(0.,0.,-1.));
#1900=DIRECTION('center_axis',(0.,0.,-1.));
#1901=DIRECTION('ref_axis',(-1.,0.,0.));
#1902=DIRECTION('center_axis',(0.,0.,1.));
#1903=DIRECTION('ref_axis',(-1.,0.,0.));
#1904=DIRECTION('',(0.,0.,-1.));
#1905=DIRECTION('center_axis',(0.,0.,-1.));
#1906=DIRECTION('ref_axis',(-1.,0.,0.));
#1907=DIRECTION('center_axis',(0.,0.,1.));
#1908=DIRECTION('ref_axis',(-0.99999999999981,6.16378440735746E-7,0.));
#1909=DIRECTION('center_axis',(0.,0.,1.));
#1910=DIRECTION('ref_axis',(-1.,0.,0.));
#1911=DIRECTION('center_axis',(0.,0.,1.));
#1912=DIRECTION('ref_axis',(-1.,0.,0.));
#1913=DIRECTION('',(1.25307339122478E-17,1.,0.));
#1914=DIRECTION('center_axis',(0.,0.,-1.));
#1915=DIRECTION('ref_axis',(0.,1.,0.));
#1916=DIRECTION('',(1.,0.,0.));
#1917=DIRECTION('center_axis',(0.,0.,-1.));
#1918=DIRECTION('ref_axis',(-1.,0.,0.));
#1919=DIRECTION('center_axis',(0.,0.,1.));
#1920=DIRECTION('ref_axis',(-1.,0.,0.));
#1921=DIRECTION('',(0.,-1.,0.));
#1922=DIRECTION('center_axis',(0.,0.,-1.));
#1923=DIRECTION('ref_axis',(0.,-1.,0.));
#1924=DIRECTION('',(1.,0.,0.));
#1925=DIRECTION('center_axis',(0.,0.,-1.));
#1926=DIRECTION('ref_axis',(1.,0.,0.));
#1927=DIRECTION('center_axis',(0.,0.,-1.));
#1928=DIRECTION('ref_axis',(-1.,0.,0.));
#1929=DIRECTION('center_axis',(0.,0.,-1.));
#1930=DIRECTION('ref_axis',(-1.,0.,0.));
#1931=DIRECTION('center_axis',(0.,0.,-1.));
#1932=DIRECTION('ref_axis',(-1.,0.,0.));
#1933=DIRECTION('center_axis',(0.,0.,1.));
#1934=DIRECTION('ref_axis',(-1.,0.,0.));
#1935=DIRECTION('',(0.,0.,-1.));
#1936=DIRECTION('center_axis',(0.,0.,1.));
#1937=DIRECTION('ref_axis',(-1.,0.,0.));
#1938=DIRECTION('',(0.,0.,-1.));
#1939=DIRECTION('center_axis',(0.,0.,1.));
#1940=DIRECTION('ref_axis',(-1.,0.,0.));
#1941=DIRECTION('',(0.,0.,-1.));
#1942=DIRECTION('center_axis',(0.,0.,1.));
#1943=DIRECTION('ref_axis',(-6.16378439625524E-7,-0.99999999999981,0.));
#1944=DIRECTION('center_axis',(0.,0.,1.));
#1945=DIRECTION('ref_axis',(-1.,0.,0.));
#1946=DIRECTION('center_axis',(0.,0.,1.));
#1947=DIRECTION('ref_axis',(0.,1.,0.));
#1948=DIRECTION('',(0.,0.,1.));
#1949=DIRECTION('center_axis',(-3.13843964558348E-16,1.,0.));
#1950=DIRECTION('ref_axis',(-1.,-3.13843964558348E-16,0.));
#1951=DIRECTION('center_axis',(0.,0.,1.));
#1952=DIRECTION('ref_axis',(0.707106781186546,-0.707106781186549,0.));
#1953=DIRECTION('center_axis',(0.,0.,-1.));
#1954=DIRECTION('ref_axis',(0.707106781186546,-0.707106781186549,0.));
#1955=DIRECTION('',(0.,0.,-1.));
#1956=DIRECTION('center_axis',(0.,0.,1.));
#1957=DIRECTION('ref_axis',(-0.707106781186547,-0.707106781186548,0.));
#1958=DIRECTION('center_axis',(0.,0.,-1.));
#1959=DIRECTION('ref_axis',(-0.707106781186547,-0.707106781186548,0.));
#1960=DIRECTION('',(0.,0.,1.));
#1961=DIRECTION('center_axis',(1.,0.,0.));
#1962=DIRECTION('ref_axis',(0.,1.,0.));
#1963=DIRECTION('',(0.,1.,0.));
#1964=DIRECTION('',(0.,0.,-1.));
#1965=DIRECTION('center_axis',(0.,0.,1.));
#1966=DIRECTION('ref_axis',(-0.707106781186549,0.707106781186546,0.));
#1967=DIRECTION('center_axis',(0.,0.,-1.));
#1968=DIRECTION('ref_axis',(-0.707106781186549,0.707106781186546,0.));
#1969=DIRECTION('',(0.,0.,1.));
#1970=DIRECTION('center_axis',(0.,-1.,0.));
#1971=DIRECTION('ref_axis',(1.,0.,0.));
#1972=DIRECTION('',(1.,0.,0.));
#1973=DIRECTION('',(0.,0.,-1.));
#1974=DIRECTION('center_axis',(0.,0.,1.));
#1975=DIRECTION('ref_axis',(0.707106781186551,0.707106781186544,0.));
#1976=DIRECTION('center_axis',(0.,0.,-1.));
#1977=DIRECTION('ref_axis',(0.707106781186551,0.707106781186544,0.));
#1978=DIRECTION('',(0.,0.,1.));
#1979=DIRECTION('center_axis',(-1.,0.,0.));
#1980=DIRECTION('ref_axis',(0.,-1.,0.));
#1981=DIRECTION('',(0.,-1.,0.));
#1982=DIRECTION('center_axis',(0.,0.,1.));
#1983=DIRECTION('ref_axis',(1.,0.,0.));
#1984=DIRECTION('',(0.,0.,-1.));
#1985=DIRECTION('center_axis',(0.,0.,-1.));
#1986=DIRECTION('ref_axis',(1.,0.,0.));
#1987=DIRECTION('center_axis',(0.,0.,1.));
#1988=DIRECTION('ref_axis',(1.,0.,0.));
#1989=DIRECTION('',(0.,0.,-1.));
#1990=DIRECTION('center_axis',(0.,0.,-1.));
#1991=DIRECTION('ref_axis',(1.,0.,0.));
#1992=DIRECTION('center_axis',(0.,0.,1.));
#1993=DIRECTION('ref_axis',(1.,0.,0.));
#1994=DIRECTION('',(0.,0.,-1.));
#1995=DIRECTION('center_axis',(0.,0.,-1.));
#1996=DIRECTION('ref_axis',(1.,0.,0.));
#1997=DIRECTION('center_axis',(0.,0.,1.));
#1998=DIRECTION('ref_axis',(1.,0.,0.));
#1999=DIRECTION('',(0.,0.,-1.));
#2000=DIRECTION('center_axis',(0.,0.,-1.));
#2001=DIRECTION('ref_axis',(1.,0.,0.));
#2002=DIRECTION('center_axis',(0.,0.,1.));
#2003=DIRECTION('ref_axis',(1.,0.,0.));
#2004=DIRECTION('',(0.,0.,-1.));
#2005=DIRECTION('center_axis',(0.,0.,-1.));
#2006=DIRECTION('ref_axis',(1.,0.,0.));
#2007=DIRECTION('center_axis',(0.,0.,1.));
#2008=DIRECTION('ref_axis',(1.,0.,0.));
#2009=DIRECTION('',(0.,0.,-1.));
#2010=DIRECTION('center_axis',(0.,0.,-1.));
#2011=DIRECTION('ref_axis',(1.,0.,0.));
#2012=DIRECTION('center_axis',(7.84055808351099E-18,-1.,0.));
#2013=DIRECTION('ref_axis',(1.,7.84055808351099E-18,0.));
#2014=DIRECTION('',(1.,7.84055808351099E-18,0.));
#2015=DIRECTION('',(0.,0.,1.));
#2016=DIRECTION('',(0.,0.,1.));
#2017=DIRECTION('center_axis',(-1.,0.,0.));
#2018=DIRECTION('ref_axis',(0.,-1.,0.));
#2019=DIRECTION('',(0.,-1.,0.));
#2020=DIRECTION('',(0.,0.,1.));
#2021=DIRECTION('center_axis',(0.,1.,0.));
#2022=DIRECTION('ref_axis',(-1.,0.,0.));
#2023=DIRECTION('',(-1.,0.,0.));
#2024=DIRECTION('',(0.,0.,1.));
#2025=DIRECTION('center_axis',(1.,0.,0.));
#2026=DIRECTION('ref_axis',(0.,1.,0.));
#2027=DIRECTION('',(0.,1.,0.));
#2028=DIRECTION('center_axis',(0.,0.,1.));
#2029=DIRECTION('ref_axis',(1.,0.,0.));
#2030=DIRECTION('',(0.,0.,1.));
#2031=DIRECTION('',(1.,0.,0.));
#2032=CARTESIAN_POINT('',(0.,0.,0.));
#2033=CARTESIAN_POINT('',(0.,0.,0.));
#2034=CARTESIAN_POINT('Origin',(13.6999997161329,43.725,3.));
#2035=CARTESIAN_POINT('',(12.6999997161329,24.0284271247462,3.));
#2036=CARTESIAN_POINT('',(13.6999997161329,24.0284271247462,2.));
#2037=CARTESIAN_POINT('Origin',(13.6999997161329,24.0284271247462,3.));
#2038=CARTESIAN_POINT('',(13.6999997161329,25.2,2.));
#2039=CARTESIAN_POINT('',(13.6999997161329,43.725,2.));
#2040=CARTESIAN_POINT('',(12.6999997161329,25.2,3.));
#2041=CARTESIAN_POINT('Origin',(13.6999997161329,25.2,3.));
#2042=CARTESIAN_POINT('',(12.6999997161329,43.725,3.));
#2043=CARTESIAN_POINT('Ctrl Pts',(11.6999997161329,21.2,2.));
#2044=CARTESIAN_POINT('Ctrl Pts',(11.7008603806127,21.2024343267609,2.));
#2045=CARTESIAN_POINT('Ctrl Pts',(11.7017210559111,21.2048686943986,2.00000412395171));
#2046=CARTESIAN_POINT('Ctrl Pts',(11.8004106964579,21.4840015937751,2.00063821727988));
#2047=CARTESIAN_POINT('Ctrl Pts',(11.9980243779986,22.0389656751407,2.09746330713295));
#2048=CARTESIAN_POINT('Ctrl Pts',(12.2721608293339,22.6854596751381,2.3924195019068));
#2049=CARTESIAN_POINT('Ctrl Pts',(12.4635041626461,23.098517317623,2.62064508133708));
#2050=CARTESIAN_POINT('Ctrl Pts',(12.581885423073,23.4010209994156,2.76911509961986));
#2051=CARTESIAN_POINT('Ctrl Pts',(12.6480975201187,23.6149837346909,2.86187205840919));
#2052=CARTESIAN_POINT('Ctrl Pts',(12.6904222428694,23.8257813518657,2.93939327053531));
#2053=CARTESIAN_POINT('Ctrl Pts',(12.6999997161329,23.9618617139184,2.98117245864448));
#2054=CARTESIAN_POINT('Ctrl Pts',(12.6999997161329,24.0284271247462,3.));
#2055=CARTESIAN_POINT('Ctrl Pts',(11.6999997161329,21.2,2.));
#2056=CARTESIAN_POINT('Ctrl Pts',(11.7010232707996,21.202204995428,2.00000764576018));
#2057=CARTESIAN_POINT('Ctrl Pts',(11.7020499006045,21.2044033794691,1.99999303889085));
#2058=CARTESIAN_POINT('Ctrl Pts',(11.8195325958742,21.4567019593898,2.00138640698245));
#2059=CARTESIAN_POINT('Ctrl Pts',(12.0544493586039,21.960878108066,2.05927536980002));
#2060=CARTESIAN_POINT('Ctrl Pts',(12.3540754842207,22.6038653748991,2.25130950707345));
#2061=CARTESIAN_POINT('Ctrl Pts',(12.5366692212142,23.0495702701549,2.41133648563803));
#2062=CARTESIAN_POINT('Ctrl Pts',(12.6362091261764,23.376031409675,2.52081068517575));
#2063=CARTESIAN_POINT('Ctrl Pts',(12.6848983235755,23.604430821224,2.59140846215027));
#2064=CARTESIAN_POINT('Ctrl Pts',(12.7081963326046,23.8239106963233,2.65204836190905));
#2065=CARTESIAN_POINT('Ctrl Pts',(12.705628659836,23.9618915862524,2.68557010497969));
#2066=CARTESIAN_POINT('Ctrl Pts',(12.6999997161329,24.0284271247462,2.70080069965811));
#2067=CARTESIAN_POINT('Ctrl Pts',(11.6999997161329,21.2,2.));
#2068=CARTESIAN_POINT('Ctrl Pts',(11.7013110388875,21.2017971527259,2.00000201710051));
#2069=CARTESIAN_POINT('Ctrl Pts',(11.7026228225938,21.2035933723468,1.99999804465328));
#2070=CARTESIAN_POINT('Ctrl Pts',(11.853025369442,21.4095527306961,2.00036309438672));
#2071=CARTESIAN_POINT('Ctrl Pts',(12.1537816195462,21.8219050997258,2.01351495470016));
#2072=CARTESIAN_POINT('Ctrl Pts',(12.5372458348907,22.4150579128203,2.05965142634501));
#2073=CARTESIAN_POINT('Ctrl Pts',(12.7667564923812,22.8872338919674,2.10104908837754));
#2074=CARTESIAN_POINT('Ctrl Pts',(12.8875393706453,23.256360222654,2.13087425898017));
#2075=CARTESIAN_POINT('Ctrl Pts',(12.9440065129522,23.5225017105043,2.15072669293375));
#2076=CARTESIAN_POINT('Ctrl Pts',(12.9673894787333,23.7831474629801,2.16828975488979));
#2077=CARTESIAN_POINT('Ctrl Pts',(12.960159652921,23.9484899478257,2.17825113640815));
#2078=CARTESIAN_POINT('Ctrl Pts',(12.951147156319,24.0284271247462,2.18282198007453));
#2079=CARTESIAN_POINT('Ctrl Pts',(11.6999997161329,21.2,2.));
#2080=CARTESIAN_POINT('Ctrl Pts',(11.701598214183,21.2013904745811,2.));
#2081=CARTESIAN_POINT('Ctrl Pts',(11.7031963148198,21.2027825943459,2.));
#2082=CARTESIAN_POINT('Ctrl Pts',(11.8865013080695,21.3622898678546,2.));
#2083=CARTESIAN_POINT('Ctrl Pts',(12.2533635317361,21.681827413738,2.));
#2084=CARTESIAN_POINT('Ctrl Pts',(12.7522450994185,22.1887111435644,2.));
#2085=CARTESIAN_POINT('Ctrl Pts',(13.088991063065,22.6549484070771,2.));
#2086=CARTESIAN_POINT('Ctrl Pts',(13.2910133735753,23.06210707562,2.));
#2087=CARTESIAN_POINT('Ctrl Pts',(13.400713263872,23.3758986183453,2.));
#2088=CARTESIAN_POINT('Ctrl Pts',(13.4670201835425,23.7022497510567,2.));
#2089=CARTESIAN_POINT('Ctrl Pts',(13.4782998936038,23.9205532789723,2.));
#2090=CARTESIAN_POINT('Ctrl Pts',(13.4756002408765,24.0284271247462,2.));
#2091=CARTESIAN_POINT('Ctrl Pts',(11.6999997161329,21.2,2.));
#2092=CARTESIAN_POINT('Ctrl Pts',(11.7017210450929,21.2012171633807,2.));
#2093=CARTESIAN_POINT('Ctrl Pts',(11.7034423956893,21.2024342839764,2.));
#2094=CARTESIAN_POINT('Ctrl Pts',(11.9008216767824,21.3420133633644,2.));
#2095=CARTESIAN_POINT('Ctrl Pts',(12.2960490398641,21.6217918397324,2.));
#2096=CARTESIAN_POINT('Ctrl Pts',(12.8443219425347,22.0917061905244,2.));
#2097=CARTESIAN_POINT('Ctrl Pts',(13.2270086091592,22.5554959371338,2.));
#2098=CARTESIAN_POINT('Ctrl Pts',(13.463771130013,22.9789262785045,2.));
#2099=CARTESIAN_POINT('Ctrl Pts',(13.5961953241044,23.3131677748304,2.));
#2100=CARTESIAN_POINT('Ctrl Pts',(13.680844769606,23.6676195735025,2.));
#2101=CARTESIAN_POINT('Ctrl Pts',(13.6999997161329,23.9086093852561,2.));
#2102=CARTESIAN_POINT('Ctrl Pts',(13.6999997161329,24.0284271247462,2.));
#2103=CARTESIAN_POINT('',(11.6999997161329,21.2,2.));
#2104=CARTESIAN_POINT('Ctrl Pts',(12.6999997161329,24.0284271247462,3.));
#2105=CARTESIAN_POINT('Ctrl Pts',(12.6999997161329,23.9618617139184,2.98117245864448));
#2106=CARTESIAN_POINT('Ctrl Pts',(12.6904222428694,23.8257813518657,2.93939327053531));
#2107=CARTESIAN_POINT('Ctrl Pts',(12.6480975201187,23.6149837346909,2.86187205840919));
#2108=CARTESIAN_POINT('Ctrl Pts',(12.581885423073,23.4010209994156,2.76911509961986));
#2109=CARTESIAN_POINT('Ctrl Pts',(12.4635041626461,23.098517317623,2.62064508133708));
#2110=CARTESIAN_POINT('Ctrl Pts',(12.2721608293339,22.6854596751381,2.3924195019068));
#2111=CARTESIAN_POINT('Ctrl Pts',(11.9980243779986,22.0389656751407,2.09746330713295));
#2112=CARTESIAN_POINT('Ctrl Pts',(11.8004106964579,21.4840015937751,2.00063821727988));
#2113=CARTESIAN_POINT('Ctrl Pts',(11.7017210559111,21.2048686943986,2.00000412395171));
#2114=CARTESIAN_POINT('Ctrl Pts',(11.7008603806127,21.2024343267609,2.));
#2115=CARTESIAN_POINT('Ctrl Pts',(11.6999997161329,21.2,2.));
#2116=CARTESIAN_POINT('Ctrl Pts',(11.6999997161329,21.2,2.));
#2117=CARTESIAN_POINT('Ctrl Pts',(11.7017210450929,21.2012171633807,2.));
#2118=CARTESIAN_POINT('Ctrl Pts',(11.7034423956893,21.2024342839764,2.));
#2119=CARTESIAN_POINT('Ctrl Pts',(11.9008216767824,21.3420133633644,2.));
#2120=CARTESIAN_POINT('Ctrl Pts',(12.2960490398641,21.6217918397324,2.));
#2121=CARTESIAN_POINT('Ctrl Pts',(12.8443219425347,22.0917061905244,2.));
#2122=CARTESIAN_POINT('Ctrl Pts',(13.2270086091592,22.5554959371338,2.));
#2123=CARTESIAN_POINT('Ctrl Pts',(13.463771130013,22.9789262785045,2.));
#2124=CARTESIAN_POINT('Ctrl Pts',(13.5961953241044,23.3131677748304,2.));
#2125=CARTESIAN_POINT('Ctrl Pts',(13.680844769606,23.6676195735025,2.));
#2126=CARTESIAN_POINT('Ctrl Pts',(13.6999997161329,23.9086093852561,2.));
#2127=CARTESIAN_POINT('Ctrl Pts',(13.6999997161329,24.0284271247462,2.));
#2128=CARTESIAN_POINT('Origin',(11.6999997161329,21.2,4.));
#2129=CARTESIAN_POINT('',(12.6999997161329,24.2,4.));
#2130=CARTESIAN_POINT('Origin',(12.6999997161329,21.2,4.));
#2131=CARTESIAN_POINT('',(11.6999997161329,23.2,4.));
#2132=CARTESIAN_POINT('Origin',(11.6999997161329,24.2,4.));
#2133=CARTESIAN_POINT('Origin',(11.6999997161329,21.2,4.));
#2134=CARTESIAN_POINT('Origin',(12.6999997161329,23.2,11.));
#2135=CARTESIAN_POINT('',(12.6999997161329,25.2,11.));
#2136=CARTESIAN_POINT('',(12.6999997161329,25.2,5.5));
#2137=CARTESIAN_POINT('',(12.6999997161329,117.8,11.));
#2138=CARTESIAN_POINT('',(12.6999997161329,35.8,11.));
#2139=CARTESIAN_POINT('',(12.6999997161329,117.8,13.));
#2140=CARTESIAN_POINT('',(12.6999997161329,117.8,5.5));
#2141=CARTESIAN_POINT('',(12.6999997161329,52.0284271247462,13.));
#2142=CARTESIAN_POINT('',(12.6999997161329,35.8,13.));
#2143=CARTESIAN_POINT('',(12.6999997161329,43.0173241863184,13.));
#2144=CARTESIAN_POINT('',(12.6999997161329,35.8,13.));
#2145=CARTESIAN_POINT('',(12.6999997161329,40.3715728752538,12.));
#2146=CARTESIAN_POINT('Origin',(12.6999997161329,40.3715728752538,16.));
#2147=CARTESIAN_POINT('',(12.6999997161329,24.2,12.));
#2148=CARTESIAN_POINT('',(12.6999997161329,47.3499999999998,12.));
#2149=CARTESIAN_POINT('',(12.6999997161329,24.2,6.5));
#2150=CARTESIAN_POINT('Origin',(57.1000002838671,92.025,3.));
#2151=CARTESIAN_POINT('',(57.1000002838671,24.0284271247462,2.));
#2152=CARTESIAN_POINT('',(58.1000002838671,24.0284271247462,3.));
#2153=CARTESIAN_POINT('Origin',(57.1000002838671,24.0284271247462,3.));
#2154=CARTESIAN_POINT('',(58.1000002838671,25.2,3.));
#2155=CARTESIAN_POINT('',(58.1000002838671,92.025,3.));
#2156=CARTESIAN_POINT('',(57.1000002838671,25.2,2.));
#2157=CARTESIAN_POINT('Origin',(57.1000002838671,25.2,3.));
#2158=CARTESIAN_POINT('',(57.1000002838671,92.025,2.));
#2159=CARTESIAN_POINT('Ctrl Pts',(58.1000002838671,24.0284271247462,3.));
#2160=CARTESIAN_POINT('Ctrl Pts',(58.1000002838671,23.762165481435,2.9246898345779));
#2161=CARTESIAN_POINT('Ctrl Pts',(58.1998723182821,23.4169494320962,2.78674954245774));
#2162=CARTESIAN_POINT('Ctrl Pts',(58.4135546640301,22.9338126590346,2.52888471718471));
#2163=CARTESIAN_POINT('Ctrl Pts',(58.5335159889156,22.6669469075085,2.38896261931932));
#2164=CARTESIAN_POINT('Ctrl Pts',(58.6650323252374,22.3636531312704,2.24541371860473));
#2165=CARTESIAN_POINT('Ctrl Pts',(58.8049402764386,22.0150317890889,2.11582075355167));
#2166=CARTESIAN_POINT('Ctrl Pts',(58.950273625414,21.6236439698641,2.02319271366759));
#2167=CARTESIAN_POINT('Ctrl Pts',(59.0485059989368,21.3456744611473,2.00038583325879));
#2168=CARTESIAN_POINT('Ctrl Pts',(59.0982789214435,21.204868437885,2.00000336913348));
#2169=CARTESIAN_POINT('Ctrl Pts',(59.0991396193873,21.2024343267609,2.));
#2170=CARTESIAN_POINT('Ctrl Pts',(59.1000002838672,21.2,2.));
#2171=CARTESIAN_POINT('Ctrl Pts',(58.1000002838671,24.0284271247462,2.70080069965812));
#2172=CARTESIAN_POINT('Ctrl Pts',(58.0767787902358,23.7628462257494,2.63990555703069));
#2173=CARTESIAN_POINT('Ctrl Pts',(58.1397680431459,23.3938008793174,2.53010312197492));
#2174=CARTESIAN_POINT('Ctrl Pts',(58.3361288527126,22.8717364956697,2.3466894000206));
#2175=CARTESIAN_POINT('Ctrl Pts',(58.455538068527,22.5907403688831,2.25068211657522));
#2176=CARTESIAN_POINT('Ctrl Pts',(58.595136693296,22.2832724766155,2.15557255966296));
#2177=CARTESIAN_POINT('Ctrl Pts',(58.7520393600297,21.9462612715806,2.0723998338657));
#2178=CARTESIAN_POINT('Ctrl Pts',(58.9215504262786,21.5833142132037,2.01439043417502));
#2179=CARTESIAN_POINT('Ctrl Pts',(59.0386745913365,21.3317973538672,2.00024769631234));
#2180=CARTESIAN_POINT('Ctrl Pts',(59.0979513050081,21.2044048191185,2.00000198508831));
#2181=CARTESIAN_POINT('Ctrl Pts',(59.0989756832958,21.2022024861171,2.));
#2182=CARTESIAN_POINT('Ctrl Pts',(59.1000002838672,21.2,2.));
#2183=CARTESIAN_POINT('Ctrl Pts',(57.8487553475333,24.0284271247462,2.18293896170206));
#2184=CARTESIAN_POINT('Ctrl Pts',(57.812948496179,23.7084748740856,2.16459638841365));
#2185=CARTESIAN_POINT('Ctrl Pts',(57.8800390656294,23.2627348927822,2.13288440954679));
#2186=CARTESIAN_POINT('Ctrl Pts',(58.1257998434289,22.6981977610221,2.08436746087579));
#2187=CARTESIAN_POINT('Ctrl Pts',(58.276710266202,22.4120067750445,2.0599402154388));
#2188=CARTESIAN_POINT('Ctrl Pts',(58.4546434479198,22.1188335277929,2.03654181169346));
#2189=CARTESIAN_POINT('Ctrl Pts',(58.6551135458919,21.8185777999246,2.01674142609709));
#2190=CARTESIAN_POINT('Ctrl Pts',(58.8719172351648,21.512770657687,2.00325889606589));
#2191=CARTESIAN_POINT('Ctrl Pts',(59.021538283103,21.3075209533235,2.00005185696478));
#2192=CARTESIAN_POINT('Ctrl Pts',(59.097377195651,21.2035933864455,2.00000051813289));
#2193=CARTESIAN_POINT('Ctrl Pts',(59.0986887951358,21.2017967649903,2.));
#2194=CARTESIAN_POINT('Ctrl Pts',(59.1000002838672,21.2,2.));
#2195=CARTESIAN_POINT('Ctrl Pts',(57.3243997591236,24.0284271247462,2.00000000000001));
#2196=CARTESIAN_POINT('Ctrl Pts',(57.3137343807475,23.5968575686894,2.00019419182121));
#2197=CARTESIAN_POINT('Ctrl Pts',(57.4737189598155,23.0472377957542,1.99996978896209));
#2198=CARTESIAN_POINT('Ctrl Pts',(57.8467206530874,22.4687940157294,2.00015052708477));
#2199=CARTESIAN_POINT('Ctrl Pts',(58.0599610839187,22.1958905338392,2.00014668929371));
#2200=CARTESIAN_POINT('Ctrl Pts',(58.2974729670364,21.9357026023827,2.00014106122587));
#2201=CARTESIAN_POINT('Ctrl Pts',(58.5534754704264,21.6853550768654,2.00009487499747));
#2202=CARTESIAN_POINT('Ctrl Pts',(58.82197256998,21.442288051879,2.00005484767346));
#2203=CARTESIAN_POINT('Ctrl Pts',(59.0043712003178,21.2832535025573,2.00000571889405));
#2204=CARTESIAN_POINT('Ctrl Pts',(59.0968034328354,21.2027818501107,1.99999993519938));
#2205=CARTESIAN_POINT('Ctrl Pts',(59.0984019069757,21.2013910438636,2.));
#2206=CARTESIAN_POINT('Ctrl Pts',(59.1000002838672,21.2,2.));
#2207=CARTESIAN_POINT('Ctrl Pts',(57.1000002838672,24.0284271247462,2.00000000000001));
#2208=CARTESIAN_POINT('Ctrl Pts',(57.1000002838672,23.549156166786,2.00000000000001));
#2209=CARTESIAN_POINT('Ctrl Pts',(57.299744352697,22.9550486687054,2.));
#2210=CARTESIAN_POINT('Ctrl Pts',(57.7271090441931,22.3705569773461,2.00000000000001));
#2211=CARTESIAN_POINT('Ctrl Pts',(57.9670316939641,22.1033072974145,2.));
#2212=CARTESIAN_POINT('Ctrl Pts',(58.2300643666076,21.8572273390292,2.));
#2213=CARTESIAN_POINT('Ctrl Pts',(58.50988026901,21.628259098978,2.));
#2214=CARTESIAN_POINT('Ctrl Pts',(58.8005469669608,21.4120802092248,2.));
#2215=CARTESIAN_POINT('Ctrl Pts',(58.9970117140063,21.2728530732772,2.));
#2216=CARTESIAN_POINT('Ctrl Pts',(59.0965575590198,21.2024340498809,2.));
#2217=CARTESIAN_POINT('Ctrl Pts',(59.0982789549071,21.2012171633807,2.));
#2218=CARTESIAN_POINT('Ctrl Pts',(59.1000002838672,21.2,2.));
#2219=CARTESIAN_POINT('',(59.1000002838672,21.2,2.));
#2220=CARTESIAN_POINT('Ctrl Pts',(57.1000002838672,24.0284271247462,2.00000000000001));
#2221=CARTESIAN_POINT('Ctrl Pts',(57.1000002838672,23.549156166786,2.00000000000001));
#2222=CARTESIAN_POINT('Ctrl Pts',(57.299744352697,22.9550486687054,2.));
#2223=CARTESIAN_POINT('Ctrl Pts',(57.7271090441931,22.3705569773461,2.00000000000001));
#2224=CARTESIAN_POINT('Ctrl Pts',(57.9670316939641,22.1033072974145,2.));
#2225=CARTESIAN_POINT('Ctrl Pts',(58.2300643666076,21.8572273390292,2.));
#2226=CARTESIAN_POINT('Ctrl Pts',(58.50988026901,21.628259098978,2.));
#2227=CARTESIAN_POINT('Ctrl Pts',(58.8005469669608,21.4120802092248,2.));
#2228=CARTESIAN_POINT('Ctrl Pts',(58.9970117140063,21.2728530732772,2.));
#2229=CARTESIAN_POINT('Ctrl Pts',(59.0965575590198,21.2024340498809,2.));
#2230=CARTESIAN_POINT('Ctrl Pts',(59.0982789549071,21.2012171633807,2.));
#2231=CARTESIAN_POINT('Ctrl Pts',(59.1000002838672,21.2,2.));
#2232=CARTESIAN_POINT('Ctrl Pts',(59.1000002838672,21.2,2.));
#2233=CARTESIAN_POINT('Ctrl Pts',(59.0991396193873,21.2024343267609,2.));
#2234=CARTESIAN_POINT('Ctrl Pts',(59.0982789214435,21.204868437885,2.00000336913348));
#2235=CARTESIAN_POINT('Ctrl Pts',(59.0485059989368,21.3456744611473,2.00038583325879));
#2236=CARTESIAN_POINT('Ctrl Pts',(58.950273625414,21.6236439698641,2.02319271366759));
#2237=CARTESIAN_POINT('Ctrl Pts',(58.8049402764386,22.0150317890889,2.11582075355167));
#2238=CARTESIAN_POINT('Ctrl Pts',(58.6650323252374,22.3636531312704,2.24541371860473));
#2239=CARTESIAN_POINT('Ctrl Pts',(58.5335159889156,22.6669469075085,2.38896261931932));
#2240=CARTESIAN_POINT('Ctrl Pts',(58.4135546640301,22.9338126590346,2.52888471718471));
#2241=CARTESIAN_POINT('Ctrl Pts',(58.1998723182821,23.4169494320962,2.78674954245774));
#2242=CARTESIAN_POINT('Ctrl Pts',(58.1000002838671,23.762165481435,2.9246898345779));
#2243=CARTESIAN_POINT('Ctrl Pts',(58.1000002838671,24.0284271247462,3.));
#2244=CARTESIAN_POINT('Origin',(35.4,64.25,2.));
#2245=CARTESIAN_POINT('',(70.8,0.,2.));
#2246=CARTESIAN_POINT('',(70.8,128.5,2.));
#2247=CARTESIAN_POINT('',(70.8,5.55111512312578E-16,2.));
#2248=CARTESIAN_POINT('',(0.,128.5,2.));
#2249=CARTESIAN_POINT('',(70.8,128.5,2.));
#2250=CARTESIAN_POINT('',(0.,0.,2.));
#2251=CARTESIAN_POINT('',(0.,128.5,2.));
#2252=CARTESIAN_POINT('',(0.,0.,2.));
#2253=CARTESIAN_POINT('',(7.1,21.2,2.));
#2254=CARTESIAN_POINT('',(21.25,21.2,2.));
#2255=CARTESIAN_POINT('',(1.1,27.2,2.));
#2256=CARTESIAN_POINT('Origin',(7.1,27.2,2.));
#2257=CARTESIAN_POINT('',(1.1,115.8,2.));
#2258=CARTESIAN_POINT('',(1.1,90.025,2.));
#2259=CARTESIAN_POINT('',(7.1,121.8,2.));
#2260=CARTESIAN_POINT('Origin',(7.1,115.8,2.));
#2261=CARTESIAN_POINT('',(63.7,121.8,2.));
#2262=CARTESIAN_POINT('',(49.55,121.8,2.));
#2263=CARTESIAN_POINT('',(69.7,115.8,2.));
#2264=CARTESIAN_POINT('Origin',(63.7,115.8,2.));
#2265=CARTESIAN_POINT('',(69.7,27.2,2.));
#2266=CARTESIAN_POINT('',(69.7,45.725,2.));
#2267=CARTESIAN_POINT('',(63.7,21.2,2.));
#2268=CARTESIAN_POINT('Origin',(63.7,27.2,2.));
#2269=CARTESIAN_POINT('',(21.25,21.2,2.));
#2270=CARTESIAN_POINT('',(39.1999998580664,25.2,2.));
#2271=CARTESIAN_POINT('',(16.66,16.5,2.));
#2272=CARTESIAN_POINT('Origin',(20.16,16.5,2.));
#2273=CARTESIAN_POINT('',(5.9,3.,2.));
#2274=CARTESIAN_POINT('Origin',(7.5,3.,2.));
#2275=CARTESIAN_POINT('',(61.7,125.5,2.));
#2276=CARTESIAN_POINT('Origin',(63.3,125.5,2.));
#2277=CARTESIAN_POINT('',(61.7,3.,2.));
#2278=CARTESIAN_POINT('Origin',(63.3,3.,2.));
#2279=CARTESIAN_POINT('',(5.9,125.5,2.));
#2280=CARTESIAN_POINT('Origin',(7.5,125.5,2.));
#2281=CARTESIAN_POINT('',(31.9001,16.5,2.));
#2282=CARTESIAN_POINT('Origin',(35.4001,16.5,2.));
#2283=CARTESIAN_POINT('Origin',(11.6999997161329,24.2,6.5));
#2284=CARTESIAN_POINT('',(11.6999997161329,23.2,13.));
#2285=CARTESIAN_POINT('',(11.6999997161329,23.2,6.5));
#2286=CARTESIAN_POINT('Origin',(11.6999997161329,24.2,12.));
#2287=CARTESIAN_POINT('Origin',(11.6999997161329,47.3499999999998,12.));
#2288=CARTESIAN_POINT('',(11.6999997161329,40.3715728752538,13.));
#2289=CARTESIAN_POINT('Origin',(11.6999997161329,40.3715728752538,12.));
#2290=CARTESIAN_POINT('',(11.6999997161329,47.3499999999998,13.));
#2291=CARTESIAN_POINT('Origin',(11.6999997161329,40.3715728752538,16.));
#2292=CARTESIAN_POINT('',(11.6999997161151,41.5830705521706,13.2555012518084));
#2293=CARTESIAN_POINT('Ctrl Pts',(12.6999997161329,43.0173241863184,13.));
#2294=CARTESIAN_POINT('Ctrl Pts',(12.6999997161329,42.6859647572732,13.));
#2295=CARTESIAN_POINT('Ctrl Pts',(12.6279050739075,42.3666971559171,13.0050749169474));
#2296=CARTESIAN_POINT('Ctrl Pts',(12.4762136793542,41.9393306664901,13.0251578873069));
#2297=CARTESIAN_POINT('Ctrl Pts',(12.4005535312701,41.7805155841017,13.0372720528175));
#2298=CARTESIAN_POINT('Ctrl Pts',(12.2807955726594,41.6014086467441,13.0622122401446));
#2299=CARTESIAN_POINT('Ctrl Pts',(12.2335690374137,41.5415602039813,13.0728652591958));
#2300=CARTESIAN_POINT('Ctrl Pts',(12.1479714252935,41.4686937199339,13.0950013216594));
#2301=CARTESIAN_POINT('Ctrl Pts',(12.1117241363799,41.4451739572476,13.1049521104181));
#2302=CARTESIAN_POINT('Ctrl Pts',(12.0410552460925,41.4205494562184,13.1260840323506));
#2303=CARTESIAN_POINT('Ctrl Pts',(12.0095290176799,41.4162262745838,13.1360546442722));
#2304=CARTESIAN_POINT('Ctrl Pts',(11.9435716083608,41.4212959256114,13.1581867838584));
#2305=CARTESIAN_POINT('Ctrl Pts',(11.9113474425322,41.4310938075838,13.1696669881182));
#2306=CARTESIAN_POINT('Ctrl Pts',(11.8257482984262,41.4709113818595,13.201675282389));
#2307=CARTESIAN_POINT('Ctrl Pts',(11.7662407900026,41.5155112950954,13.2256787266381));
#2308=CARTESIAN_POINT('Ctrl Pts',(11.6999997161329,41.5830705521343,13.2555012517924));
#2309=CARTESIAN_POINT('Origin',(11.6999997161329,40.3715728752538,16.));
#2310=CARTESIAN_POINT('Origin',(21.25,21.2,4.));
#2311=CARTESIAN_POINT('',(7.1,23.2,4.));
#2312=CARTESIAN_POINT('',(21.25,23.2,4.));
#2313=CARTESIAN_POINT('Origin',(7.1,21.2,4.));
#2314=CARTESIAN_POINT('Origin',(7.1,23.2,2.));
#2315=CARTESIAN_POINT('',(7.1,23.2,13.));
#2316=CARTESIAN_POINT('',(12.6999997161329,23.2,13.));
#2317=CARTESIAN_POINT('',(7.1,23.2,11.));
#2318=CARTESIAN_POINT('',(7.1,23.2,11.));
#2319=CARTESIAN_POINT('',(7.1,23.2,2.));
#2320=CARTESIAN_POINT('Origin',(7.89999985806606,71.4999999999996,13.));
#2321=CARTESIAN_POINT('',(3.1,40.3715728752538,13.));
#2322=CARTESIAN_POINT('',(3.09999999999997,40.3715728752538,13.));
#2323=CARTESIAN_POINT('',(3.1,27.2,13.));
#2324=CARTESIAN_POINT('',(3.10000000000001,115.8,13.));
#2325=CARTESIAN_POINT('Origin',(7.09999753448776,27.1999975344878,13.));
#2326=CARTESIAN_POINT('',(11.,35.8,13.));
#2327=CARTESIAN_POINT('Origin',(9.7,35.8,13.));
#2328=CARTESIAN_POINT('Origin',(3.09999999999997,40.3715728752538,16.));
#2329=CARTESIAN_POINT('',(10.1,43.2,15.));
#2330=CARTESIAN_POINT('Ctrl Pts',(10.1,43.2,15.));
#2331=CARTESIAN_POINT('Ctrl Pts',(10.1071709815417,43.1927561937877,14.9795114220226));
#2332=CARTESIAN_POINT('Ctrl Pts',(10.1145477007745,43.1853062613117,14.959148326075));
#2333=CARTESIAN_POINT('Ctrl Pts',(10.2584521191844,43.0400033194763,14.5748874482171));
#2334=CARTESIAN_POINT('Ctrl Pts',(10.4627670885112,42.8342189809961,14.2551840089196));
#2335=CARTESIAN_POINT('Ctrl Pts',(10.9846968399221,42.3080832327468,13.6625509834836));
#2336=CARTESIAN_POINT('Ctrl Pts',(11.350191471331,41.9398399060148,13.4129891149961));
#2337=CARTESIAN_POINT('Ctrl Pts',(11.6999997161052,41.5830705521625,13.2555012518048));
#2338=CARTESIAN_POINT('',(3.09999999999997,43.2,15.));
#2339=CARTESIAN_POINT('',(3.09999999999997,43.2,15.));
#2340=CARTESIAN_POINT('Origin',(3.1,40.3715728752538,16.));
#2341=CARTESIAN_POINT('Origin',(12.931575963275,35.8,15.9910487193892));
#2342=CARTESIAN_POINT('',(10.1,49.2,15.));
#2343=CARTESIAN_POINT('Ctrl Pts',(10.1,49.2,15.));
#2344=CARTESIAN_POINT('Ctrl Pts',(10.1345170270543,49.2348675636038,14.9013796373291));
#2345=CARTESIAN_POINT('Ctrl Pts',(10.173891934693,49.2746027552211,14.805460809055));
#2346=CARTESIAN_POINT('Ctrl Pts',(10.3845667639487,49.4870845341434,14.3580494325092));
#2347=CARTESIAN_POINT('Ctrl Pts',(10.6157838205745,49.7199313420015,14.0555392275082));
#2348=CARTESIAN_POINT('Ctrl Pts',(11.1676995483532,50.276639394766,13.5257379384979));
#2349=CARTESIAN_POINT('Ctrl Pts',(11.5367493473579,50.6486447501055,13.3100844684935));
#2350=CARTESIAN_POINT('Ctrl Pts',(12.0491821965669,51.1747965437532,13.117956399448));
#2351=CARTESIAN_POINT('Ctrl Pts',(12.2142424371667,51.3455099569542,13.0741737085299));
#2352=CARTESIAN_POINT('Ctrl Pts',(12.4356563164176,51.587904727363,13.0313777546596));
#2353=CARTESIAN_POINT('Ctrl Pts',(12.5042753974756,51.6651869190219,13.0209845474733));
#2354=CARTESIAN_POINT('Ctrl Pts',(12.5969842223025,51.7852567839981,13.0096022484134));
#2355=CARTESIAN_POINT('Ctrl Pts',(12.6258453765667,51.8251843735806,13.0065620963236));
#2356=CARTESIAN_POINT('Ctrl Pts',(12.6759383852754,51.9139824037135,13.0018542506808));
#2357=CARTESIAN_POINT('Ctrl Pts',(12.6999997161329,51.961216605567,13.));
#2358=CARTESIAN_POINT('Ctrl Pts',(12.6999997161329,52.0284271247462,13.));
#2359=CARTESIAN_POINT('',(10.1,43.2,15.));
#2360=CARTESIAN_POINT('Origin',(59.1000002838671,24.2,6.5));
#2361=CARTESIAN_POINT('',(58.1000002838671,24.2,12.));
#2362=CARTESIAN_POINT('',(58.1000002838671,24.2,4.));
#2363=CARTESIAN_POINT('',(58.1000002838671,24.2,6.5));
#2364=CARTESIAN_POINT('',(59.1000002838671,23.2,4.));
#2365=CARTESIAN_POINT('Origin',(59.1000002838671,24.2,4.));
#2366=CARTESIAN_POINT('',(59.1000002838671,23.2,13.));
#2367=CARTESIAN_POINT('',(59.1000002838671,23.2,6.5));
#2368=CARTESIAN_POINT('Origin',(59.1000002838671,24.2,12.));
#2369=CARTESIAN_POINT('Origin',(59.1000002838672,21.2,4.));
#2370=CARTESIAN_POINT('Origin',(59.1000002838672,21.2,4.));
#2371=CARTESIAN_POINT('Origin',(58.1000002838671,21.2,4.));
#2372=CARTESIAN_POINT('Origin',(59.1000002838671,95.6499999999998,12.));
#2373=CARTESIAN_POINT('',(59.1000002838671,40.3715728752538,13.));
#2374=CARTESIAN_POINT('',(59.1000002838671,95.6499999999998,13.));
#2375=CARTESIAN_POINT('',(58.1000002838671,40.3715728752538,12.));
#2376=CARTESIAN_POINT('Origin',(59.1000002838671,40.3715728752538,12.));
#2377=CARTESIAN_POINT('',(58.1000002838671,95.6499999999998,12.));
#2378=CARTESIAN_POINT('Origin',(59.1000002838671,40.3715728752538,16.));
#2379=CARTESIAN_POINT('',(59.1000002838849,41.5830705521706,13.2555012518084));
#2380=CARTESIAN_POINT('',(58.1000002838671,43.0173241863184,13.));
#2381=CARTESIAN_POINT('Ctrl Pts',(59.1000002838671,41.5830705521343,13.2555012517924));
#2382=CARTESIAN_POINT('Ctrl Pts',(59.0427963368629,41.5247282588482,13.2297473494355));
#2383=CARTESIAN_POINT('Ctrl Pts',(58.9914011188731,41.4842725016139,13.2086914537677));
#2384=CARTESIAN_POINT('Ctrl Pts',(58.9088731616338,41.4384747167789,13.1769994769367));
#2385=CARTESIAN_POINT('Ctrl Pts',(58.8710484876462,41.423999806834,13.1632370647595));
#2386=CARTESIAN_POINT('Ctrl Pts',(58.7990486628857,41.41588515973,13.1388413827871));
#2387=CARTESIAN_POINT('Ctrl Pts',(58.7675128366758,41.4189240194119,13.1287582880859));
#2388=CARTESIAN_POINT('Ctrl Pts',(58.7029152229153,41.4389540995215,13.1092373895812));
#2389=CARTESIAN_POINT('Ctrl Pts',(58.6719450022042,41.4562261666333,13.1005082834377));
#2390=CARTESIAN_POINT('Ctrl Pts',(58.5976485658865,41.5112309099486,13.0806398989544));
#2391=CARTESIAN_POINT('Ctrl Pts',(58.5564996958305,41.5563569963439,13.0708017503358));
#2392=CARTESIAN_POINT('Ctrl Pts',(58.4507216926258,41.6942250113977,13.0472112666345));
#2393=CARTESIAN_POINT('Ctrl Pts',(58.3846608756619,41.8148560496827,13.0352386641955));
#2394=CARTESIAN_POINT('Ctrl Pts',(58.2555115958187,42.1125270912577,13.0152276961311));
#2395=CARTESIAN_POINT('Ctrl Pts',(58.1983328212469,42.2947009315386,13.0089916217326));
#2396=CARTESIAN_POINT('Ctrl Pts',(58.1217465669426,42.6521140131234,13.0015196274238));
#2397=CARTESIAN_POINT('Ctrl Pts',(58.1000002838671,42.8355977134148,13.));
#2398=CARTESIAN_POINT('Ctrl Pts',(58.1000002838671,43.0173241863184,13.));
#2399=CARTESIAN_POINT('Origin',(58.1000002838671,40.3715728752538,16.));
#2400=CARTESIAN_POINT('Origin',(59.1000002838671,40.3715728752538,16.));
#2401=CARTESIAN_POINT('Origin',(58.1000002838672,119.8,11.));
#2402=CARTESIAN_POINT('',(58.1000002838671,52.0284271247462,13.));
#2403=CARTESIAN_POINT('',(58.1000002838671,35.8,13.));
#2404=CARTESIAN_POINT('',(58.1000002838672,117.8,13.));
#2405=CARTESIAN_POINT('',(58.1000002838671,35.8,13.));
#2406=CARTESIAN_POINT('',(58.1000002838672,117.8,11.));
#2407=CARTESIAN_POINT('',(58.1000002838672,117.8,5.5));
#2408=CARTESIAN_POINT('',(58.1000002838671,25.2,11.));
#2409=CARTESIAN_POINT('',(58.1000002838671,35.8,11.));
#2410=CARTESIAN_POINT('',(58.1000002838671,25.2,1.));
#2411=CARTESIAN_POINT('Origin',(57.868424036725,35.8,15.9910487193892));
#2412=CARTESIAN_POINT('',(60.7,43.2,15.));
#2413=CARTESIAN_POINT('Ctrl Pts',(59.1000002838948,41.5830705521625,13.2555012518048));
#2414=CARTESIAN_POINT('Ctrl Pts',(59.449808528669,41.9398399060148,13.4129891149961));
#2415=CARTESIAN_POINT('Ctrl Pts',(59.8153031600778,42.3080832327468,13.6625509834836));
#2416=CARTESIAN_POINT('Ctrl Pts',(60.3372329114888,42.8342189809961,14.2551840089196));
#2417=CARTESIAN_POINT('Ctrl Pts',(60.5415478808155,43.0400033194763,14.5748874482171));
#2418=CARTESIAN_POINT('Ctrl Pts',(60.6854522992255,43.1853062613117,14.959148326075));
#2419=CARTESIAN_POINT('Ctrl Pts',(60.6928290184583,43.1927561937877,14.9795114220226));
#2420=CARTESIAN_POINT('Ctrl Pts',(60.7,43.2,15.));
#2421=CARTESIAN_POINT('',(60.7,49.2,15.));
#2422=CARTESIAN_POINT('',(60.7,43.2,15.));
#2423=CARTESIAN_POINT('Ctrl Pts',(60.7,49.2,15.));
#2424=CARTESIAN_POINT('Ctrl Pts',(60.6928290184583,49.2072438062124,14.9795114220226));
#2425=CARTESIAN_POINT('Ctrl Pts',(60.6854522992255,49.2146937386884,14.959148326075));
#2426=CARTESIAN_POINT('Ctrl Pts',(60.5415478808156,49.3599966805237,14.5748874482171));
#2427=CARTESIAN_POINT('Ctrl Pts',(60.3372329114888,49.5657810190039,14.2551840089196));
#2428=CARTESIAN_POINT('Ctrl Pts',(59.7903977382346,50.117022890676,13.6342717457953));
#2429=CARTESIAN_POINT('Ctrl Pts',(59.3893377020118,50.520875601994,13.3735515074635));
#2430=CARTESIAN_POINT('Ctrl Pts',(58.8271564995947,51.0958589819786,13.1411451198654));
#2431=CARTESIAN_POINT('Ctrl Pts',(58.6444222237189,51.2836467268957,13.0883263667855));
#2432=CARTESIAN_POINT('Ctrl Pts',(58.3988377595913,51.5493462158825,13.0371269423792));
#2433=CARTESIAN_POINT('Ctrl Pts',(58.3223474762976,51.633907107789,13.0247671304445));
#2434=CARTESIAN_POINT('Ctrl Pts',(58.2183882212882,51.7643649394327,13.0113253534733));
#2435=CARTESIAN_POINT('Ctrl Pts',(58.1859367356998,51.8075024368216,13.007760397434));
#2436=CARTESIAN_POINT('Ctrl Pts',(58.1430371625934,51.8793741270811,13.0036091681805));
#2437=CARTESIAN_POINT('Ctrl Pts',(58.1297970571546,51.9043372622304,13.0024371647417));
#2438=CARTESIAN_POINT('Ctrl Pts',(58.1084315195808,51.9602085071615,13.0006455064565));
#2439=CARTESIAN_POINT('Ctrl Pts',(58.1000002838671,51.9909983626039,13.));
#2440=CARTESIAN_POINT('Ctrl Pts',(58.1000002838671,52.0284271247462,13.));
#2441=CARTESIAN_POINT('Origin',(65.7,25.2,0.));
#2442=CARTESIAN_POINT('',(63.7,25.2,11.));
#2443=CARTESIAN_POINT('',(63.7,25.2,11.));
#2444=CARTESIAN_POINT('',(63.7,25.2,0.));
#2445=CARTESIAN_POINT('',(63.7,25.2,0.));
#2446=CARTESIAN_POINT('',(7.1,25.2,0.));
#2447=CARTESIAN_POINT('',(65.7,25.2,0.));
#2448=CARTESIAN_POINT('',(7.1,25.2,11.));
#2449=CARTESIAN_POINT('',(7.1,25.2,0.));
#2450=CARTESIAN_POINT('',(63.7,25.2,11.));
#2451=CARTESIAN_POINT('Origin',(7.1,23.2,2.));
#2452=CARTESIAN_POINT('',(63.7,23.2,4.));
#2453=CARTESIAN_POINT('',(21.25,23.2,4.));
#2454=CARTESIAN_POINT('',(63.7,23.2,11.));
#2455=CARTESIAN_POINT('',(63.7,23.2,2.));
#2456=CARTESIAN_POINT('',(63.7,23.2,13.));
#2457=CARTESIAN_POINT('',(63.7,23.2,11.));
#2458=CARTESIAN_POINT('',(58.1000002838671,23.2,13.));
#2459=CARTESIAN_POINT('Origin',(21.25,21.2,4.));
#2460=CARTESIAN_POINT('Origin',(63.7,21.2,4.));
#2461=CARTESIAN_POINT('Origin',(10.1,52.0284271247462,16.));
#2462=CARTESIAN_POINT('',(3.1,52.0284271247462,13.));
#2463=CARTESIAN_POINT('',(10.1,52.0284271247462,13.));
#2464=CARTESIAN_POINT('',(3.09999999999997,49.2,15.));
#2465=CARTESIAN_POINT('Origin',(3.1,52.0284271247462,16.));
#2466=CARTESIAN_POINT('',(10.1,49.2,15.));
#2467=CARTESIAN_POINT('Origin',(7.89999985806606,71.4999999999996,13.));
#2468=CARTESIAN_POINT('',(12.6999997161328,119.8,13.));
#2469=CARTESIAN_POINT('',(12.6999997161329,35.8,13.));
#2470=CARTESIAN_POINT('',(7.1,119.8,13.));
#2471=CARTESIAN_POINT('',(12.6999997161328,119.8,13.));
#2472=CARTESIAN_POINT('',(3.10000000000002,115.8,13.));
#2473=CARTESIAN_POINT('Origin',(7.1,115.8,13.));
#2474=CARTESIAN_POINT('',(3.10000000000001,115.8,13.));
#2475=CARTESIAN_POINT('',(11.,110.94,13.));
#2476=CARTESIAN_POINT('Origin',(9.69999999999999,110.94,13.));
#2477=CARTESIAN_POINT('Origin',(62.9000001419339,71.4999999999996,13.));
#2478=CARTESIAN_POINT('',(67.7,52.0284271247462,13.));
#2479=CARTESIAN_POINT('',(60.7,52.0284271247462,13.));
#2480=CARTESIAN_POINT('',(67.7,115.8,13.));
#2481=CARTESIAN_POINT('',(67.7,115.8,13.));
#2482=CARTESIAN_POINT('',(63.7,119.8,13.));
#2483=CARTESIAN_POINT('Origin',(63.7,115.8,13.));
#2484=CARTESIAN_POINT('',(58.1000002838672,119.8,13.));
#2485=CARTESIAN_POINT('',(58.1000002838672,119.8,13.));
#2486=CARTESIAN_POINT('',(58.1000002838671,35.8,13.));
#2487=CARTESIAN_POINT('',(62.4,110.94,13.));
#2488=CARTESIAN_POINT('Origin',(61.1,110.94,13.));
#2489=CARTESIAN_POINT('Origin',(62.9000001419339,71.4999999999996,13.));
#2490=CARTESIAN_POINT('',(67.7,27.2,13.));
#2491=CARTESIAN_POINT('Origin',(63.7000024655122,27.1999975344878,13.));
#2492=CARTESIAN_POINT('',(67.7,40.3715728752538,13.));
#2493=CARTESIAN_POINT('',(67.7,115.8,13.));
#2494=CARTESIAN_POINT('',(67.7,40.3715728752538,13.));
#2495=CARTESIAN_POINT('',(62.4,35.8,13.));
#2496=CARTESIAN_POINT('Origin',(61.1,35.8,13.));
#2497=CARTESIAN_POINT('Origin',(67.7,40.3715728752538,16.));
#2498=CARTESIAN_POINT('',(67.7,43.2,15.));
#2499=CARTESIAN_POINT('Origin',(67.7,40.3715728752538,16.));
#2500=CARTESIAN_POINT('',(67.7,43.2,15.));
#2501=CARTESIAN_POINT('Origin',(60.7,52.0284271247462,16.));
#2502=CARTESIAN_POINT('',(67.7,49.2,15.));
#2503=CARTESIAN_POINT('Origin',(67.7,52.0284271247462,16.));
#2504=CARTESIAN_POINT('',(60.7,49.2,15.));
#2505=CARTESIAN_POINT('Origin',(6.59999999999997,46.2,15.));
#2506=CARTESIAN_POINT('',(3.09999999999997,49.2,15.));
#2507=CARTESIAN_POINT('',(9.14999999999997,46.3,15.));
#2508=CARTESIAN_POINT('Origin',(7.39999999999997,46.3,15.));
#2509=CARTESIAN_POINT('Origin',(3.1,115.8,2.));
#2510=CARTESIAN_POINT('',(3.10000000000001,115.8,4.));
#2511=CARTESIAN_POINT('',(3.10000000000001,115.8,2.));
#2512=CARTESIAN_POINT('',(3.1,27.2,4.));
#2513=CARTESIAN_POINT('',(3.1,90.025,4.));
#2514=CARTESIAN_POINT('',(3.1,27.2,11.));
#2515=CARTESIAN_POINT('',(3.1,27.2,2.));
#2516=CARTESIAN_POINT('',(3.1,27.2,11.));
#2517=CARTESIAN_POINT('Origin',(64.2,46.2,15.));
#2518=CARTESIAN_POINT('',(67.7,49.2,15.));
#2519=CARTESIAN_POINT('',(65.15,46.3,15.));
#2520=CARTESIAN_POINT('Origin',(63.4,46.3,15.));
#2521=CARTESIAN_POINT('Origin',(63.7,115.8,4.));
#2522=CARTESIAN_POINT('',(63.7,119.8,4.));
#2523=CARTESIAN_POINT('Origin',(63.7,121.8,4.));
#2524=CARTESIAN_POINT('',(67.7,115.8,4.));
#2525=CARTESIAN_POINT('Origin',(63.7,115.8,4.));
#2526=CARTESIAN_POINT('Origin',(69.7,115.8,4.));
#2527=CARTESIAN_POINT('Origin',(69.7,45.725,4.));
#2528=CARTESIAN_POINT('',(67.7,27.2,4.));
#2529=CARTESIAN_POINT('Origin',(69.7,27.2,4.));
#2530=CARTESIAN_POINT('',(67.7,45.725,4.));
#2531=CARTESIAN_POINT('Origin',(63.7,27.2,4.));
#2532=CARTESIAN_POINT('Origin',(63.7,27.2,4.));
#2533=CARTESIAN_POINT('Origin',(7.1,27.2,4.));
#2534=CARTESIAN_POINT('Origin',(1.1,27.2,4.));
#2535=CARTESIAN_POINT('Origin',(7.1,27.2,4.));
#2536=CARTESIAN_POINT('Origin',(1.1,90.025,4.));
#2537=CARTESIAN_POINT('Origin',(1.1,115.8,4.));
#2538=CARTESIAN_POINT('Origin',(7.1,115.8,4.));
#2539=CARTESIAN_POINT('',(7.1,119.8,4.));
#2540=CARTESIAN_POINT('Origin',(7.1,121.8,4.));
#2541=CARTESIAN_POINT('Origin',(7.1,115.8,4.));
#2542=CARTESIAN_POINT('Origin',(49.55,121.8,4.));
#2543=CARTESIAN_POINT('',(49.55,119.8,4.));
#2544=CARTESIAN_POINT('Origin',(63.7,27.2,2.));
#2545=CARTESIAN_POINT('',(67.7,27.2,11.));
#2546=CARTESIAN_POINT('',(67.7,27.2,2.));
#2547=CARTESIAN_POINT('Origin',(63.7,27.2,11.));
#2548=CARTESIAN_POINT('Origin',(67.7,27.2,2.));
#2549=CARTESIAN_POINT('',(67.7,27.2,11.));
#2550=CARTESIAN_POINT('',(67.7,115.8,2.));
#2551=CARTESIAN_POINT('Origin',(63.7,115.8,2.));
#2552=CARTESIAN_POINT('',(63.7,119.8,2.));
#2553=CARTESIAN_POINT('Origin',(56.1000002838671,95.65,13.));
#2554=CARTESIAN_POINT('',(56.1000002838672,117.8,11.));
#2555=CARTESIAN_POINT('Origin',(56.1000002838672,117.8,13.));
#2556=CARTESIAN_POINT('',(56.1000002838672,119.8,11.));
#2557=CARTESIAN_POINT('Origin',(56.1000002838672,119.8,13.));
#2558=CARTESIAN_POINT('',(56.1000002838671,95.65,11.));
#2559=CARTESIAN_POINT('Origin',(14.6999997161329,47.35,13.));
#2560=CARTESIAN_POINT('',(14.6999997161329,117.8,11.));
#2561=CARTESIAN_POINT('Origin',(14.6999997161329,117.8,13.));
#2562=CARTESIAN_POINT('',(14.6999997161329,119.8,11.));
#2563=CARTESIAN_POINT('',(14.6999997161329,47.35,11.));
#2564=CARTESIAN_POINT('Origin',(14.6999997161329,119.8,13.));
#2565=CARTESIAN_POINT('Origin',(35.4,71.5,11.));
#2566=CARTESIAN_POINT('',(7.1,119.8,11.));
#2567=CARTESIAN_POINT('',(7.1,117.8,11.));
#2568=CARTESIAN_POINT('Origin',(9.69999999999999,110.94,11.));
#2569=CARTESIAN_POINT('',(11.,110.94,11.));
#2570=CARTESIAN_POINT('',(11.,110.94,11.));
#2571=CARTESIAN_POINT('Origin',(9.69999999999999,110.94,11.));
#2572=CARTESIAN_POINT('Origin',(9.7,35.8,11.));
#2573=CARTESIAN_POINT('',(11.,35.8,11.));
#2574=CARTESIAN_POINT('',(11.,35.8,11.));
#2575=CARTESIAN_POINT('Origin',(9.7,35.8,11.));
#2576=CARTESIAN_POINT('Origin',(7.39999999999997,46.3,11.));
#2577=CARTESIAN_POINT('',(9.14999999999997,46.3,11.));
#2578=CARTESIAN_POINT('',(9.14999999999997,46.3,11.));
#2579=CARTESIAN_POINT('Origin',(7.39999999999997,46.3,11.));
#2580=CARTESIAN_POINT('Origin',(7.09999753448776,27.1999975344878,11.));
#2581=CARTESIAN_POINT('Origin',(7.1,27.2,11.));
#2582=CARTESIAN_POINT('Origin',(7.89999985806606,71.4999999999996,11.));
#2583=CARTESIAN_POINT('',(5.1,27.2,11.));
#2584=CARTESIAN_POINT('',(5.10000000000001,115.8,11.));
#2585=CARTESIAN_POINT('',(5.1,27.2,11.));
#2586=CARTESIAN_POINT('',(7.1,117.8,11.));
#2587=CARTESIAN_POINT('Origin',(7.1,115.8,11.));
#2588=CARTESIAN_POINT('',(7.1,117.8,11.));
#2589=CARTESIAN_POINT('Origin',(7.1,27.2,11.));
#2590=CARTESIAN_POINT('Origin',(62.9000001419339,71.4999999999996,11.));
#2591=CARTESIAN_POINT('',(65.7,115.8,11.));
#2592=CARTESIAN_POINT('',(65.7,27.2,11.));
#2593=CARTESIAN_POINT('',(65.7,115.8,11.));
#2594=CARTESIAN_POINT('Origin',(63.7,27.2,11.));
#2595=CARTESIAN_POINT('',(63.7,117.8,11.));
#2596=CARTESIAN_POINT('',(7.1,117.8,11.));
#2597=CARTESIAN_POINT('Origin',(63.7,115.8,11.));
#2598=CARTESIAN_POINT('',(65.15,46.3,11.));
#2599=CARTESIAN_POINT('Origin',(63.4,46.3,11.));
#2600=CARTESIAN_POINT('',(62.4,35.8,11.));
#2601=CARTESIAN_POINT('Origin',(61.1,35.8,11.));
#2602=CARTESIAN_POINT('',(62.4,110.94,11.));
#2603=CARTESIAN_POINT('Origin',(61.1,110.94,11.));
#2604=CARTESIAN_POINT('Origin',(61.1,35.8,11.));
#2605=CARTESIAN_POINT('',(62.4,35.8,11.));
#2606=CARTESIAN_POINT('Origin',(63.4,46.3,11.));
#2607=CARTESIAN_POINT('',(65.15,46.3,11.));
#2608=CARTESIAN_POINT('Origin',(61.1,110.94,11.));
#2609=CARTESIAN_POINT('',(62.4,110.94,11.));
#2610=CARTESIAN_POINT('Origin',(63.7000024655122,27.1999975344878,11.));
#2611=CARTESIAN_POINT('Origin',(7.1,27.2,2.));
#2612=CARTESIAN_POINT('Origin',(7.1,115.8,2.));
#2613=CARTESIAN_POINT('',(7.1,119.8,2.));
#2614=CARTESIAN_POINT('Origin',(63.7,119.8,2.));
#2615=CARTESIAN_POINT('Origin',(63.7,27.2,0.));
#2616=CARTESIAN_POINT('',(65.7,27.2,0.));
#2617=CARTESIAN_POINT('Origin',(63.7,27.2,0.));
#2618=CARTESIAN_POINT('',(65.7,27.2,0.));
#2619=CARTESIAN_POINT('Origin',(7.1,27.2,0.));
#2620=CARTESIAN_POINT('',(5.1,27.2,0.));
#2621=CARTESIAN_POINT('Origin',(7.1,27.2,0.));
#2622=CARTESIAN_POINT('',(5.1,27.2,0.));
#2623=CARTESIAN_POINT('Origin',(5.1,25.2,0.));
#2624=CARTESIAN_POINT('',(5.1,115.8,0.));
#2625=CARTESIAN_POINT('',(5.1,25.2,0.));
#2626=CARTESIAN_POINT('',(5.1,115.8,0.));
#2627=CARTESIAN_POINT('Origin',(7.1,115.8,0.));
#2628=CARTESIAN_POINT('',(7.1,117.8,0.));
#2629=CARTESIAN_POINT('Origin',(7.1,115.8,0.));
#2630=CARTESIAN_POINT('',(7.1,117.8,0.));
#2631=CARTESIAN_POINT('Origin',(5.1,117.8,0.));
#2632=CARTESIAN_POINT('',(63.7,117.8,0.));
#2633=CARTESIAN_POINT('',(5.1,117.8,0.));
#2634=CARTESIAN_POINT('',(63.7,117.8,0.));
#2635=CARTESIAN_POINT('Origin',(63.7,115.8,0.));
#2636=CARTESIAN_POINT('',(65.7,115.8,0.));
#2637=CARTESIAN_POINT('Origin',(63.7,115.8,0.));
#2638=CARTESIAN_POINT('',(65.7,115.8,0.));
#2639=CARTESIAN_POINT('Origin',(65.7,117.8,0.));
#2640=CARTESIAN_POINT('',(65.7,117.8,0.));
#2641=CARTESIAN_POINT('Origin',(35.4001,16.5,0.));
#2642=CARTESIAN_POINT('',(31.9001,16.5,0.));
#2643=CARTESIAN_POINT('',(31.9001,16.5,0.));
#2644=CARTESIAN_POINT('Origin',(35.4001,16.5,0.));
#2645=CARTESIAN_POINT('Origin',(7.5,125.5,0.));
#2646=CARTESIAN_POINT('',(5.9,125.5,0.));
#2647=CARTESIAN_POINT('',(5.9,125.5,0.));
#2648=CARTESIAN_POINT('Origin',(7.5,125.5,0.));
#2649=CARTESIAN_POINT('Origin',(63.3,3.,0.));
#2650=CARTESIAN_POINT('',(61.7,3.,0.));
#2651=CARTESIAN_POINT('',(61.7,3.,0.));
#2652=CARTESIAN_POINT('Origin',(63.3,3.,0.));
#2653=CARTESIAN_POINT('Origin',(63.3,125.5,0.));
#2654=CARTESIAN_POINT('',(61.7,125.5,0.));
#2655=CARTESIAN_POINT('',(61.7,125.5,0.));
#2656=CARTESIAN_POINT('Origin',(63.3,125.5,0.));
#2657=CARTESIAN_POINT('Origin',(7.5,3.,0.));
#2658=CARTESIAN_POINT('',(5.9,3.,0.));
#2659=CARTESIAN_POINT('',(5.9,3.,0.));
#2660=CARTESIAN_POINT('Origin',(7.5,3.,0.));
#2661=CARTESIAN_POINT('Origin',(20.16,16.5,0.));
#2662=CARTESIAN_POINT('',(16.66,16.5,0.));
#2663=CARTESIAN_POINT('',(16.66,16.5,0.));
#2664=CARTESIAN_POINT('Origin',(20.16,16.5,0.));
#2665=CARTESIAN_POINT('Origin',(0.,0.,0.));
#2666=CARTESIAN_POINT('',(0.,0.,0.));
#2667=CARTESIAN_POINT('',(70.8,5.55111512312578E-16,0.));
#2668=CARTESIAN_POINT('',(0.,0.,0.));
#2669=CARTESIAN_POINT('',(70.8,5.55111512312578E-16,0.));
#2670=CARTESIAN_POINT('',(0.,0.,0.));
#2671=CARTESIAN_POINT('Origin',(0.,128.5,0.));
#2672=CARTESIAN_POINT('',(0.,128.5,0.));
#2673=CARTESIAN_POINT('',(0.,128.5,0.));
#2674=CARTESIAN_POINT('',(0.,128.5,0.));
#2675=CARTESIAN_POINT('Origin',(70.8,128.5,0.));
#2676=CARTESIAN_POINT('',(70.8,128.5,0.));
#2677=CARTESIAN_POINT('',(70.8,128.5,0.));
#2678=CARTESIAN_POINT('',(70.8,128.5,0.));
#2679=CARTESIAN_POINT('Origin',(70.8,5.55111512312578E-16,0.));
#2680=CARTESIAN_POINT('',(70.8,5.55111512312578E-16,0.));
#2681=CARTESIAN_POINT('Origin',(35.4,64.25,0.));
#2682=CARTESIAN_POINT('',(0.,0.,0.));
#2683=UNCERTAINTY_MEASURE_WITH_UNIT(LENGTH_MEASURE(0.01),#2689,
'DISTANCE_ACCURACY_VALUE',
'Maximum model space distance between geometric entities at asserted c
onnectivities');
#2684=UNCERTAINTY_MEASURE_WITH_UNIT(LENGTH_MEASURE(0.01),#2689,
'DISTANCE_ACCURACY_VALUE',
'Maximum model space distance between geometric entities at asserted c
onnectivities');
#2685=UNCERTAINTY_MEASURE_WITH_UNIT(LENGTH_MEASURE(0.01),#2689,
'DISTANCE_ACCURACY_VALUE',
'Maximum model space distance between geometric entities at asserted c
onnectivities');
#2686=(
GEOMETRIC_REPRESENTATION_CONTEXT(3)
GLOBAL_UNCERTAINTY_ASSIGNED_CONTEXT((#2683))
GLOBAL_UNIT_ASSIGNED_CONTEXT((#2689,#2691,#2692))
REPRESENTATION_CONTEXT('','3D')
);
#2687=(
GEOMETRIC_REPRESENTATION_CONTEXT(3)
GLOBAL_UNCERTAINTY_ASSIGNED_CONTEXT((#2684))
GLOBAL_UNIT_ASSIGNED_CONTEXT((#2689,#2691,#2692))
REPRESENTATION_CONTEXT('','3D')
);
#2688=(
GEOMETRIC_REPRESENTATION_CONTEXT(3)
GLOBAL_UNCERTAINTY_ASSIGNED_CONTEXT((#2685))
GLOBAL_UNIT_ASSIGNED_CONTEXT((#2689,#2691,#2692))
REPRESENTATION_CONTEXT('','3D')
);
#2689=(
LENGTH_UNIT()
NAMED_UNIT(*)
SI_UNIT(.MILLI.,.METRE.)
);
#2690=(
LENGTH_UNIT()
NAMED_UNIT(*)
SI_UNIT($,.METRE.)
);
#2691=(
NAMED_UNIT(*)
PLANE_ANGLE_UNIT()
SI_UNIT($,.RADIAN.)
);
#2692=(
NAMED_UNIT(*)
SI_UNIT($,.STERADIAN.)
SOLID_ANGLE_UNIT()
);
#2693=SHAPE_DEFINITION_REPRESENTATION(#2695,#2698);
#2694=SHAPE_DEFINITION_REPRESENTATION(#2696,#2699);
#2695=PRODUCT_DEFINITION_SHAPE('',$,#2701);
#2696=PRODUCT_DEFINITION_SHAPE('',$,#2702);
#2697=PRODUCT_DEFINITION_SHAPE($,$,#14);
#2698=SHAPE_REPRESENTATION('',(#1445,#1602),#2686);
#2699=SHAPE_REPRESENTATION('',(#1446),#2687);
#2700=PRODUCT_DEFINITION_CONTEXT('part definition',#2708,'design');
#2701=PRODUCT_DEFINITION('Rackglow','Rackglow v2',#2703,#2700);
#2702=PRODUCT_DEFINITION('Control Panel','Control Panel',#2704,#2700);
#2703=PRODUCT_DEFINITION_FORMATION('',$,#2710);
#2704=PRODUCT_DEFINITION_FORMATION('',$,#2711);
#2705=PRODUCT_RELATED_PRODUCT_CATEGORY('Rackglow v2','Rackglow v2',(#2710));
#2706=PRODUCT_RELATED_PRODUCT_CATEGORY('Control Panel','Control Panel',
(#2711));
#2707=APPLICATION_PROTOCOL_DEFINITION('international standard',
'automotive_design',2009,#2708);
#2708=APPLICATION_CONTEXT(
'Core Data for Automotive Mechanical Design Process');
#2709=PRODUCT_CONTEXT('part definition',#2708,'mechanical');
#2710=PRODUCT('Rackglow','Rackglow v2',$,(#2709));
#2711=PRODUCT('Control Panel','Control Panel',$,(#2709));
#2712=PRESENTATION_STYLE_ASSIGNMENT((#2713));
#2713=SURFACE_STYLE_USAGE(.BOTH.,#2714);
#2714=SURFACE_SIDE_STYLE('',(#2715));
#2715=SURFACE_STYLE_FILL_AREA(#2716);
#2716=FILL_AREA_STYLE('Steel - Satin',(#2717));
#2717=FILL_AREA_STYLE_COLOUR('Steel - Satin',#2718);
#2718=COLOUR_RGB('Steel - Satin',0.627450980392157,0.627450980392157,0.627450980392157);
ENDSEC;
END-ISO-10303-21;
