ISO-10303-21;
HEADER;
/* Generated by software containing ST-Developer
 * from STEP Tools, Inc. (www.steptools.com) 
 */

FILE_DESCRIPTION(
/* description */ (''),
/* implementation_level */ '2;1');

FILE_NAME(
/* name */ 'Rackglow v3.step',
/* time_stamp */ '2026-09-22T10:03:43+12:00',
/* author */ (''),
/* organization */ (''),
/* preprocessor_version */ 'ST-DEVELOPER v20.2',
/* originating_system */ 'Autodesk Translation Framework v15.15.0.0',
/* authorisation */ '');

FILE_SCHEMA (('AUTOMOTIVE_DESIGN { 1 0 10303 214 3 1 1 }'));
ENDSEC;

DATA;
#10=MECHANICAL_DESIGN_GEOMETRIC_PRESENTATION_REPRESENTATION('',(#35,#36,
#37,#38),#6396);
#11=ITEM_DEFINED_TRANSFORMATION($,$,#3669,#4031);
#12=ITEM_DEFINED_TRANSFORMATION($,$,#3825,#4032);
#13=ITEM_DEFINED_TRANSFORMATION($,$,#3940,#4033);
#14=ITEM_DEFINED_TRANSFORMATION($,$,#3997,#4034);
#15=(
REPRESENTATION_RELATIONSHIP($,$,#6416,#6415)
REPRESENTATION_RELATIONSHIP_WITH_TRANSFORMATION(#11)
SHAPE_REPRESENTATION_RELATIONSHIP()
);
#16=(
REPRESENTATION_RELATIONSHIP($,$,#6417,#6415)
REPRESENTATION_RELATIONSHIP_WITH_TRANSFORMATION(#12)
SHAPE_REPRESENTATION_RELATIONSHIP()
);
#17=(
REPRESENTATION_RELATIONSHIP($,$,#6418,#6415)
REPRESENTATION_RELATIONSHIP_WITH_TRANSFORMATION(#13)
SHAPE_REPRESENTATION_RELATIONSHIP()
);
#18=(
REPRESENTATION_RELATIONSHIP($,$,#6419,#6415)
REPRESENTATION_RELATIONSHIP_WITH_TRANSFORMATION(#14)
SHAPE_REPRESENTATION_RELATIONSHIP()
);
#19=CONTEXT_DEPENDENT_SHAPE_REPRESENTATION(#15,#6411);
#20=CONTEXT_DEPENDENT_SHAPE_REPRESENTATION(#16,#6412);
#21=CONTEXT_DEPENDENT_SHAPE_REPRESENTATION(#17,#6413);
#22=CONTEXT_DEPENDENT_SHAPE_REPRESENTATION(#18,#6414);
#23=NEXT_ASSEMBLY_USAGE_OCCURRENCE('Control Panel:1','Control Panel:1',
'Control Panel:1',#6421,#6422,'Control Panel:1');
#24=NEXT_ASSEMBLY_USAGE_OCCURRENCE('Curved Light Holder:1',
'Curved Light Holder:1','Curved Light Holder:1',#6421,#6423,
'Curved Light Holder:1');
#25=NEXT_ASSEMBLY_USAGE_OCCURRENCE('Plug Cover:1','Plug Cover:1',
'Plug Cover:1',#6421,#6424,'Plug Cover:1');
#26=NEXT_ASSEMBLY_USAGE_OCCURRENCE('Power Cover:1','Power Cover:1',
'Power Cover:1',#6421,#6425,'Power Cover:1');
#27=SHAPE_REPRESENTATION_RELATIONSHIP('SRR','None',#6416,#31);
#28=SHAPE_REPRESENTATION_RELATIONSHIP('SRR','None',#6417,#32);
#29=SHAPE_REPRESENTATION_RELATIONSHIP('SRR','None',#6418,#33);
#30=SHAPE_REPRESENTATION_RELATIONSHIP('SRR','None',#6419,#34);
#31=ADVANCED_BREP_SHAPE_REPRESENTATION('',(#39),#6392);
#32=ADVANCED_BREP_SHAPE_REPRESENTATION('',(#40),#6393);
#33=ADVANCED_BREP_SHAPE_REPRESENTATION('',(#41),#6394);
#34=ADVANCED_BREP_SHAPE_REPRESENTATION('',(#42),#6395);
#35=STYLED_ITEM('',(#6444),#39);
#36=STYLED_ITEM('',(#6444),#40);
#37=STYLED_ITEM('',(#6444),#41);
#38=STYLED_ITEM('',(#6444),#42);
#39=MANIFOLD_SOLID_BREP('Body1',#3619);
#40=MANIFOLD_SOLID_BREP('Body1',#3620);
#41=MANIFOLD_SOLID_BREP('Body1',#3621);
#42=MANIFOLD_SOLID_BREP('Body1',#3622);
#43=ELLIPSE('',#3694,1.4142135623731,1.);
#44=ELLIPSE('',#3710,1.4142135623731,1.);
#45=FACE_BOUND('',#411,.T.);
#46=FACE_BOUND('',#412,.T.);
#47=FACE_BOUND('',#413,.T.);
#48=FACE_BOUND('',#414,.T.);
#49=FACE_BOUND('',#415,.T.);
#50=FACE_BOUND('',#416,.T.);
#51=FACE_BOUND('',#417,.T.);
#52=FACE_BOUND('',#424,.T.);
#53=FACE_BOUND('',#438,.T.);
#54=FACE_BOUND('',#440,.T.);
#55=FACE_BOUND('',#442,.T.);
#56=FACE_BOUND('',#446,.T.);
#57=FACE_BOUND('',#449,.T.);
#58=FACE_BOUND('',#468,.T.);
#59=FACE_BOUND('',#469,.T.);
#60=FACE_BOUND('',#470,.T.);
#61=FACE_BOUND('',#472,.T.);
#62=FACE_BOUND('',#473,.T.);
#63=FACE_BOUND('',#474,.T.);
#64=FACE_BOUND('',#500,.T.);
#65=FACE_BOUND('',#501,.T.);
#66=FACE_BOUND('',#502,.T.);
#67=FACE_BOUND('',#503,.T.);
#68=FACE_BOUND('',#504,.T.);
#69=FACE_BOUND('',#505,.T.);
#70=FACE_BOUND('',#506,.T.);
#71=FACE_BOUND('',#513,.T.);
#72=FACE_BOUND('',#517,.T.);
#73=FACE_BOUND('',#520,.T.);
#74=FACE_BOUND('',#524,.T.);
#75=FACE_BOUND('',#526,.T.);
#76=FACE_BOUND('',#527,.T.);
#77=FACE_BOUND('',#528,.T.);
#78=FACE_BOUND('',#543,.T.);
#79=FACE_BOUND('',#544,.T.);
#80=FACE_BOUND('',#545,.T.);
#81=FACE_BOUND('',#575,.T.);
#82=FACE_BOUND('',#581,.T.);
#83=FACE_BOUND('',#587,.T.);
#84=FACE_BOUND('',#596,.T.);
#85=FACE_BOUND('',#597,.T.);
#86=FACE_BOUND('',#598,.T.);
#87=FACE_BOUND('',#606,.T.);
#88=FACE_BOUND('',#609,.T.);
#89=FACE_BOUND('',#621,.T.);
#90=FACE_BOUND('',#633,.T.);
#91=FACE_BOUND('',#636,.T.);
#92=FACE_BOUND('',#638,.T.);
#93=FACE_BOUND('',#641,.T.);
#94=FACE_BOUND('',#644,.T.);
#95=PLANE('',#3677);
#96=PLANE('',#3682);
#97=PLANE('',#3701);
#98=PLANE('',#3702);
#99=PLANE('',#3719);
#100=PLANE('',#3721);
#101=PLANE('',#3722);
#102=PLANE('',#3727);
#103=PLANE('',#3730);
#104=PLANE('',#3733);
#105=PLANE('',#3740);
#106=PLANE('',#3742);
#107=PLANE('',#3743);
#108=PLANE('',#3764);
#109=PLANE('',#3772);
#110=PLANE('',#3781);
#111=PLANE('',#3784);
#112=PLANE('',#3796);
#113=PLANE('',#3801);
#114=PLANE('',#3804);
#115=PLANE('',#3807);
#116=PLANE('',#3820);
#117=PLANE('',#3821);
#118=PLANE('',#3822);
#119=PLANE('',#3823);
#120=PLANE('',#3824);
#121=PLANE('',#3838);
#122=PLANE('',#3839);
#123=PLANE('',#3843);
#124=PLANE('',#3844);
#125=PLANE('',#3845);
#126=PLANE('',#3846);
#127=PLANE('',#3847);
#128=PLANE('',#3851);
#129=PLANE('',#3852);
#130=PLANE('',#3857);
#131=PLANE('',#3862);
#132=PLANE('',#3867);
#133=PLANE('',#3870);
#134=PLANE('',#3876);
#135=PLANE('',#3890);
#136=PLANE('',#3893);
#137=PLANE('',#3912);
#138=PLANE('',#3915);
#139=PLANE('',#3918);
#140=PLANE('',#3920);
#141=PLANE('',#3922);
#142=PLANE('',#3924);
#143=PLANE('',#3926);
#144=PLANE('',#3927);
#145=PLANE('',#3928);
#146=PLANE('',#3930);
#147=PLANE('',#3931);
#148=PLANE('',#3934);
#149=PLANE('',#3937);
#150=PLANE('',#3939);
#151=PLANE('',#3947);
#152=PLANE('',#3948);
#153=PLANE('',#3949);
#154=PLANE('',#3950);
#155=PLANE('',#3954);
#156=PLANE('',#3958);
#157=PLANE('',#3967);
#158=PLANE('',#3968);
#159=PLANE('',#3972);
#160=PLANE('',#3976);
#161=PLANE('',#3983);
#162=PLANE('',#3984);
#163=PLANE('',#3985);
#164=PLANE('',#3989);
#165=PLANE('',#3992);
#166=PLANE('',#3994);
#167=PLANE('',#3996);
#168=PLANE('',#4007);
#169=PLANE('',#4008);
#170=PLANE('',#4009);
#171=PLANE('',#4010);
#172=PLANE('',#4011);
#173=PLANE('',#4012);
#174=PLANE('',#4013);
#175=PLANE('',#4014);
#176=PLANE('',#4015);
#177=PLANE('',#4016);
#178=PLANE('',#4017);
#179=PLANE('',#4018);
#180=PLANE('',#4019);
#181=PLANE('',#4020);
#182=PLANE('',#4021);
#183=PLANE('',#4022);
#184=PLANE('',#4023);
#185=PLANE('',#4024);
#186=PLANE('',#4025);
#187=PLANE('',#4026);
#188=PLANE('',#4027);
#189=PLANE('',#4028);
#190=PLANE('',#4029);
#191=PLANE('',#4030);
#192=TOROIDAL_SURFACE('',#3673,3.,1.);
#193=TOROIDAL_SURFACE('',#3697,4.,1.);
#194=TOROIDAL_SURFACE('',#3711,3.,1.);
#195=TOROIDAL_SURFACE('',#3716,4.,1.);
#196=TOROIDAL_SURFACE('',#3745,6.,2.);
#197=TOROIDAL_SURFACE('',#3751,6.,2.);
#198=TOROIDAL_SURFACE('',#3753,6.,2.);
#199=TOROIDAL_SURFACE('',#3758,5.99999999999999,2.);
#200=B_SPLINE_CURVE_WITH_KNOTS('',3,(#5174,#5175,#5176,#5177,#5178,#5179,
#5180,#5181,#5182,#5183,#5184,#5185),.UNSPECIFIED.,.F.,.F.,(4,1,1,1,1,1,
1,2,4),(1.2767564783162E-16,0.035945321847017,0.0718906436940338,0.107835965541051,
0.143781287388068,0.215671931082101,0.287562574776135,0.359453218470169,
0.360085675114849),.UNSPECIFIED.);
#201=B_SPLINE_CURVE_WITH_KNOTS('',3,(#5186,#5187,#5188,#5189,#5190,#5191,
#5192,#5193,#5194,#5195,#5196,#5197),.UNSPECIFIED.,.F.,.F.,(4,2,1,1,1,1,
1,1,4),(-0.360085675114849,-0.359453218470169,-0.287562574776135,-0.215671931082101,
-0.143781287388068,-0.107835965541051,-0.0718906436940338,-0.035945321847017,
-1.2767564783162E-16),.UNSPECIFIED.);
#202=B_SPLINE_CURVE_WITH_KNOTS('',3,(#5290,#5291,#5292,#5293,#5294,#5295,
#5296,#5297,#5298,#5299,#5300,#5301),.UNSPECIFIED.,.F.,.F.,(4,1,1,1,1,1,
1,2,4),(-0.359453218470168,-0.215671931082101,-0.179726609235084,-0.143781287388067,
-0.10783596554105,-0.0718906436940335,-0.0359453218470168,0.,0.000632456644680763),
 .UNSPECIFIED.);
#203=B_SPLINE_CURVE_WITH_KNOTS('',3,(#5302,#5303,#5304,#5305,#5306,#5307,
#5308,#5309,#5310,#5311,#5312,#5313),.UNSPECIFIED.,.F.,.F.,(4,2,1,1,1,1,
1,1,4),(-0.000632456644680763,0.,0.0359453218470168,0.0718906436940335,
0.10783596554105,0.143781287388067,0.179726609235084,0.215671931082101,
0.359453218470168),.UNSPECIFIED.);
#204=B_SPLINE_CURVE_WITH_KNOTS('',3,(#5363,#5364,#5365,#5366,#5367,#5368,
#5369,#5370,#5371,#5372,#5373,#5374,#5375,#5376,#5377,#5378),
 .UNSPECIFIED.,.F.,.F.,(4,2,2,2,2,2,2,4),(0.,0.0994078287135538,0.167410046177335,
0.200422942925215,0.220625335773588,0.23645151722087,0.252929168255684,
0.28267940869537),.UNSPECIFIED.);
#205=B_SPLINE_CURVE_WITH_KNOTS('',3,(#5400,#5401,#5402,#5403,#5404,#5405,
#5406,#5407),.UNSPECIFIED.,.F.,.F.,(4,2,2,4),(4.1723565607234,4.17894730972464,
4.29754845275164,4.46362239722758),.UNSPECIFIED.);
#206=B_SPLINE_CURVE_WITH_KNOTS('',3,(#5413,#5414,#5415,#5416,#5417,#5418,
#5419,#5420,#5421,#5422,#5423,#5424,#5425,#5426,#5427,#5428),
 .UNSPECIFIED.,.F.,.F.,(4,2,2,2,2,2,2,4),(0.687149909496759,0.719062026444734,
0.841605650269169,1.00291089629933,1.08356351931441,1.12388983082195,1.14405298657572,
1.16421614232949),.UNSPECIFIED.);
#207=B_SPLINE_CURVE_WITH_KNOTS('',3,(#5451,#5452,#5453,#5454,#5455,#5456,
#5457,#5458,#5459,#5460,#5461,#5462,#5463,#5464,#5465,#5466,#5467,#5468),
 .UNSPECIFIED.,.F.,.F.,(4,2,2,2,2,2,2,2,4),(0.,0.02570105134585,0.0446494240933683,
0.0598958133870706,0.0761443109647964,0.102263226764873,0.154942528714868,
0.221864680001268,0.287714042340234),.UNSPECIFIED.);
#208=B_SPLINE_CURVE_WITH_KNOTS('',3,(#5483,#5484,#5485,#5486,#5487,#5488,
#5489,#5490),.UNSPECIFIED.,.F.,.F.,(4,2,2,4),(0.193242172090369,0.359316116566311,
0.477917259593308,0.48450800859455),.UNSPECIFIED.);
#209=B_SPLINE_CURVE_WITH_KNOTS('',3,(#5493,#5494,#5495,#5496,#5497,#5498,
#5499,#5500,#5501,#5502,#5503,#5504,#5505,#5506,#5507,#5508,#5509,#5510),
 .UNSPECIFIED.,.F.,.F.,(4,2,2,2,2,2,2,2,4),(4.17235656072335,4.17894730972459,
4.29754845275159,4.47720651103474,4.56703554017632,4.61195005474711,4.63440731203251,
4.6456359406752,4.6568645693179),.UNSPECIFIED.);
#210=B_SPLINE_SURFACE_WITH_KNOTS('',3,3,((#5113,#5114,#5115,#5116,#5117,
#5118,#5119,#5120,#5121,#5122,#5123,#5124),(#5125,#5126,#5127,#5128,#5129,
#5130,#5131,#5132,#5133,#5134,#5135,#5136),(#5137,#5138,#5139,#5140,#5141,
#5142,#5143,#5144,#5145,#5146,#5147,#5148),(#5149,#5150,#5151,#5152,#5153,
#5154,#5155,#5156,#5157,#5158,#5159,#5160),(#5161,#5162,#5163,#5164,#5165,
#5166,#5167,#5168,#5169,#5170,#5171,#5172)),.UNSPECIFIED.,.F.,.F.,.F.,(4,
1,4),(4,2,1,1,1,1,1,1,4),(0.,0.571428571428571,1.),(-0.360085675114849,
-0.359453218470169,-0.287562574776135,-0.215671931082101,-0.143781287388068,
-0.107835965541051,-0.0718906436940338,-0.035945321847017,-1.2767564783162E-16),
 .UNSPECIFIED.);
#211=B_SPLINE_SURFACE_WITH_KNOTS('',3,3,((#5229,#5230,#5231,#5232,#5233,
#5234,#5235,#5236,#5237,#5238,#5239,#5240),(#5241,#5242,#5243,#5244,#5245,
#5246,#5247,#5248,#5249,#5250,#5251,#5252),(#5253,#5254,#5255,#5256,#5257,
#5258,#5259,#5260,#5261,#5262,#5263,#5264),(#5265,#5266,#5267,#5268,#5269,
#5270,#5271,#5272,#5273,#5274,#5275,#5276),(#5277,#5278,#5279,#5280,#5281,
#5282,#5283,#5284,#5285,#5286,#5287,#5288)),.UNSPECIFIED.,.F.,.F.,.F.,(4,
1,4),(4,1,1,1,1,1,1,2,4),(0.,0.571428571428571,1.),(-0.359453218470168,
-0.215671931082101,-0.179726609235084,-0.143781287388067,-0.10783596554105,
-0.0718906436940335,-0.0359453218470168,0.,0.000632456644680763),
 .UNSPECIFIED.);
#212=FACE_OUTER_BOUND('',#404,.T.);
#213=FACE_OUTER_BOUND('',#405,.T.);
#214=FACE_OUTER_BOUND('',#406,.T.);
#215=FACE_OUTER_BOUND('',#407,.T.);
#216=FACE_OUTER_BOUND('',#408,.T.);
#217=FACE_OUTER_BOUND('',#409,.T.);
#218=FACE_OUTER_BOUND('',#410,.T.);
#219=FACE_OUTER_BOUND('',#418,.T.);
#220=FACE_OUTER_BOUND('',#419,.T.);
#221=FACE_OUTER_BOUND('',#420,.T.);
#222=FACE_OUTER_BOUND('',#421,.T.);
#223=FACE_OUTER_BOUND('',#422,.T.);
#224=FACE_OUTER_BOUND('',#423,.T.);
#225=FACE_OUTER_BOUND('',#425,.T.);
#226=FACE_OUTER_BOUND('',#426,.T.);
#227=FACE_OUTER_BOUND('',#427,.T.);
#228=FACE_OUTER_BOUND('',#428,.T.);
#229=FACE_OUTER_BOUND('',#429,.T.);
#230=FACE_OUTER_BOUND('',#430,.T.);
#231=FACE_OUTER_BOUND('',#431,.T.);
#232=FACE_OUTER_BOUND('',#432,.T.);
#233=FACE_OUTER_BOUND('',#433,.T.);
#234=FACE_OUTER_BOUND('',#434,.T.);
#235=FACE_OUTER_BOUND('',#435,.T.);
#236=FACE_OUTER_BOUND('',#436,.T.);
#237=FACE_OUTER_BOUND('',#437,.T.);
#238=FACE_OUTER_BOUND('',#439,.T.);
#239=FACE_OUTER_BOUND('',#441,.T.);
#240=FACE_OUTER_BOUND('',#443,.T.);
#241=FACE_OUTER_BOUND('',#444,.T.);
#242=FACE_OUTER_BOUND('',#445,.T.);
#243=FACE_OUTER_BOUND('',#447,.T.);
#244=FACE_OUTER_BOUND('',#448,.T.);
#245=FACE_OUTER_BOUND('',#450,.T.);
#246=FACE_OUTER_BOUND('',#451,.T.);
#247=FACE_OUTER_BOUND('',#452,.T.);
#248=FACE_OUTER_BOUND('',#453,.T.);
#249=FACE_OUTER_BOUND('',#454,.T.);
#250=FACE_OUTER_BOUND('',#455,.T.);
#251=FACE_OUTER_BOUND('',#456,.T.);
#252=FACE_OUTER_BOUND('',#457,.T.);
#253=FACE_OUTER_BOUND('',#458,.T.);
#254=FACE_OUTER_BOUND('',#459,.T.);
#255=FACE_OUTER_BOUND('',#460,.T.);
#256=FACE_OUTER_BOUND('',#461,.T.);
#257=FACE_OUTER_BOUND('',#462,.T.);
#258=FACE_OUTER_BOUND('',#463,.T.);
#259=FACE_OUTER_BOUND('',#464,.T.);
#260=FACE_OUTER_BOUND('',#465,.T.);
#261=FACE_OUTER_BOUND('',#466,.T.);
#262=FACE_OUTER_BOUND('',#467,.T.);
#263=FACE_OUTER_BOUND('',#471,.T.);
#264=FACE_OUTER_BOUND('',#475,.T.);
#265=FACE_OUTER_BOUND('',#476,.T.);
#266=FACE_OUTER_BOUND('',#477,.T.);
#267=FACE_OUTER_BOUND('',#478,.T.);
#268=FACE_OUTER_BOUND('',#479,.T.);
#269=FACE_OUTER_BOUND('',#480,.T.);
#270=FACE_OUTER_BOUND('',#481,.T.);
#271=FACE_OUTER_BOUND('',#482,.T.);
#272=FACE_OUTER_BOUND('',#483,.T.);
#273=FACE_OUTER_BOUND('',#484,.T.);
#274=FACE_OUTER_BOUND('',#485,.T.);
#275=FACE_OUTER_BOUND('',#486,.T.);
#276=FACE_OUTER_BOUND('',#487,.T.);
#277=FACE_OUTER_BOUND('',#488,.T.);
#278=FACE_OUTER_BOUND('',#489,.T.);
#279=FACE_OUTER_BOUND('',#490,.T.);
#280=FACE_OUTER_BOUND('',#491,.T.);
#281=FACE_OUTER_BOUND('',#492,.T.);
#282=FACE_OUTER_BOUND('',#493,.T.);
#283=FACE_OUTER_BOUND('',#494,.T.);
#284=FACE_OUTER_BOUND('',#495,.T.);
#285=FACE_OUTER_BOUND('',#496,.T.);
#286=FACE_OUTER_BOUND('',#497,.T.);
#287=FACE_OUTER_BOUND('',#498,.T.);
#288=FACE_OUTER_BOUND('',#499,.T.);
#289=FACE_OUTER_BOUND('',#507,.T.);
#290=FACE_OUTER_BOUND('',#508,.T.);
#291=FACE_OUTER_BOUND('',#509,.T.);
#292=FACE_OUTER_BOUND('',#510,.T.);
#293=FACE_OUTER_BOUND('',#511,.T.);
#294=FACE_OUTER_BOUND('',#512,.T.);
#295=FACE_OUTER_BOUND('',#514,.T.);
#296=FACE_OUTER_BOUND('',#515,.T.);
#297=FACE_OUTER_BOUND('',#516,.T.);
#298=FACE_OUTER_BOUND('',#518,.T.);
#299=FACE_OUTER_BOUND('',#519,.T.);
#300=FACE_OUTER_BOUND('',#521,.T.);
#301=FACE_OUTER_BOUND('',#522,.T.);
#302=FACE_OUTER_BOUND('',#523,.T.);
#303=FACE_OUTER_BOUND('',#525,.T.);
#304=FACE_OUTER_BOUND('',#529,.T.);
#305=FACE_OUTER_BOUND('',#530,.T.);
#306=FACE_OUTER_BOUND('',#531,.T.);
#307=FACE_OUTER_BOUND('',#532,.T.);
#308=FACE_OUTER_BOUND('',#533,.T.);
#309=FACE_OUTER_BOUND('',#534,.T.);
#310=FACE_OUTER_BOUND('',#535,.T.);
#311=FACE_OUTER_BOUND('',#536,.T.);
#312=FACE_OUTER_BOUND('',#537,.T.);
#313=FACE_OUTER_BOUND('',#538,.T.);
#314=FACE_OUTER_BOUND('',#539,.T.);
#315=FACE_OUTER_BOUND('',#540,.T.);
#316=FACE_OUTER_BOUND('',#541,.T.);
#317=FACE_OUTER_BOUND('',#542,.T.);
#318=FACE_OUTER_BOUND('',#546,.T.);
#319=FACE_OUTER_BOUND('',#547,.T.);
#320=FACE_OUTER_BOUND('',#548,.T.);
#321=FACE_OUTER_BOUND('',#549,.T.);
#322=FACE_OUTER_BOUND('',#550,.T.);
#323=FACE_OUTER_BOUND('',#551,.T.);
#324=FACE_OUTER_BOUND('',#552,.T.);
#325=FACE_OUTER_BOUND('',#553,.T.);
#326=FACE_OUTER_BOUND('',#554,.T.);
#327=FACE_OUTER_BOUND('',#555,.T.);
#328=FACE_OUTER_BOUND('',#556,.T.);
#329=FACE_OUTER_BOUND('',#557,.T.);
#330=FACE_OUTER_BOUND('',#558,.T.);
#331=FACE_OUTER_BOUND('',#559,.T.);
#332=FACE_OUTER_BOUND('',#560,.T.);
#333=FACE_OUTER_BOUND('',#561,.T.);
#334=FACE_OUTER_BOUND('',#562,.T.);
#335=FACE_OUTER_BOUND('',#563,.T.);
#336=FACE_OUTER_BOUND('',#564,.T.);
#337=FACE_OUTER_BOUND('',#565,.T.);
#338=FACE_OUTER_BOUND('',#566,.T.);
#339=FACE_OUTER_BOUND('',#567,.T.);
#340=FACE_OUTER_BOUND('',#568,.T.);
#341=FACE_OUTER_BOUND('',#569,.T.);
#342=FACE_OUTER_BOUND('',#570,.T.);
#343=FACE_OUTER_BOUND('',#571,.T.);
#344=FACE_OUTER_BOUND('',#572,.T.);
#345=FACE_OUTER_BOUND('',#573,.T.);
#346=FACE_OUTER_BOUND('',#574,.T.);
#347=FACE_OUTER_BOUND('',#576,.T.);
#348=FACE_OUTER_BOUND('',#577,.T.);
#349=FACE_OUTER_BOUND('',#578,.T.);
#350=FACE_OUTER_BOUND('',#579,.T.);
#351=FACE_OUTER_BOUND('',#580,.T.);
#352=FACE_OUTER_BOUND('',#582,.T.);
#353=FACE_OUTER_BOUND('',#583,.T.);
#354=FACE_OUTER_BOUND('',#584,.T.);
#355=FACE_OUTER_BOUND('',#585,.T.);
#356=FACE_OUTER_BOUND('',#586,.T.);
#357=FACE_OUTER_BOUND('',#588,.T.);
#358=FACE_OUTER_BOUND('',#589,.T.);
#359=FACE_OUTER_BOUND('',#590,.T.);
#360=FACE_OUTER_BOUND('',#591,.T.);
#361=FACE_OUTER_BOUND('',#592,.T.);
#362=FACE_OUTER_BOUND('',#593,.T.);
#363=FACE_OUTER_BOUND('',#594,.T.);
#364=FACE_OUTER_BOUND('',#595,.T.);
#365=FACE_OUTER_BOUND('',#599,.T.);
#366=FACE_OUTER_BOUND('',#600,.T.);
#367=FACE_OUTER_BOUND('',#601,.T.);
#368=FACE_OUTER_BOUND('',#602,.T.);
#369=FACE_OUTER_BOUND('',#603,.T.);
#370=FACE_OUTER_BOUND('',#604,.T.);
#371=FACE_OUTER_BOUND('',#605,.T.);
#372=FACE_OUTER_BOUND('',#607,.T.);
#373=FACE_OUTER_BOUND('',#608,.T.);
#374=FACE_OUTER_BOUND('',#610,.T.);
#375=FACE_OUTER_BOUND('',#611,.T.);
#376=FACE_OUTER_BOUND('',#612,.T.);
#377=FACE_OUTER_BOUND('',#613,.T.);
#378=FACE_OUTER_BOUND('',#614,.T.);
#379=FACE_OUTER_BOUND('',#615,.T.);
#380=FACE_OUTER_BOUND('',#616,.T.);
#381=FACE_OUTER_BOUND('',#617,.T.);
#382=FACE_OUTER_BOUND('',#618,.T.);
#383=FACE_OUTER_BOUND('',#619,.T.);
#384=FACE_OUTER_BOUND('',#620,.T.);
#385=FACE_OUTER_BOUND('',#622,.T.);
#386=FACE_OUTER_BOUND('',#623,.T.);
#387=FACE_OUTER_BOUND('',#624,.T.);
#388=FACE_OUTER_BOUND('',#625,.T.);
#389=FACE_OUTER_BOUND('',#626,.T.);
#390=FACE_OUTER_BOUND('',#627,.T.);
#391=FACE_OUTER_BOUND('',#628,.T.);
#392=FACE_OUTER_BOUND('',#629,.T.);
#393=FACE_OUTER_BOUND('',#630,.T.);
#394=FACE_OUTER_BOUND('',#631,.T.);
#395=FACE_OUTER_BOUND('',#632,.T.);
#396=FACE_OUTER_BOUND('',#634,.T.);
#397=FACE_OUTER_BOUND('',#635,.T.);
#398=FACE_OUTER_BOUND('',#637,.T.);
#399=FACE_OUTER_BOUND('',#639,.T.);
#400=FACE_OUTER_BOUND('',#640,.T.);
#401=FACE_OUTER_BOUND('',#642,.T.);
#402=FACE_OUTER_BOUND('',#643,.T.);
#403=FACE_OUTER_BOUND('',#645,.T.);
#404=EDGE_LOOP('',(#2320,#2321,#2322,#2323));
#405=EDGE_LOOP('',(#2324,#2325,#2326));
#406=EDGE_LOOP('',(#2327,#2328,#2329,#2330));
#407=EDGE_LOOP('',(#2331,#2332,#2333,#2334,#2335,#2336,#2337,#2338,#2339,
#2340));
#408=EDGE_LOOP('',(#2341,#2342,#2343,#2344));
#409=EDGE_LOOP('',(#2345,#2346,#2347));
#410=EDGE_LOOP('',(#2348,#2349,#2350,#2351));
#411=EDGE_LOOP('',(#2352,#2353,#2354,#2355,#2356,#2357,#2358,#2359,#2360,
#2361,#2362,#2363,#2364,#2365));
#412=EDGE_LOOP('',(#2366));
#413=EDGE_LOOP('',(#2367));
#414=EDGE_LOOP('',(#2368));
#415=EDGE_LOOP('',(#2369));
#416=EDGE_LOOP('',(#2370));
#417=EDGE_LOOP('',(#2371));
#418=EDGE_LOOP('',(#2372,#2373,#2374,#2375));
#419=EDGE_LOOP('',(#2376,#2377,#2378,#2379));
#420=EDGE_LOOP('',(#2380,#2381,#2382,#2383));
#421=EDGE_LOOP('',(#2384,#2385,#2386,#2387));
#422=EDGE_LOOP('',(#2388,#2389,#2390,#2391,#2392));
#423=EDGE_LOOP('',(#2393,#2394,#2395,#2396,#2397));
#424=EDGE_LOOP('',(#2398));
#425=EDGE_LOOP('',(#2399,#2400,#2401,#2402,#2403));
#426=EDGE_LOOP('',(#2404,#2405,#2406,#2407,#2408));
#427=EDGE_LOOP('',(#2409,#2410,#2411,#2412));
#428=EDGE_LOOP('',(#2413,#2414,#2415,#2416));
#429=EDGE_LOOP('',(#2417,#2418,#2419,#2420));
#430=EDGE_LOOP('',(#2421,#2422,#2423,#2424));
#431=EDGE_LOOP('',(#2425,#2426,#2427,#2428,#2429,#2430,#2431,#2432,#2433,
#2434));
#432=EDGE_LOOP('',(#2435,#2436,#2437,#2438,#2439));
#433=EDGE_LOOP('',(#2440,#2441,#2442,#2443,#2444,#2445,#2446,#2447,#2448,
#2449));
#434=EDGE_LOOP('',(#2450,#2451,#2452,#2453,#2454));
#435=EDGE_LOOP('',(#2455,#2456,#2457,#2458));
#436=EDGE_LOOP('',(#2459,#2460,#2461,#2462));
#437=EDGE_LOOP('',(#2463,#2464,#2465,#2466,#2467,#2468));
#438=EDGE_LOOP('',(#2469));
#439=EDGE_LOOP('',(#2470,#2471,#2472,#2473,#2474,#2475));
#440=EDGE_LOOP('',(#2476));
#441=EDGE_LOOP('',(#2477,#2478,#2479,#2480,#2481));
#442=EDGE_LOOP('',(#2482));
#443=EDGE_LOOP('',(#2483,#2484,#2485,#2486,#2487));
#444=EDGE_LOOP('',(#2488,#2489,#2490,#2491));
#445=EDGE_LOOP('',(#2492,#2493,#2494,#2495));
#446=EDGE_LOOP('',(#2496));
#447=EDGE_LOOP('',(#2497,#2498,#2499,#2500,#2501,#2502,#2503,#2504,#2505));
#448=EDGE_LOOP('',(#2506,#2507,#2508,#2509));
#449=EDGE_LOOP('',(#2510));
#450=EDGE_LOOP('',(#2511,#2512,#2513,#2514));
#451=EDGE_LOOP('',(#2515,#2516,#2517,#2518));
#452=EDGE_LOOP('',(#2519,#2520,#2521,#2522));
#453=EDGE_LOOP('',(#2523,#2524,#2525,#2526));
#454=EDGE_LOOP('',(#2527,#2528,#2529,#2530));
#455=EDGE_LOOP('',(#2531,#2532,#2533,#2534));
#456=EDGE_LOOP('',(#2535,#2536,#2537,#2538));
#457=EDGE_LOOP('',(#2539,#2540,#2541,#2542));
#458=EDGE_LOOP('',(#2543,#2544,#2545,#2546,#2547,#2548,#2549,#2550,#2551));
#459=EDGE_LOOP('',(#2552,#2553,#2554,#2555));
#460=EDGE_LOOP('',(#2556,#2557,#2558,#2559));
#461=EDGE_LOOP('',(#2560,#2561,#2562,#2563));
#462=EDGE_LOOP('',(#2564,#2565,#2566,#2567));
#463=EDGE_LOOP('',(#2568,#2569,#2570,#2571));
#464=EDGE_LOOP('',(#2572,#2573,#2574,#2575));
#465=EDGE_LOOP('',(#2576,#2577,#2578,#2579));
#466=EDGE_LOOP('',(#2580,#2581,#2582,#2583));
#467=EDGE_LOOP('',(#2584,#2585,#2586,#2587,#2588,#2589));
#468=EDGE_LOOP('',(#2590));
#469=EDGE_LOOP('',(#2591));
#470=EDGE_LOOP('',(#2592));
#471=EDGE_LOOP('',(#2593,#2594,#2595,#2596,#2597,#2598));
#472=EDGE_LOOP('',(#2599));
#473=EDGE_LOOP('',(#2600));
#474=EDGE_LOOP('',(#2601));
#475=EDGE_LOOP('',(#2602,#2603,#2604,#2605));
#476=EDGE_LOOP('',(#2606,#2607,#2608,#2609));
#477=EDGE_LOOP('',(#2610,#2611,#2612,#2613));
#478=EDGE_LOOP('',(#2614,#2615,#2616,#2617));
#479=EDGE_LOOP('',(#2618,#2619,#2620,#2621));
#480=EDGE_LOOP('',(#2622,#2623,#2624,#2625));
#481=EDGE_LOOP('',(#2626,#2627,#2628,#2629,#2630,#2631,#2632,#2633));
#482=EDGE_LOOP('',(#2634,#2635,#2636,#2637));
#483=EDGE_LOOP('',(#2638,#2639,#2640,#2641));
#484=EDGE_LOOP('',(#2642,#2643,#2644,#2645));
#485=EDGE_LOOP('',(#2646,#2647,#2648,#2649));
#486=EDGE_LOOP('',(#2650,#2651,#2652,#2653,#2654,#2655,#2656,#2657,#2658,
#2659));
#487=EDGE_LOOP('',(#2660,#2661,#2662,#2663));
#488=EDGE_LOOP('',(#2664,#2665,#2666,#2667));
#489=EDGE_LOOP('',(#2668,#2669,#2670,#2671));
#490=EDGE_LOOP('',(#2672,#2673,#2674,#2675));
#491=EDGE_LOOP('',(#2676,#2677,#2678,#2679));
#492=EDGE_LOOP('',(#2680,#2681,#2682,#2683));
#493=EDGE_LOOP('',(#2684,#2685,#2686,#2687));
#494=EDGE_LOOP('',(#2688,#2689,#2690,#2691));
#495=EDGE_LOOP('',(#2692,#2693,#2694,#2695));
#496=EDGE_LOOP('',(#2696,#2697,#2698,#2699));
#497=EDGE_LOOP('',(#2700,#2701,#2702,#2703));
#498=EDGE_LOOP('',(#2704,#2705,#2706,#2707));
#499=EDGE_LOOP('',(#2708,#2709,#2710,#2711));
#500=EDGE_LOOP('',(#2712));
#501=EDGE_LOOP('',(#2713));
#502=EDGE_LOOP('',(#2714));
#503=EDGE_LOOP('',(#2715));
#504=EDGE_LOOP('',(#2716));
#505=EDGE_LOOP('',(#2717,#2718,#2719,#2720,#2721,#2722,#2723,#2724));
#506=EDGE_LOOP('',(#2725));
#507=EDGE_LOOP('',(#2726,#2727,#2728,#2729));
#508=EDGE_LOOP('',(#2730,#2731,#2732,#2733));
#509=EDGE_LOOP('',(#2734,#2735,#2736,#2737));
#510=EDGE_LOOP('',(#2738,#2739,#2740,#2741));
#511=EDGE_LOOP('',(#2742,#2743,#2744,#2745));
#512=EDGE_LOOP('',(#2746,#2747,#2748));
#513=EDGE_LOOP('',(#2749));
#514=EDGE_LOOP('',(#2750,#2751,#2752,#2753));
#515=EDGE_LOOP('',(#2754,#2755,#2756,#2757));
#516=EDGE_LOOP('',(#2758,#2759,#2760));
#517=EDGE_LOOP('',(#2761));
#518=EDGE_LOOP('',(#2762,#2763,#2764,#2765,#2766,#2767));
#519=EDGE_LOOP('',(#2768,#2769,#2770,#2771,#2772,#2773));
#520=EDGE_LOOP('',(#2774));
#521=EDGE_LOOP('',(#2775,#2776,#2777,#2778));
#522=EDGE_LOOP('',(#2779,#2780,#2781,#2782));
#523=EDGE_LOOP('',(#2783,#2784,#2785,#2786));
#524=EDGE_LOOP('',(#2787));
#525=EDGE_LOOP('',(#2788,#2789,#2790,#2791,#2792,#2793,#2794));
#526=EDGE_LOOP('',(#2795));
#527=EDGE_LOOP('',(#2796));
#528=EDGE_LOOP('',(#2797,#2798,#2799));
#529=EDGE_LOOP('',(#2800,#2801,#2802,#2803));
#530=EDGE_LOOP('',(#2804,#2805,#2806,#2807,#2808,#2809,#2810,#2811,#2812,
#2813));
#531=EDGE_LOOP('',(#2814,#2815,#2816,#2817));
#532=EDGE_LOOP('',(#2818,#2819,#2820,#2821));
#533=EDGE_LOOP('',(#2822,#2823,#2824,#2825));
#534=EDGE_LOOP('',(#2826,#2827,#2828,#2829));
#535=EDGE_LOOP('',(#2830,#2831,#2832,#2833));
#536=EDGE_LOOP('',(#2834,#2835,#2836,#2837));
#537=EDGE_LOOP('',(#2838,#2839,#2840,#2841));
#538=EDGE_LOOP('',(#2842,#2843,#2844,#2845));
#539=EDGE_LOOP('',(#2846,#2847,#2848,#2849,#2850,#2851,#2852,#2853,#2854,
#2855,#2856,#2857,#2858,#2859,#2860,#2861,#2862,#2863,#2864,#2865,#2866,
#2867,#2868,#2869));
#540=EDGE_LOOP('',(#2870,#2871,#2872,#2873));
#541=EDGE_LOOP('',(#2874,#2875,#2876,#2877));
#542=EDGE_LOOP('',(#2878,#2879,#2880));
#543=EDGE_LOOP('',(#2881,#2882,#2883,#2884,#2885,#2886,#2887,#2888,#2889,
#2890));
#544=EDGE_LOOP('',(#2891,#2892,#2893,#2894));
#545=EDGE_LOOP('',(#2895,#2896,#2897,#2898,#2899,#2900,#2901,#2902,#2903,
#2904,#2905,#2906,#2907,#2908,#2909,#2910,#2911,#2912,#2913,#2914,#2915,
#2916,#2917,#2918));
#546=EDGE_LOOP('',(#2919,#2920,#2921,#2922));
#547=EDGE_LOOP('',(#2923,#2924,#2925,#2926));
#548=EDGE_LOOP('',(#2927,#2928,#2929,#2930));
#549=EDGE_LOOP('',(#2931,#2932,#2933,#2934));
#550=EDGE_LOOP('',(#2935,#2936,#2937,#2938));
#551=EDGE_LOOP('',(#2939,#2940,#2941,#2942));
#552=EDGE_LOOP('',(#2943,#2944,#2945,#2946));
#553=EDGE_LOOP('',(#2947,#2948,#2949,#2950));
#554=EDGE_LOOP('',(#2951,#2952,#2953,#2954));
#555=EDGE_LOOP('',(#2955,#2956,#2957,#2958));
#556=EDGE_LOOP('',(#2959,#2960,#2961,#2962));
#557=EDGE_LOOP('',(#2963,#2964,#2965,#2966));
#558=EDGE_LOOP('',(#2967,#2968,#2969,#2970));
#559=EDGE_LOOP('',(#2971,#2972,#2973,#2974));
#560=EDGE_LOOP('',(#2975,#2976,#2977,#2978));
#561=EDGE_LOOP('',(#2979,#2980,#2981,#2982));
#562=EDGE_LOOP('',(#2983,#2984,#2985,#2986));
#563=EDGE_LOOP('',(#2987,#2988,#2989,#2990));
#564=EDGE_LOOP('',(#2991,#2992,#2993,#2994));
#565=EDGE_LOOP('',(#2995,#2996,#2997,#2998));
#566=EDGE_LOOP('',(#2999,#3000,#3001,#3002));
#567=EDGE_LOOP('',(#3003,#3004,#3005,#3006));
#568=EDGE_LOOP('',(#3007,#3008,#3009,#3010));
#569=EDGE_LOOP('',(#3011,#3012,#3013,#3014));
#570=EDGE_LOOP('',(#3015,#3016,#3017,#3018));
#571=EDGE_LOOP('',(#3019,#3020,#3021,#3022));
#572=EDGE_LOOP('',(#3023,#3024,#3025,#3026));
#573=EDGE_LOOP('',(#3027,#3028,#3029,#3030));
#574=EDGE_LOOP('',(#3031,#3032,#3033));
#575=EDGE_LOOP('',(#3034,#3035,#3036,#3037));
#576=EDGE_LOOP('',(#3038,#3039,#3040,#3041));
#577=EDGE_LOOP('',(#3042,#3043,#3044,#3045));
#578=EDGE_LOOP('',(#3046,#3047,#3048,#3049));
#579=EDGE_LOOP('',(#3050,#3051,#3052,#3053));
#580=EDGE_LOOP('',(#3054,#3055,#3056,#3057));
#581=EDGE_LOOP('',(#3058));
#582=EDGE_LOOP('',(#3059,#3060,#3061,#3062));
#583=EDGE_LOOP('',(#3063,#3064,#3065,#3066));
#584=EDGE_LOOP('',(#3067,#3068,#3069,#3070));
#585=EDGE_LOOP('',(#3071,#3072,#3073,#3074));
#586=EDGE_LOOP('',(#3075,#3076,#3077,#3078));
#587=EDGE_LOOP('',(#3079));
#588=EDGE_LOOP('',(#3080,#3081,#3082,#3083,#3084));
#589=EDGE_LOOP('',(#3085,#3086,#3087,#3088,#3089));
#590=EDGE_LOOP('',(#3090,#3091,#3092,#3093));
#591=EDGE_LOOP('',(#3094,#3095,#3096,#3097));
#592=EDGE_LOOP('',(#3098,#3099,#3100,#3101,#3102));
#593=EDGE_LOOP('',(#3103,#3104,#3105,#3106));
#594=EDGE_LOOP('',(#3107,#3108,#3109,#3110,#3111));
#595=EDGE_LOOP('',(#3112,#3113,#3114,#3115,#3116,#3117,#3118,#3119,#3120,
#3121,#3122,#3123));
#596=EDGE_LOOP('',(#3124));
#597=EDGE_LOOP('',(#3125,#3126,#3127,#3128,#3129,#3130,#3131,#3132));
#598=EDGE_LOOP('',(#3133));
#599=EDGE_LOOP('',(#3134,#3135,#3136,#3137));
#600=EDGE_LOOP('',(#3138,#3139,#3140,#3141));
#601=EDGE_LOOP('',(#3142,#3143,#3144,#3145));
#602=EDGE_LOOP('',(#3146,#3147,#3148,#3149));
#603=EDGE_LOOP('',(#3150,#3151,#3152,#3153));
#604=EDGE_LOOP('',(#3154,#3155,#3156,#3157));
#605=EDGE_LOOP('',(#3158,#3159,#3160,#3161,#3162,#3163,#3164,#3165));
#606=EDGE_LOOP('',(#3166));
#607=EDGE_LOOP('',(#3167,#3168,#3169,#3170));
#608=EDGE_LOOP('',(#3171,#3172,#3173,#3174,#3175,#3176,#3177,#3178));
#609=EDGE_LOOP('',(#3179));
#610=EDGE_LOOP('',(#3180,#3181,#3182,#3183));
#611=EDGE_LOOP('',(#3184,#3185,#3186,#3187));
#612=EDGE_LOOP('',(#3188,#3189,#3190,#3191));
#613=EDGE_LOOP('',(#3192,#3193,#3194,#3195));
#614=EDGE_LOOP('',(#3196,#3197,#3198,#3199));
#615=EDGE_LOOP('',(#3200,#3201,#3202,#3203));
#616=EDGE_LOOP('',(#3204,#3205,#3206,#3207));
#617=EDGE_LOOP('',(#3208,#3209,#3210,#3211));
#618=EDGE_LOOP('',(#3212,#3213,#3214,#3215));
#619=EDGE_LOOP('',(#3216,#3217,#3218,#3219));
#620=EDGE_LOOP('',(#3220,#3221,#3222,#3223));
#621=EDGE_LOOP('',(#3224));
#622=EDGE_LOOP('',(#3225,#3226,#3227,#3228,#3229,#3230,#3231,#3232,#3233,
#3234));
#623=EDGE_LOOP('',(#3235,#3236,#3237,#3238,#3239,#3240,#3241,#3242,#3243,
#3244));
#624=EDGE_LOOP('',(#3245,#3246,#3247,#3248,#3249,#3250));
#625=EDGE_LOOP('',(#3251,#3252,#3253,#3254));
#626=EDGE_LOOP('',(#3255,#3256,#3257,#3258,#3259,#3260));
#627=EDGE_LOOP('',(#3261,#3262,#3263,#3264));
#628=EDGE_LOOP('',(#3265,#3266,#3267,#3268,#3269,#3270));
#629=EDGE_LOOP('',(#3271,#3272,#3273,#3274));
#630=EDGE_LOOP('',(#3275,#3276,#3277,#3278,#3279,#3280));
#631=EDGE_LOOP('',(#3281,#3282,#3283,#3284));
#632=EDGE_LOOP('',(#3285,#3286,#3287,#3288,#3289,#3290,#3291,#3292));
#633=EDGE_LOOP('',(#3293));
#634=EDGE_LOOP('',(#3294,#3295,#3296,#3297));
#635=EDGE_LOOP('',(#3298,#3299,#3300,#3301));
#636=EDGE_LOOP('',(#3302));
#637=EDGE_LOOP('',(#3303,#3304,#3305,#3306));
#638=EDGE_LOOP('',(#3307));
#639=EDGE_LOOP('',(#3308,#3309,#3310,#3311));
#640=EDGE_LOOP('',(#3312,#3313,#3314,#3315));
#641=EDGE_LOOP('',(#3316));
#642=EDGE_LOOP('',(#3317,#3318,#3319,#3320));
#643=EDGE_LOOP('',(#3321,#3322,#3323,#3324));
#644=EDGE_LOOP('',(#3325));
#645=EDGE_LOOP('',(#3326,#3327,#3328,#3329,#3330,#3331,#3332,#3333,#3334,
#3335,#3336,#3337,#3338,#3339,#3340,#3341));
#646=LINE('',#5109,#979);
#647=LINE('',#5112,#980);
#648=LINE('',#5206,#981);
#649=LINE('',#5208,#982);
#650=LINE('',#5210,#983);
#651=LINE('',#5212,#984);
#652=LINE('',#5214,#985);
#653=LINE('',#5218,#986);
#654=LINE('',#5219,#987);
#655=LINE('',#5225,#988);
#656=LINE('',#5228,#989);
#657=LINE('',#5317,#990);
#658=LINE('',#5319,#991);
#659=LINE('',#5321,#992);
#660=LINE('',#5322,#993);
#661=LINE('',#5324,#994);
#662=LINE('',#5328,#995);
#663=LINE('',#5332,#996);
#664=LINE('',#5336,#997);
#665=LINE('',#5339,#998);
#666=LINE('',#5340,#999);
#667=LINE('',#5355,#1000);
#668=LINE('',#5360,#1001);
#669=LINE('',#5382,#1002);
#670=LINE('',#5386,#1003);
#671=LINE('',#5388,#1004);
#672=LINE('',#5389,#1005);
#673=LINE('',#5392,#1006);
#674=LINE('',#5394,#1007);
#675=LINE('',#5409,#1008);
#676=LINE('',#5429,#1009);
#677=LINE('',#5433,#1010);
#678=LINE('',#5437,#1011);
#679=LINE('',#5444,#1012);
#680=LINE('',#5447,#1013);
#681=LINE('',#5473,#1014);
#682=LINE('',#5475,#1015);
#683=LINE('',#5477,#1016);
#684=LINE('',#5479,#1017);
#685=LINE('',#5480,#1018);
#686=LINE('',#5492,#1019);
#687=LINE('',#5513,#1020);
#688=LINE('',#5515,#1021);
#689=LINE('',#5517,#1022);
#690=LINE('',#5519,#1023);
#691=LINE('',#5520,#1024);
#692=LINE('',#5523,#1025);
#693=LINE('',#5525,#1026);
#694=LINE('',#5527,#1027);
#695=LINE('',#5528,#1028);
#696=LINE('',#5533,#1029);
#697=LINE('',#5536,#1030);
#698=LINE('',#5539,#1031);
#699=LINE('',#5541,#1032);
#700=LINE('',#5544,#1033);
#701=LINE('',#5549,#1034);
#702=LINE('',#5551,#1035);
#703=LINE('',#5555,#1036);
#704=LINE('',#5556,#1037);
#705=LINE('',#5563,#1038);
#706=LINE('',#5564,#1039);
#707=LINE('',#5570,#1040);
#708=LINE('',#5574,#1041);
#709=LINE('',#5576,#1042);
#710=LINE('',#5581,#1043);
#711=LINE('',#5583,#1044);
#712=LINE('',#5585,#1045);
#713=LINE('',#5586,#1046);
#714=LINE('',#5588,#1047);
#715=LINE('',#5600,#1048);
#716=LINE('',#5613,#1049);
#717=LINE('',#5616,#1050);
#718=LINE('',#5619,#1051);
#719=LINE('',#5620,#1052);
#720=LINE('',#5622,#1053);
#721=LINE('',#5628,#1054);
#722=LINE('',#5633,#1055);
#723=LINE('',#5636,#1056);
#724=LINE('',#5637,#1057);
#725=LINE('',#5640,#1058);
#726=LINE('',#5644,#1059);
#727=LINE('',#5648,#1060);
#728=LINE('',#5655,#1061);
#729=LINE('',#5658,#1062);
#730=LINE('',#5663,#1063);
#731=LINE('',#5666,#1064);
#732=LINE('',#5675,#1065);
#733=LINE('',#5677,#1066);
#734=LINE('',#5679,#1067);
#735=LINE('',#5683,#1068);
#736=LINE('',#5688,#1069);
#737=LINE('',#5692,#1070);
#738=LINE('',#5695,#1071);
#739=LINE('',#5696,#1072);
#740=LINE('',#5700,#1073);
#741=LINE('',#5703,#1074);
#742=LINE('',#5704,#1075);
#743=LINE('',#5708,#1076);
#744=LINE('',#5710,#1077);
#745=LINE('',#5713,#1078);
#746=LINE('',#5717,#1079);
#747=LINE('',#5721,#1080);
#748=LINE('',#5725,#1081);
#749=LINE('',#5729,#1082);
#750=LINE('',#5733,#1083);
#751=LINE('',#5738,#1084);
#752=LINE('',#5739,#1085);
#753=LINE('',#5740,#1086);
#754=LINE('',#5743,#1087);
#755=LINE('',#5744,#1088);
#756=LINE('',#5747,#1089);
#757=LINE('',#5748,#1090);
#758=LINE('',#5750,#1091);
#759=LINE('',#5757,#1092);
#760=LINE('',#5763,#1093);
#761=LINE('',#5769,#1094);
#762=LINE('',#5776,#1095);
#763=LINE('',#5779,#1096);
#764=LINE('',#5782,#1097);
#765=LINE('',#5784,#1098);
#766=LINE('',#5785,#1099);
#767=LINE('',#5787,#1100);
#768=LINE('',#5793,#1101);
#769=LINE('',#5796,#1102);
#770=LINE('',#5798,#1103);
#771=LINE('',#5799,#1104);
#772=LINE('',#5801,#1105);
#773=LINE('',#5804,#1106);
#774=LINE('',#5806,#1107);
#775=LINE('',#5808,#1108);
#776=LINE('',#5809,#1109);
#777=LINE('',#5812,#1110);
#778=LINE('',#5814,#1111);
#779=LINE('',#5815,#1112);
#780=LINE('',#5819,#1113);
#781=LINE('',#5821,#1114);
#782=LINE('',#5823,#1115);
#783=LINE('',#5824,#1116);
#784=LINE('',#5830,#1117);
#785=LINE('',#5832,#1118);
#786=LINE('',#5833,#1119);
#787=LINE('',#5841,#1120);
#788=LINE('',#5844,#1121);
#789=LINE('',#5847,#1122);
#790=LINE('',#5851,#1123);
#791=LINE('',#5855,#1124);
#792=LINE('',#5859,#1125);
#793=LINE('',#5862,#1126);
#794=LINE('',#5865,#1127);
#795=LINE('',#5866,#1128);
#796=LINE('',#5870,#1129);
#797=LINE('',#5873,#1130);
#798=LINE('',#5876,#1131);
#799=LINE('',#5879,#1132);
#800=LINE('',#5880,#1133);
#801=LINE('',#5883,#1134);
#802=LINE('',#5887,#1135);
#803=LINE('',#5888,#1136);
#804=LINE('',#5891,#1137);
#805=LINE('',#5898,#1138);
#806=LINE('',#5901,#1139);
#807=LINE('',#5904,#1140);
#808=LINE('',#5908,#1141);
#809=LINE('',#5912,#1142);
#810=LINE('',#5916,#1143);
#811=LINE('',#5924,#1144);
#812=LINE('',#5928,#1145);
#813=LINE('',#5932,#1146);
#814=LINE('',#5936,#1147);
#815=LINE('',#5940,#1148);
#816=LINE('',#5947,#1149);
#817=LINE('',#5950,#1150);
#818=LINE('',#5951,#1151);
#819=LINE('',#5956,#1152);
#820=LINE('',#5957,#1153);
#821=LINE('',#5960,#1154);
#822=LINE('',#5961,#1155);
#823=LINE('',#5966,#1156);
#824=LINE('',#5969,#1157);
#825=LINE('',#5975,#1158);
#826=LINE('',#5979,#1159);
#827=LINE('',#5983,#1160);
#828=LINE('',#5987,#1161);
#829=LINE('',#5991,#1162);
#830=LINE('',#5999,#1163);
#831=LINE('',#6003,#1164);
#832=LINE('',#6007,#1165);
#833=LINE('',#6009,#1166);
#834=LINE('',#6011,#1167);
#835=LINE('',#6013,#1168);
#836=LINE('',#6015,#1169);
#837=LINE('',#6016,#1170);
#838=LINE('',#6018,#1171);
#839=LINE('',#6020,#1172);
#840=LINE('',#6022,#1173);
#841=LINE('',#6023,#1174);
#842=LINE('',#6026,#1175);
#843=LINE('',#6028,#1176);
#844=LINE('',#6029,#1177);
#845=LINE('',#6031,#1178);
#846=LINE('',#6033,#1179);
#847=LINE('',#6035,#1180);
#848=LINE('',#6037,#1181);
#849=LINE('',#6039,#1182);
#850=LINE('',#6041,#1183);
#851=LINE('',#6043,#1184);
#852=LINE('',#6045,#1185);
#853=LINE('',#6056,#1186);
#854=LINE('',#6057,#1187);
#855=LINE('',#6060,#1188);
#856=LINE('',#6061,#1189);
#857=LINE('',#6065,#1190);
#858=LINE('',#6067,#1191);
#859=LINE('',#6075,#1192);
#860=LINE('',#6082,#1193);
#861=LINE('',#6085,#1194);
#862=LINE('',#6088,#1195);
#863=LINE('',#6090,#1196);
#864=LINE('',#6091,#1197);
#865=LINE('',#6094,#1198);
#866=LINE('',#6096,#1199);
#867=LINE('',#6097,#1200);
#868=LINE('',#6099,#1201);
#869=LINE('',#6103,#1202);
#870=LINE('',#6105,#1203);
#871=LINE('',#6107,#1204);
#872=LINE('',#6108,#1205);
#873=LINE('',#6112,#1206);
#874=LINE('',#6118,#1207);
#875=LINE('',#6119,#1208);
#876=LINE('',#6120,#1209);
#877=LINE('',#6124,#1210);
#878=LINE('',#6130,#1211);
#879=LINE('',#6134,#1212);
#880=LINE('',#6135,#1213);
#881=LINE('',#6141,#1214);
#882=LINE('',#6144,#1215);
#883=LINE('',#6146,#1216);
#884=LINE('',#6151,#1217);
#885=LINE('',#6154,#1218);
#886=LINE('',#6156,#1219);
#887=LINE('',#6161,#1220);
#888=LINE('',#6162,#1221);
#889=LINE('',#6163,#1222);
#890=LINE('',#6167,#1223);
#891=LINE('',#6168,#1224);
#892=LINE('',#6169,#1225);
#893=LINE('',#6173,#1226);
#894=LINE('',#6177,#1227);
#895=LINE('',#6178,#1228);
#896=LINE('',#6184,#1229);
#897=LINE('',#6187,#1230);
#898=LINE('',#6189,#1231);
#899=LINE('',#6193,#1232);
#900=LINE('',#6198,#1233);
#901=LINE('',#6200,#1234);
#902=LINE('',#6201,#1235);
#903=LINE('',#6205,#1236);
#904=LINE('',#6210,#1237);
#905=LINE('',#6215,#1238);
#906=LINE('',#6219,#1239);
#907=LINE('',#6222,#1240);
#908=LINE('',#6224,#1241);
#909=LINE('',#6226,#1242);
#910=LINE('',#6233,#1243);
#911=LINE('',#6239,#1244);
#912=LINE('',#6245,#1245);
#913=LINE('',#6250,#1246);
#914=LINE('',#6252,#1247);
#915=LINE('',#6254,#1248);
#916=LINE('',#6255,#1249);
#917=LINE('',#6259,#1250);
#918=LINE('',#6260,#1251);
#919=LINE('',#6261,#1252);
#920=LINE('',#6265,#1253);
#921=LINE('',#6267,#1254);
#922=LINE('',#6269,#1255);
#923=LINE('',#6270,#1256);
#924=LINE('',#6274,#1257);
#925=LINE('',#6275,#1258);
#926=LINE('',#6276,#1259);
#927=LINE('',#6280,#1260);
#928=LINE('',#6282,#1261);
#929=LINE('',#6284,#1262);
#930=LINE('',#6285,#1263);
#931=LINE('',#6288,#1264);
#932=LINE('',#6290,#1265);
#933=LINE('',#6292,#1266);
#934=LINE('',#6294,#1267);
#935=LINE('',#6296,#1268);
#936=LINE('',#6298,#1269);
#937=LINE('',#6300,#1270);
#938=LINE('',#6302,#1271);
#939=LINE('',#6303,#1272);
#940=LINE('',#6306,#1273);
#941=LINE('',#6308,#1274);
#942=LINE('',#6309,#1275);
#943=LINE('',#6311,#1276);
#944=LINE('',#6313,#1277);
#945=LINE('',#6314,#1278);
#946=LINE('',#6315,#1279);
#947=LINE('',#6319,#1280);
#948=LINE('',#6320,#1281);
#949=LINE('',#6321,#1282);
#950=LINE('',#6324,#1283);
#951=LINE('',#6325,#1284);
#952=LINE('',#6328,#1285);
#953=LINE('',#6329,#1286);
#954=LINE('',#6332,#1287);
#955=LINE('',#6333,#1288);
#956=LINE('',#6336,#1289);
#957=LINE('',#6337,#1290);
#958=LINE('',#6340,#1291);
#959=LINE('',#6341,#1292);
#960=LINE('',#6344,#1293);
#961=LINE('',#6345,#1294);
#962=LINE('',#6348,#1295);
#963=LINE('',#6349,#1296);
#964=LINE('',#6352,#1297);
#965=LINE('',#6353,#1298);
#966=LINE('',#6356,#1299);
#967=LINE('',#6357,#1300);
#968=LINE('',#6360,#1301);
#969=LINE('',#6361,#1302);
#970=LINE('',#6364,#1303);
#971=LINE('',#6365,#1304);
#972=LINE('',#6368,#1305);
#973=LINE('',#6369,#1306);
#974=LINE('',#6372,#1307);
#975=LINE('',#6373,#1308);
#976=LINE('',#6376,#1309);
#977=LINE('',#6377,#1310);
#978=LINE('',#6379,#1311);
#979=VECTOR('',#4043,10.);
#980=VECTOR('',#4046,10.);
#981=VECTOR('',#4057,10.);
#982=VECTOR('',#4058,10.);
#983=VECTOR('',#4059,10.);
#984=VECTOR('',#4060,10.);
#985=VECTOR('',#4061,10.);
#986=VECTOR('',#4064,10.);
#987=VECTOR('',#4065,10.);
#988=VECTOR('',#4070,10.);
#989=VECTOR('',#4073,10.);
#990=VECTOR('',#4076,10.);
#991=VECTOR('',#4077,10.);
#992=VECTOR('',#4078,10.);
#993=VECTOR('',#4079,10.);
#994=VECTOR('',#4080,10.);
#995=VECTOR('',#4083,10.);
#996=VECTOR('',#4086,10.);
#997=VECTOR('',#4089,10.);
#998=VECTOR('',#4092,10.);
#999=VECTOR('',#4093,10.);
#1000=VECTOR('',#4108,10.);
#1001=VECTOR('',#4115,10.);
#1002=VECTOR('',#4122,10.);
#1003=VECTOR('',#4127,10.);
#1004=VECTOR('',#4128,10.);
#1005=VECTOR('',#4129,10.);
#1006=VECTOR('',#4132,10.);
#1007=VECTOR('',#4133,10.);
#1008=VECTOR('',#4140,10.);
#1009=VECTOR('',#4145,10.);
#1010=VECTOR('',#4148,10.);
#1011=VECTOR('',#4151,10.);
#1012=VECTOR('',#4162,10.);
#1013=VECTOR('',#4165,10.);
#1014=VECTOR('',#4174,10.);
#1015=VECTOR('',#4175,10.);
#1016=VECTOR('',#4176,10.);
#1017=VECTOR('',#4177,10.);
#1018=VECTOR('',#4178,10.);
#1019=VECTOR('',#4181,10.);
#1020=VECTOR('',#4184,10.);
#1021=VECTOR('',#4185,10.);
#1022=VECTOR('',#4186,10.);
#1023=VECTOR('',#4187,10.);
#1024=VECTOR('',#4188,10.);
#1025=VECTOR('',#4191,10.);
#1026=VECTOR('',#4192,10.);
#1027=VECTOR('',#4193,10.);
#1028=VECTOR('',#4194,10.);
#1029=VECTOR('',#4201,3.);
#1030=VECTOR('',#4204,10.);
#1031=VECTOR('',#4207,10.);
#1032=VECTOR('',#4208,10.);
#1033=VECTOR('',#4211,10.);
#1034=VECTOR('',#4216,10.);
#1035=VECTOR('',#4217,10.);
#1036=VECTOR('',#4220,10.);
#1037=VECTOR('',#4221,10.);
#1038=VECTOR('',#4228,10.);
#1039=VECTOR('',#4229,10.);
#1040=VECTOR('',#4236,10.);
#1041=VECTOR('',#4241,10.);
#1042=VECTOR('',#4244,10.);
#1043=VECTOR('',#4249,10.);
#1044=VECTOR('',#4250,10.);
#1045=VECTOR('',#4251,10.);
#1046=VECTOR('',#4252,10.);
#1047=VECTOR('',#4255,10.);
#1048=VECTOR('',#4270,10.);
#1049=VECTOR('',#4293,10.);
#1050=VECTOR('',#4296,10.);
#1051=VECTOR('',#4301,10.);
#1052=VECTOR('',#4302,10.);
#1053=VECTOR('',#4305,10.);
#1054=VECTOR('',#4312,10.);
#1055=VECTOR('',#4317,10.);
#1056=VECTOR('',#4322,10.);
#1057=VECTOR('',#4323,10.);
#1058=VECTOR('',#4326,1.3);
#1059=VECTOR('',#4331,1.3);
#1060=VECTOR('',#4336,1.75);
#1061=VECTOR('',#4345,10.);
#1062=VECTOR('',#4348,10.);
#1063=VECTOR('',#4353,10.);
#1064=VECTOR('',#4356,10.);
#1065=VECTOR('',#4367,1.3);
#1066=VECTOR('',#4370,1.75);
#1067=VECTOR('',#4373,1.3);
#1068=VECTOR('',#4380,10.);
#1069=VECTOR('',#4387,10.);
#1070=VECTOR('',#4392,10.);
#1071=VECTOR('',#4395,10.);
#1072=VECTOR('',#4396,10.);
#1073=VECTOR('',#4401,10.);
#1074=VECTOR('',#4404,10.);
#1075=VECTOR('',#4405,10.);
#1076=VECTOR('',#4410,10.);
#1077=VECTOR('',#4413,10.);
#1078=VECTOR('',#4416,3.5);
#1079=VECTOR('',#4421,1.6);
#1080=VECTOR('',#4426,1.6);
#1081=VECTOR('',#4431,1.6);
#1082=VECTOR('',#4436,1.6);
#1083=VECTOR('',#4441,3.5);
#1084=VECTOR('',#4446,10.);
#1085=VECTOR('',#4447,10.);
#1086=VECTOR('',#4448,10.);
#1087=VECTOR('',#4451,10.);
#1088=VECTOR('',#4452,10.);
#1089=VECTOR('',#4455,10.);
#1090=VECTOR('',#4456,10.);
#1091=VECTOR('',#4459,10.);
#1092=VECTOR('',#4468,4.);
#1093=VECTOR('',#4475,1.4);
#1094=VECTOR('',#4482,1.4);
#1095=VECTOR('',#4489,10.);
#1096=VECTOR('',#4492,10.);
#1097=VECTOR('',#4495,10.);
#1098=VECTOR('',#4496,10.);
#1099=VECTOR('',#4497,10.);
#1100=VECTOR('',#4500,10.);
#1101=VECTOR('',#4505,10.);
#1102=VECTOR('',#4508,10.);
#1103=VECTOR('',#4511,10.);
#1104=VECTOR('',#4512,10.);
#1105=VECTOR('',#4515,10.);
#1106=VECTOR('',#4518,10.);
#1107=VECTOR('',#4519,10.);
#1108=VECTOR('',#4520,10.);
#1109=VECTOR('',#4521,10.);
#1110=VECTOR('',#4524,10.);
#1111=VECTOR('',#4525,10.);
#1112=VECTOR('',#4526,10.);
#1113=VECTOR('',#4529,10.);
#1114=VECTOR('',#4530,10.);
#1115=VECTOR('',#4531,10.);
#1116=VECTOR('',#4532,10.);
#1117=VECTOR('',#4539,10.);
#1118=VECTOR('',#4542,10.);
#1119=VECTOR('',#4543,10.);
#1120=VECTOR('',#4552,10.);
#1121=VECTOR('',#4555,10.);
#1122=VECTOR('',#4558,10.);
#1123=VECTOR('',#4561,10.);
#1124=VECTOR('',#4564,10.);
#1125=VECTOR('',#4567,10.);
#1126=VECTOR('',#4570,10.);
#1127=VECTOR('',#4573,10.);
#1128=VECTOR('',#4574,10.);
#1129=VECTOR('',#4579,10.);
#1130=VECTOR('',#4582,10.);
#1131=VECTOR('',#4585,10.);
#1132=VECTOR('',#4588,10.);
#1133=VECTOR('',#4589,10.);
#1134=VECTOR('',#4592,10.);
#1135=VECTOR('',#4597,10.);
#1136=VECTOR('',#4598,10.);
#1137=VECTOR('',#4601,10.);
#1138=VECTOR('',#4608,10.);
#1139=VECTOR('',#4611,10.);
#1140=VECTOR('',#4614,10.);
#1141=VECTOR('',#4617,10.);
#1142=VECTOR('',#4620,10.);
#1143=VECTOR('',#4623,10.);
#1144=VECTOR('',#4630,10.);
#1145=VECTOR('',#4633,10.);
#1146=VECTOR('',#4636,10.);
#1147=VECTOR('',#4639,10.);
#1148=VECTOR('',#4642,10.);
#1149=VECTOR('',#4649,10.);
#1150=VECTOR('',#4652,10.);
#1151=VECTOR('',#4653,10.);
#1152=VECTOR('',#4658,10.);
#1153=VECTOR('',#4659,10.);
#1154=VECTOR('',#4664,10.);
#1155=VECTOR('',#4665,10.);
#1156=VECTOR('',#4668,10.);
#1157=VECTOR('',#4671,10.);
#1158=VECTOR('',#4676,10.);
#1159=VECTOR('',#4679,10.);
#1160=VECTOR('',#4682,10.);
#1161=VECTOR('',#4685,10.);
#1162=VECTOR('',#4688,10.);
#1163=VECTOR('',#4695,10.);
#1164=VECTOR('',#4698,10.);
#1165=VECTOR('',#4701,10.);
#1166=VECTOR('',#4704,10.);
#1167=VECTOR('',#4707,10.);
#1168=VECTOR('',#4710,10.);
#1169=VECTOR('',#4713,10.);
#1170=VECTOR('',#4714,10.);
#1171=VECTOR('',#4717,10.);
#1172=VECTOR('',#4720,10.);
#1173=VECTOR('',#4723,10.);
#1174=VECTOR('',#4724,10.);
#1175=VECTOR('',#4729,10.);
#1176=VECTOR('',#4732,10.);
#1177=VECTOR('',#4733,10.);
#1178=VECTOR('',#4736,10.);
#1179=VECTOR('',#4739,10.);
#1180=VECTOR('',#4742,10.);
#1181=VECTOR('',#4745,10.);
#1182=VECTOR('',#4748,10.);
#1183=VECTOR('',#4751,10.);
#1184=VECTOR('',#4754,10.);
#1185=VECTOR('',#4757,10.);
#1186=VECTOR('',#4774,10.);
#1187=VECTOR('',#4775,10.);
#1188=VECTOR('',#4778,10.);
#1189=VECTOR('',#4779,10.);
#1190=VECTOR('',#4784,10.);
#1191=VECTOR('',#4787,10.);
#1192=VECTOR('',#4798,2.25);
#1193=VECTOR('',#4805,10.);
#1194=VECTOR('',#4808,10.);
#1195=VECTOR('',#4811,10.);
#1196=VECTOR('',#4812,10.);
#1197=VECTOR('',#4813,10.);
#1198=VECTOR('',#4816,10.);
#1199=VECTOR('',#4817,10.);
#1200=VECTOR('',#4818,10.);
#1201=VECTOR('',#4821,10.);
#1202=VECTOR('',#4824,10.);
#1203=VECTOR('',#4825,10.);
#1204=VECTOR('',#4826,10.);
#1205=VECTOR('',#4827,10.);
#1206=VECTOR('',#4830,10.);
#1207=VECTOR('',#4837,10.);
#1208=VECTOR('',#4838,10.);
#1209=VECTOR('',#4839,10.);
#1210=VECTOR('',#4842,10.);
#1211=VECTOR('',#4849,10.);
#1212=VECTOR('',#4852,10.);
#1213=VECTOR('',#4853,10.);
#1214=VECTOR('',#4858,10.);
#1215=VECTOR('',#4861,10.);
#1216=VECTOR('',#4862,10.);
#1217=VECTOR('',#4867,10.);
#1218=VECTOR('',#4870,10.);
#1219=VECTOR('',#4871,10.);
#1220=VECTOR('',#4876,10.);
#1221=VECTOR('',#4877,10.);
#1222=VECTOR('',#4878,10.);
#1223=VECTOR('',#4881,10.);
#1224=VECTOR('',#4882,10.);
#1225=VECTOR('',#4883,10.);
#1226=VECTOR('',#4888,10.);
#1227=VECTOR('',#4893,10.);
#1228=VECTOR('',#4894,10.);
#1229=VECTOR('',#4903,10.);
#1230=VECTOR('',#4906,10.);
#1231=VECTOR('',#4907,10.);
#1232=VECTOR('',#4910,10.);
#1233=VECTOR('',#4917,2.25);
#1234=VECTOR('',#4920,10.);
#1235=VECTOR('',#4921,10.);
#1236=VECTOR('',#4928,10.);
#1237=VECTOR('',#4933,8.);
#1238=VECTOR('',#4940,10.);
#1239=VECTOR('',#4945,10.);
#1240=VECTOR('',#4948,10.);
#1241=VECTOR('',#4951,10.);
#1242=VECTOR('',#4954,10.);
#1243=VECTOR('',#4963,1.75);
#1244=VECTOR('',#4970,2.99999999999999);
#1245=VECTOR('',#4977,1.5);
#1246=VECTOR('',#4982,10.);
#1247=VECTOR('',#4983,10.);
#1248=VECTOR('',#4984,10.);
#1249=VECTOR('',#4985,10.);
#1250=VECTOR('',#4988,10.);
#1251=VECTOR('',#4989,10.);
#1252=VECTOR('',#4990,10.);
#1253=VECTOR('',#4993,10.);
#1254=VECTOR('',#4994,10.);
#1255=VECTOR('',#4995,10.);
#1256=VECTOR('',#4996,10.);
#1257=VECTOR('',#4999,10.);
#1258=VECTOR('',#5000,10.);
#1259=VECTOR('',#5001,10.);
#1260=VECTOR('',#5004,10.);
#1261=VECTOR('',#5005,10.);
#1262=VECTOR('',#5006,10.);
#1263=VECTOR('',#5007,10.);
#1264=VECTOR('',#5010,10.);
#1265=VECTOR('',#5011,10.);
#1266=VECTOR('',#5012,10.);
#1267=VECTOR('',#5013,10.);
#1268=VECTOR('',#5014,10.);
#1269=VECTOR('',#5015,10.);
#1270=VECTOR('',#5016,10.);
#1271=VECTOR('',#5017,10.);
#1272=VECTOR('',#5018,10.);
#1273=VECTOR('',#5021,10.);
#1274=VECTOR('',#5022,10.);
#1275=VECTOR('',#5023,10.);
#1276=VECTOR('',#5024,10.);
#1277=VECTOR('',#5025,10.);
#1278=VECTOR('',#5026,10.);
#1279=VECTOR('',#5027,10.);
#1280=VECTOR('',#5030,10.);
#1281=VECTOR('',#5031,10.);
#1282=VECTOR('',#5032,10.);
#1283=VECTOR('',#5035,10.);
#1284=VECTOR('',#5036,10.);
#1285=VECTOR('',#5039,10.);
#1286=VECTOR('',#5040,10.);
#1287=VECTOR('',#5043,10.);
#1288=VECTOR('',#5044,10.);
#1289=VECTOR('',#5047,10.);
#1290=VECTOR('',#5048,10.);
#1291=VECTOR('',#5051,10.);
#1292=VECTOR('',#5052,10.);
#1293=VECTOR('',#5055,10.);
#1294=VECTOR('',#5056,10.);
#1295=VECTOR('',#5059,10.);
#1296=VECTOR('',#5060,10.);
#1297=VECTOR('',#5063,10.);
#1298=VECTOR('',#5064,10.);
#1299=VECTOR('',#5067,10.);
#1300=VECTOR('',#5068,10.);
#1301=VECTOR('',#5071,10.);
#1302=VECTOR('',#5072,10.);
#1303=VECTOR('',#5075,10.);
#1304=VECTOR('',#5076,10.);
#1305=VECTOR('',#5079,10.);
#1306=VECTOR('',#5080,10.);
#1307=VECTOR('',#5083,10.);
#1308=VECTOR('',#5084,10.);
#1309=VECTOR('',#5087,10.);
#1310=VECTOR('',#5088,10.);
#1311=VECTOR('',#5091,10.);
#1312=CIRCLE('',#3671,1.);
#1313=CIRCLE('',#3672,1.);
#1314=CIRCLE('',#3674,3.);
#1315=CIRCLE('',#3675,1.);
#1316=CIRCLE('',#3676,2.);
#1317=CIRCLE('',#3678,4.);
#1318=CIRCLE('',#3680,1.);
#1319=CIRCLE('',#3681,1.);
#1320=CIRCLE('',#3683,6.);
#1321=CIRCLE('',#3684,5.99999999999998);
#1322=CIRCLE('',#3685,6.);
#1323=CIRCLE('',#3686,6.);
#1324=CIRCLE('',#3687,3.5);
#1325=CIRCLE('',#3688,1.6);
#1326=CIRCLE('',#3689,1.6);
#1327=CIRCLE('',#3690,1.6);
#1328=CIRCLE('',#3691,1.6);
#1329=CIRCLE('',#3692,3.5);
#1330=CIRCLE('',#3696,1.);
#1331=CIRCLE('',#3698,3.);
#1332=CIRCLE('',#3700,2.);
#1333=CIRCLE('',#3703,3.99999753448852);
#1334=CIRCLE('',#3704,1.3);
#1335=CIRCLE('',#3706,3.);
#1336=CIRCLE('',#3709,1.00000000000001);
#1337=CIRCLE('',#3712,2.);
#1338=CIRCLE('',#3713,3.);
#1339=CIRCLE('',#3715,1.);
#1340=CIRCLE('',#3717,4.);
#1341=CIRCLE('',#3718,3.);
#1342=CIRCLE('',#3724,2.);
#1343=CIRCLE('',#3726,3.);
#1344=CIRCLE('',#3728,3.99999999999999);
#1345=CIRCLE('',#3729,1.3);
#1346=CIRCLE('',#3731,3.99999999999999);
#1347=CIRCLE('',#3732,1.3);
#1348=CIRCLE('',#3734,3.99999753448851);
#1349=CIRCLE('',#3735,1.3);
#1350=CIRCLE('',#3737,3.);
#1351=CIRCLE('',#3739,3.);
#1352=CIRCLE('',#3741,1.75);
#1353=CIRCLE('',#3744,1.75);
#1354=CIRCLE('',#3746,2.);
#1355=CIRCLE('',#3747,4.);
#1356=CIRCLE('',#3748,1.99999999999999);
#1357=CIRCLE('',#3750,2.);
#1358=CIRCLE('',#3752,4.);
#1359=CIRCLE('',#3754,2.);
#1360=CIRCLE('',#3755,4.);
#1361=CIRCLE('',#3757,2.00000000000001);
#1362=CIRCLE('',#3759,1.99999999999999);
#1363=CIRCLE('',#3760,3.99999999999998);
#1364=CIRCLE('',#3763,4.);
#1365=CIRCLE('',#3767,2.);
#1366=CIRCLE('',#3768,2.);
#1367=CIRCLE('',#3770,2.);
#1368=CIRCLE('',#3771,2.);
#1369=CIRCLE('',#3774,1.3);
#1370=CIRCLE('',#3776,1.3);
#1371=CIRCLE('',#3778,1.75);
#1372=CIRCLE('',#3780,4.);
#1373=CIRCLE('',#3782,1.99999999999999);
#1374=CIRCLE('',#3783,2.);
#1375=CIRCLE('',#3785,2.);
#1376=CIRCLE('',#3786,2.);
#1377=CIRCLE('',#3787,1.75);
#1378=CIRCLE('',#3788,1.3);
#1379=CIRCLE('',#3789,1.3);
#1380=CIRCLE('',#3798,2.);
#1381=CIRCLE('',#3800,2.);
#1382=CIRCLE('',#3803,2.);
#1383=CIRCLE('',#3806,2.);
#1384=CIRCLE('',#3809,3.5);
#1385=CIRCLE('',#3811,1.6);
#1386=CIRCLE('',#3813,1.6);
#1387=CIRCLE('',#3815,1.6);
#1388=CIRCLE('',#3817,1.6);
#1389=CIRCLE('',#3819,3.5);
#1390=CIRCLE('',#3827,4.);
#1391=CIRCLE('',#3828,4.);
#1392=CIRCLE('',#3830,1.4);
#1393=CIRCLE('',#3831,1.4);
#1394=CIRCLE('',#3833,1.4);
#1395=CIRCLE('',#3834,1.4);
#1396=CIRCLE('',#3836,7.69376988460093);
#1397=CIRCLE('',#3837,7.69376988460093);
#1398=CIRCLE('',#3841,7.85307719884921);
#1399=CIRCLE('',#3842,7.85307719884921);
#1400=CIRCLE('',#3849,12.5334446764357);
#1401=CIRCLE('',#3850,12.5334446764357);
#1402=CIRCLE('',#3853,14.5334446764357);
#1403=CIRCLE('',#3855,0.2);
#1404=CIRCLE('',#3856,0.2);
#1405=CIRCLE('',#3858,0.2);
#1406=CIRCLE('',#3859,0.2);
#1407=CIRCLE('',#3860,0.2);
#1408=CIRCLE('',#3861,0.2);
#1409=CIRCLE('',#3864,0.2);
#1410=CIRCLE('',#3866,0.2);
#1411=CIRCLE('',#3869,0.2);
#1412=CIRCLE('',#3872,0.2);
#1413=CIRCLE('',#3874,0.2);
#1414=CIRCLE('',#3875,0.2);
#1415=CIRCLE('',#3877,0.2);
#1416=CIRCLE('',#3878,0.2);
#1417=CIRCLE('',#3879,0.2);
#1418=CIRCLE('',#3880,0.2);
#1419=CIRCLE('',#3881,12.9553726052662);
#1420=CIRCLE('',#3882,0.2);
#1421=CIRCLE('',#3883,0.2);
#1422=CIRCLE('',#3884,0.2);
#1423=CIRCLE('',#3885,0.2);
#1424=CIRCLE('',#3886,0.2);
#1425=CIRCLE('',#3887,0.2);
#1426=CIRCLE('',#3888,11.8011501310239);
#1427=CIRCLE('',#3889,0.2);
#1428=CIRCLE('',#3892,0.2);
#1429=CIRCLE('',#3894,14.5334446764357);
#1430=CIRCLE('',#3895,2.4544402841278);
#1431=CIRCLE('',#3896,2.42285368709187);
#1432=CIRCLE('',#3897,11.8011501310239);
#1433=CIRCLE('',#3898,0.2);
#1434=CIRCLE('',#3899,0.2);
#1435=CIRCLE('',#3900,0.2);
#1436=CIRCLE('',#3901,0.2);
#1437=CIRCLE('',#3902,0.2);
#1438=CIRCLE('',#3903,0.2);
#1439=CIRCLE('',#3904,12.9553726052662);
#1440=CIRCLE('',#3905,0.2);
#1441=CIRCLE('',#3906,0.2);
#1442=CIRCLE('',#3907,0.2);
#1443=CIRCLE('',#3908,0.2);
#1444=CIRCLE('',#3933,2.4544402841278);
#1445=CIRCLE('',#3936,2.42285368709187);
#1446=CIRCLE('',#3942,2.25);
#1447=CIRCLE('',#3943,2.25);
#1448=CIRCLE('',#3945,4.);
#1449=CIRCLE('',#3946,4.);
#1450=CIRCLE('',#3952,1.);
#1451=CIRCLE('',#3953,1.);
#1452=CIRCLE('',#3956,1.);
#1453=CIRCLE('',#3957,1.);
#1454=CIRCLE('',#3959,4.);
#1455=CIRCLE('',#3960,2.25);
#1456=CIRCLE('',#3962,2.);
#1457=CIRCLE('',#3963,2.);
#1458=CIRCLE('',#3965,2.);
#1459=CIRCLE('',#3966,2.);
#1460=CIRCLE('',#3970,2.);
#1461=CIRCLE('',#3971,2.);
#1462=CIRCLE('',#3974,2.);
#1463=CIRCLE('',#3975,2.);
#1464=CIRCLE('',#3977,4.);
#1465=CIRCLE('',#3978,1.);
#1466=CIRCLE('',#3979,1.);
#1467=CIRCLE('',#3980,2.25);
#1468=CIRCLE('',#3987,8.);
#1469=CIRCLE('',#3988,8.);
#1470=CIRCLE('',#3991,1.);
#1471=CIRCLE('',#3993,1.);
#1472=CIRCLE('',#3999,1.75);
#1473=CIRCLE('',#4000,1.75);
#1474=CIRCLE('',#4002,2.99999999999999);
#1475=CIRCLE('',#4003,2.99999999999999);
#1476=CIRCLE('',#4005,1.5);
#1477=CIRCLE('',#4006,1.5);
#1478=VERTEX_POINT('',#5105);
#1479=VERTEX_POINT('',#5106);
#1480=VERTEX_POINT('',#5108);
#1481=VERTEX_POINT('',#5110);
#1482=VERTEX_POINT('',#5173);
#1483=VERTEX_POINT('',#5199);
#1484=VERTEX_POINT('',#5201);
#1485=VERTEX_POINT('',#5205);
#1486=VERTEX_POINT('',#5207);
#1487=VERTEX_POINT('',#5209);
#1488=VERTEX_POINT('',#5211);
#1489=VERTEX_POINT('',#5213);
#1490=VERTEX_POINT('',#5215);
#1491=VERTEX_POINT('',#5217);
#1492=VERTEX_POINT('',#5221);
#1493=VERTEX_POINT('',#5222);
#1494=VERTEX_POINT('',#5224);
#1495=VERTEX_POINT('',#5226);
#1496=VERTEX_POINT('',#5289);
#1497=VERTEX_POINT('',#5315);
#1498=VERTEX_POINT('',#5316);
#1499=VERTEX_POINT('',#5318);
#1500=VERTEX_POINT('',#5320);
#1501=VERTEX_POINT('',#5323);
#1502=VERTEX_POINT('',#5325);
#1503=VERTEX_POINT('',#5327);
#1504=VERTEX_POINT('',#5329);
#1505=VERTEX_POINT('',#5331);
#1506=VERTEX_POINT('',#5333);
#1507=VERTEX_POINT('',#5335);
#1508=VERTEX_POINT('',#5337);
#1509=VERTEX_POINT('',#5341);
#1510=VERTEX_POINT('',#5343);
#1511=VERTEX_POINT('',#5345);
#1512=VERTEX_POINT('',#5347);
#1513=VERTEX_POINT('',#5349);
#1514=VERTEX_POINT('',#5351);
#1515=VERTEX_POINT('',#5354);
#1516=VERTEX_POINT('',#5358);
#1517=VERTEX_POINT('',#5362);
#1518=VERTEX_POINT('',#5381);
#1519=VERTEX_POINT('',#5385);
#1520=VERTEX_POINT('',#5387);
#1521=VERTEX_POINT('',#5391);
#1522=VERTEX_POINT('',#5393);
#1523=VERTEX_POINT('',#5396);
#1524=VERTEX_POINT('',#5399);
#1525=VERTEX_POINT('',#5408);
#1526=VERTEX_POINT('',#5412);
#1527=VERTEX_POINT('',#5431);
#1528=VERTEX_POINT('',#5432);
#1529=VERTEX_POINT('',#5434);
#1530=VERTEX_POINT('',#5436);
#1531=VERTEX_POINT('',#5443);
#1532=VERTEX_POINT('',#5445);
#1533=VERTEX_POINT('',#5449);
#1534=VERTEX_POINT('',#5450);
#1535=VERTEX_POINT('',#5472);
#1536=VERTEX_POINT('',#5474);
#1537=VERTEX_POINT('',#5476);
#1538=VERTEX_POINT('',#5478);
#1539=VERTEX_POINT('',#5482);
#1540=VERTEX_POINT('',#5491);
#1541=VERTEX_POINT('',#5512);
#1542=VERTEX_POINT('',#5514);
#1543=VERTEX_POINT('',#5516);
#1544=VERTEX_POINT('',#5518);
#1545=VERTEX_POINT('',#5522);
#1546=VERTEX_POINT('',#5524);
#1547=VERTEX_POINT('',#5526);
#1548=VERTEX_POINT('',#5532);
#1549=VERTEX_POINT('',#5534);
#1550=VERTEX_POINT('',#5538);
#1551=VERTEX_POINT('',#5540);
#1552=VERTEX_POINT('',#5542);
#1553=VERTEX_POINT('',#5545);
#1554=VERTEX_POINT('',#5548);
#1555=VERTEX_POINT('',#5550);
#1556=VERTEX_POINT('',#5552);
#1557=VERTEX_POINT('',#5554);
#1558=VERTEX_POINT('',#5557);
#1559=VERTEX_POINT('',#5560);
#1560=VERTEX_POINT('',#5562);
#1561=VERTEX_POINT('',#5565);
#1562=VERTEX_POINT('',#5568);
#1563=VERTEX_POINT('',#5572);
#1564=VERTEX_POINT('',#5577);
#1565=VERTEX_POINT('',#5580);
#1566=VERTEX_POINT('',#5582);
#1567=VERTEX_POINT('',#5584);
#1568=VERTEX_POINT('',#5589);
#1569=VERTEX_POINT('',#5592);
#1570=VERTEX_POINT('',#5594);
#1571=VERTEX_POINT('',#5598);
#1572=VERTEX_POINT('',#5609);
#1573=VERTEX_POINT('',#5615);
#1574=VERTEX_POINT('',#5624);
#1575=VERTEX_POINT('',#5626);
#1576=VERTEX_POINT('',#5630);
#1577=VERTEX_POINT('',#5632);
#1578=VERTEX_POINT('',#5639);
#1579=VERTEX_POINT('',#5643);
#1580=VERTEX_POINT('',#5647);
#1581=VERTEX_POINT('',#5653);
#1582=VERTEX_POINT('',#5654);
#1583=VERTEX_POINT('',#5656);
#1584=VERTEX_POINT('',#5661);
#1585=VERTEX_POINT('',#5662);
#1586=VERTEX_POINT('',#5665);
#1587=VERTEX_POINT('',#5668);
#1588=VERTEX_POINT('',#5670);
#1589=VERTEX_POINT('',#5672);
#1590=VERTEX_POINT('',#5686);
#1591=VERTEX_POINT('',#5690);
#1592=VERTEX_POINT('',#5694);
#1593=VERTEX_POINT('',#5698);
#1594=VERTEX_POINT('',#5702);
#1595=VERTEX_POINT('',#5706);
#1596=VERTEX_POINT('',#5712);
#1597=VERTEX_POINT('',#5716);
#1598=VERTEX_POINT('',#5720);
#1599=VERTEX_POINT('',#5724);
#1600=VERTEX_POINT('',#5728);
#1601=VERTEX_POINT('',#5732);
#1602=VERTEX_POINT('',#5736);
#1603=VERTEX_POINT('',#5737);
#1604=VERTEX_POINT('',#5742);
#1605=VERTEX_POINT('',#5746);
#1606=VERTEX_POINT('',#5754);
#1607=VERTEX_POINT('',#5756);
#1608=VERTEX_POINT('',#5760);
#1609=VERTEX_POINT('',#5762);
#1610=VERTEX_POINT('',#5766);
#1611=VERTEX_POINT('',#5768);
#1612=VERTEX_POINT('',#5772);
#1613=VERTEX_POINT('',#5773);
#1614=VERTEX_POINT('',#5775);
#1615=VERTEX_POINT('',#5777);
#1616=VERTEX_POINT('',#5781);
#1617=VERTEX_POINT('',#5783);
#1618=VERTEX_POINT('',#5789);
#1619=VERTEX_POINT('',#5790);
#1620=VERTEX_POINT('',#5792);
#1621=VERTEX_POINT('',#5794);
#1622=VERTEX_POINT('',#5803);
#1623=VERTEX_POINT('',#5805);
#1624=VERTEX_POINT('',#5807);
#1625=VERTEX_POINT('',#5811);
#1626=VERTEX_POINT('',#5813);
#1627=VERTEX_POINT('',#5817);
#1628=VERTEX_POINT('',#5818);
#1629=VERTEX_POINT('',#5820);
#1630=VERTEX_POINT('',#5822);
#1631=VERTEX_POINT('',#5826);
#1632=VERTEX_POINT('',#5828);
#1633=VERTEX_POINT('',#5837);
#1634=VERTEX_POINT('',#5838);
#1635=VERTEX_POINT('',#5840);
#1636=VERTEX_POINT('',#5842);
#1637=VERTEX_POINT('',#5846);
#1638=VERTEX_POINT('',#5848);
#1639=VERTEX_POINT('',#5850);
#1640=VERTEX_POINT('',#5852);
#1641=VERTEX_POINT('',#5854);
#1642=VERTEX_POINT('',#5856);
#1643=VERTEX_POINT('',#5858);
#1644=VERTEX_POINT('',#5860);
#1645=VERTEX_POINT('',#5864);
#1646=VERTEX_POINT('',#5868);
#1647=VERTEX_POINT('',#5872);
#1648=VERTEX_POINT('',#5874);
#1649=VERTEX_POINT('',#5878);
#1650=VERTEX_POINT('',#5882);
#1651=VERTEX_POINT('',#5886);
#1652=VERTEX_POINT('',#5890);
#1653=VERTEX_POINT('',#5894);
#1654=VERTEX_POINT('',#5895);
#1655=VERTEX_POINT('',#5897);
#1656=VERTEX_POINT('',#5899);
#1657=VERTEX_POINT('',#5903);
#1658=VERTEX_POINT('',#5905);
#1659=VERTEX_POINT('',#5907);
#1660=VERTEX_POINT('',#5909);
#1661=VERTEX_POINT('',#5911);
#1662=VERTEX_POINT('',#5913);
#1663=VERTEX_POINT('',#5915);
#1664=VERTEX_POINT('',#5917);
#1665=VERTEX_POINT('',#5919);
#1666=VERTEX_POINT('',#5921);
#1667=VERTEX_POINT('',#5923);
#1668=VERTEX_POINT('',#5925);
#1669=VERTEX_POINT('',#5927);
#1670=VERTEX_POINT('',#5929);
#1671=VERTEX_POINT('',#5931);
#1672=VERTEX_POINT('',#5933);
#1673=VERTEX_POINT('',#5935);
#1674=VERTEX_POINT('',#5937);
#1675=VERTEX_POINT('',#5939);
#1676=VERTEX_POINT('',#5941);
#1677=VERTEX_POINT('',#5943);
#1678=VERTEX_POINT('',#5945);
#1679=VERTEX_POINT('',#5949);
#1680=VERTEX_POINT('',#5953);
#1681=VERTEX_POINT('',#5954);
#1682=VERTEX_POINT('',#5962);
#1683=VERTEX_POINT('',#5963);
#1684=VERTEX_POINT('',#5965);
#1685=VERTEX_POINT('',#5967);
#1686=VERTEX_POINT('',#5970);
#1687=VERTEX_POINT('',#5972);
#1688=VERTEX_POINT('',#5974);
#1689=VERTEX_POINT('',#5976);
#1690=VERTEX_POINT('',#5978);
#1691=VERTEX_POINT('',#5980);
#1692=VERTEX_POINT('',#5982);
#1693=VERTEX_POINT('',#5984);
#1694=VERTEX_POINT('',#5986);
#1695=VERTEX_POINT('',#5988);
#1696=VERTEX_POINT('',#5990);
#1697=VERTEX_POINT('',#5992);
#1698=VERTEX_POINT('',#5994);
#1699=VERTEX_POINT('',#5996);
#1700=VERTEX_POINT('',#5998);
#1701=VERTEX_POINT('',#6000);
#1702=VERTEX_POINT('',#6002);
#1703=VERTEX_POINT('',#6004);
#1704=VERTEX_POINT('',#6006);
#1705=VERTEX_POINT('',#6053);
#1706=VERTEX_POINT('',#6054);
#1707=VERTEX_POINT('',#6059);
#1708=VERTEX_POINT('',#6063);
#1709=VERTEX_POINT('',#6072);
#1710=VERTEX_POINT('',#6074);
#1711=VERTEX_POINT('',#6078);
#1712=VERTEX_POINT('',#6079);
#1713=VERTEX_POINT('',#6081);
#1714=VERTEX_POINT('',#6083);
#1715=VERTEX_POINT('',#6087);
#1716=VERTEX_POINT('',#6089);
#1717=VERTEX_POINT('',#6093);
#1718=VERTEX_POINT('',#6095);
#1719=VERTEX_POINT('',#6101);
#1720=VERTEX_POINT('',#6102);
#1721=VERTEX_POINT('',#6104);
#1722=VERTEX_POINT('',#6106);
#1723=VERTEX_POINT('',#6110);
#1724=VERTEX_POINT('',#6111);
#1725=VERTEX_POINT('',#6116);
#1726=VERTEX_POINT('',#6117);
#1727=VERTEX_POINT('',#6122);
#1728=VERTEX_POINT('',#6123);
#1729=VERTEX_POINT('',#6128);
#1730=VERTEX_POINT('',#6129);
#1731=VERTEX_POINT('',#6131);
#1732=VERTEX_POINT('',#6133);
#1733=VERTEX_POINT('',#6136);
#1734=VERTEX_POINT('',#6139);
#1735=VERTEX_POINT('',#6140);
#1736=VERTEX_POINT('',#6142);
#1737=VERTEX_POINT('',#6145);
#1738=VERTEX_POINT('',#6149);
#1739=VERTEX_POINT('',#6150);
#1740=VERTEX_POINT('',#6152);
#1741=VERTEX_POINT('',#6155);
#1742=VERTEX_POINT('',#6159);
#1743=VERTEX_POINT('',#6160);
#1744=VERTEX_POINT('',#6165);
#1745=VERTEX_POINT('',#6166);
#1746=VERTEX_POINT('',#6172);
#1747=VERTEX_POINT('',#6176);
#1748=VERTEX_POINT('',#6183);
#1749=VERTEX_POINT('',#6185);
#1750=VERTEX_POINT('',#6188);
#1751=VERTEX_POINT('',#6190);
#1752=VERTEX_POINT('',#6192);
#1753=VERTEX_POINT('',#6195);
#1754=VERTEX_POINT('',#6207);
#1755=VERTEX_POINT('',#6209);
#1756=VERTEX_POINT('',#6214);
#1757=VERTEX_POINT('',#6218);
#1758=VERTEX_POINT('',#6220);
#1759=VERTEX_POINT('',#6230);
#1760=VERTEX_POINT('',#6232);
#1761=VERTEX_POINT('',#6236);
#1762=VERTEX_POINT('',#6238);
#1763=VERTEX_POINT('',#6242);
#1764=VERTEX_POINT('',#6244);
#1765=VERTEX_POINT('',#6248);
#1766=VERTEX_POINT('',#6249);
#1767=VERTEX_POINT('',#6251);
#1768=VERTEX_POINT('',#6253);
#1769=VERTEX_POINT('',#6257);
#1770=VERTEX_POINT('',#6258);
#1771=VERTEX_POINT('',#6263);
#1772=VERTEX_POINT('',#6264);
#1773=VERTEX_POINT('',#6266);
#1774=VERTEX_POINT('',#6268);
#1775=VERTEX_POINT('',#6272);
#1776=VERTEX_POINT('',#6273);
#1777=VERTEX_POINT('',#6278);
#1778=VERTEX_POINT('',#6279);
#1779=VERTEX_POINT('',#6281);
#1780=VERTEX_POINT('',#6283);
#1781=VERTEX_POINT('',#6287);
#1782=VERTEX_POINT('',#6289);
#1783=VERTEX_POINT('',#6291);
#1784=VERTEX_POINT('',#6293);
#1785=VERTEX_POINT('',#6295);
#1786=VERTEX_POINT('',#6297);
#1787=VERTEX_POINT('',#6299);
#1788=VERTEX_POINT('',#6301);
#1789=VERTEX_POINT('',#6305);
#1790=VERTEX_POINT('',#6307);
#1791=VERTEX_POINT('',#6310);
#1792=VERTEX_POINT('',#6312);
#1793=VERTEX_POINT('',#6317);
#1794=VERTEX_POINT('',#6318);
#1795=VERTEX_POINT('',#6323);
#1796=VERTEX_POINT('',#6327);
#1797=VERTEX_POINT('',#6331);
#1798=VERTEX_POINT('',#6335);
#1799=VERTEX_POINT('',#6339);
#1800=VERTEX_POINT('',#6343);
#1801=VERTEX_POINT('',#6347);
#1802=VERTEX_POINT('',#6351);
#1803=VERTEX_POINT('',#6355);
#1804=VERTEX_POINT('',#6359);
#1805=VERTEX_POINT('',#6363);
#1806=VERTEX_POINT('',#6367);
#1807=VERTEX_POINT('',#6371);
#1808=VERTEX_POINT('',#6375);
#1809=EDGE_CURVE('',#1478,#1479,#1312,.T.);
#1810=EDGE_CURVE('',#1479,#1480,#646,.T.);
#1811=EDGE_CURVE('',#1480,#1481,#1313,.T.);
#1812=EDGE_CURVE('',#1481,#1478,#647,.T.);
#1813=EDGE_CURVE('',#1478,#1482,#200,.T.);
#1814=EDGE_CURVE('',#1482,#1479,#201,.T.);
#1815=EDGE_CURVE('',#1478,#1483,#1314,.T.);
#1816=EDGE_CURVE('',#1483,#1484,#1315,.T.);
#1817=EDGE_CURVE('',#1484,#1482,#1316,.T.);
#1818=EDGE_CURVE('',#1485,#1481,#648,.T.);
#1819=EDGE_CURVE('',#1486,#1485,#649,.T.);
#1820=EDGE_CURVE('',#1486,#1487,#650,.T.);
#1821=EDGE_CURVE('',#1488,#1487,#651,.T.);
#1822=EDGE_CURVE('',#1489,#1488,#652,.T.);
#1823=EDGE_CURVE('',#1490,#1489,#1317,.T.);
#1824=EDGE_CURVE('',#1491,#1490,#653,.T.);
#1825=EDGE_CURVE('',#1483,#1491,#654,.T.);
#1826=EDGE_CURVE('',#1492,#1493,#1318,.T.);
#1827=EDGE_CURVE('',#1493,#1494,#655,.T.);
#1828=EDGE_CURVE('',#1494,#1495,#1319,.T.);
#1829=EDGE_CURVE('',#1495,#1492,#656,.T.);
#1830=EDGE_CURVE('',#1492,#1496,#202,.T.);
#1831=EDGE_CURVE('',#1496,#1493,#203,.T.);
#1832=EDGE_CURVE('',#1497,#1498,#657,.T.);
#1833=EDGE_CURVE('',#1498,#1499,#658,.T.);
#1834=EDGE_CURVE('',#1499,#1500,#659,.T.);
#1835=EDGE_CURVE('',#1500,#1497,#660,.T.);
#1836=EDGE_CURVE('',#1501,#1482,#661,.T.);
#1837=EDGE_CURVE('',#1502,#1501,#1320,.T.);
#1838=EDGE_CURVE('',#1503,#1502,#662,.T.);
#1839=EDGE_CURVE('',#1504,#1503,#1321,.T.);
#1840=EDGE_CURVE('',#1505,#1504,#663,.T.);
#1841=EDGE_CURVE('',#1506,#1505,#1322,.T.);
#1842=EDGE_CURVE('',#1507,#1506,#664,.T.);
#1843=EDGE_CURVE('',#1508,#1507,#1323,.T.);
#1844=EDGE_CURVE('',#1496,#1508,#665,.T.);
#1845=EDGE_CURVE('',#1480,#1495,#666,.T.);
#1846=EDGE_CURVE('',#1509,#1509,#1324,.T.);
#1847=EDGE_CURVE('',#1510,#1510,#1325,.T.);
#1848=EDGE_CURVE('',#1511,#1511,#1326,.T.);
#1849=EDGE_CURVE('',#1512,#1512,#1327,.T.);
#1850=EDGE_CURVE('',#1513,#1513,#1328,.T.);
#1851=EDGE_CURVE('',#1514,#1514,#1329,.T.);
#1852=EDGE_CURVE('',#1515,#1484,#667,.T.);
#1853=EDGE_CURVE('',#1491,#1515,#43,.T.);
#1854=EDGE_CURVE('',#1490,#1516,#1330,.T.);
#1855=EDGE_CURVE('',#1516,#1515,#668,.T.);
#1856=EDGE_CURVE('',#1489,#1517,#204,.T.);
#1857=EDGE_CURVE('',#1517,#1516,#1331,.T.);
#1858=EDGE_CURVE('',#1484,#1518,#669,.T.);
#1859=EDGE_CURVE('',#1518,#1501,#1332,.T.);
#1860=EDGE_CURVE('',#1519,#1515,#670,.T.);
#1861=EDGE_CURVE('',#1520,#1519,#671,.T.);
#1862=EDGE_CURVE('',#1518,#1520,#672,.T.);
#1863=EDGE_CURVE('',#1521,#1516,#673,.T.);
#1864=EDGE_CURVE('',#1521,#1522,#674,.T.);
#1865=EDGE_CURVE('',#1522,#1519,#1333,.T.);
#1866=EDGE_CURVE('',#1523,#1523,#1334,.T.);
#1867=EDGE_CURVE('',#1517,#1524,#205,.F.);
#1868=EDGE_CURVE('',#1525,#1524,#675,.T.);
#1869=EDGE_CURVE('',#1525,#1521,#1335,.T.);
#1870=EDGE_CURVE('',#1488,#1526,#206,.F.);
#1871=EDGE_CURVE('',#1524,#1526,#676,.T.);
#1872=EDGE_CURVE('',#1527,#1528,#677,.T.);
#1873=EDGE_CURVE('',#1528,#1529,#1336,.T.);
#1874=EDGE_CURVE('',#1529,#1530,#678,.T.);
#1875=EDGE_CURVE('',#1530,#1527,#44,.T.);
#1876=EDGE_CURVE('',#1496,#1529,#1337,.T.);
#1877=EDGE_CURVE('',#1528,#1493,#1338,.T.);
#1878=EDGE_CURVE('',#1530,#1531,#679,.T.);
#1879=EDGE_CURVE('',#1531,#1532,#1339,.T.);
#1880=EDGE_CURVE('',#1532,#1527,#680,.T.);
#1881=EDGE_CURVE('',#1533,#1534,#207,.T.);
#1882=EDGE_CURVE('',#1534,#1532,#1340,.T.);
#1883=EDGE_CURVE('',#1531,#1533,#1341,.T.);
#1884=EDGE_CURVE('',#1535,#1534,#681,.T.);
#1885=EDGE_CURVE('',#1536,#1535,#682,.T.);
#1886=EDGE_CURVE('',#1536,#1537,#683,.T.);
#1887=EDGE_CURVE('',#1538,#1537,#684,.T.);
#1888=EDGE_CURVE('',#1494,#1538,#685,.T.);
#1889=EDGE_CURVE('',#1533,#1539,#208,.T.);
#1890=EDGE_CURVE('',#1540,#1539,#686,.T.);
#1891=EDGE_CURVE('',#1535,#1540,#209,.F.);
#1892=EDGE_CURVE('',#1541,#1538,#687,.T.);
#1893=EDGE_CURVE('',#1542,#1541,#688,.T.);
#1894=EDGE_CURVE('',#1542,#1543,#689,.T.);
#1895=EDGE_CURVE('',#1544,#1543,#690,.T.);
#1896=EDGE_CURVE('',#1485,#1544,#691,.T.);
#1897=EDGE_CURVE('',#1545,#1529,#692,.T.);
#1898=EDGE_CURVE('',#1545,#1546,#693,.T.);
#1899=EDGE_CURVE('',#1546,#1547,#694,.T.);
#1900=EDGE_CURVE('',#1530,#1547,#695,.T.);
#1901=EDGE_CURVE('',#1545,#1508,#1342,.T.);
#1902=EDGE_CURVE('',#1488,#1548,#696,.T.);
#1903=EDGE_CURVE('',#1549,#1548,#1343,.F.);
#1904=EDGE_CURVE('',#1526,#1549,#697,.T.);
#1905=EDGE_CURVE('',#1487,#1550,#698,.T.);
#1906=EDGE_CURVE('',#1550,#1551,#699,.T.);
#1907=EDGE_CURVE('',#1551,#1552,#1344,.T.);
#1908=EDGE_CURVE('',#1552,#1548,#700,.T.);
#1909=EDGE_CURVE('',#1553,#1553,#1345,.T.);
#1910=EDGE_CURVE('',#1554,#1535,#701,.T.);
#1911=EDGE_CURVE('',#1554,#1555,#702,.T.);
#1912=EDGE_CURVE('',#1555,#1556,#1346,.T.);
#1913=EDGE_CURVE('',#1556,#1557,#703,.T.);
#1914=EDGE_CURVE('',#1557,#1536,#704,.T.);
#1915=EDGE_CURVE('',#1558,#1558,#1347,.T.);
#1916=EDGE_CURVE('',#1547,#1559,#1348,.T.);
#1917=EDGE_CURVE('',#1559,#1560,#705,.T.);
#1918=EDGE_CURVE('',#1531,#1560,#706,.T.);
#1919=EDGE_CURVE('',#1561,#1561,#1349,.T.);
#1920=EDGE_CURVE('',#1562,#1560,#1350,.F.);
#1921=EDGE_CURVE('',#1539,#1562,#707,.T.);
#1922=EDGE_CURVE('',#1563,#1554,#1351,.T.);
#1923=EDGE_CURVE('',#1563,#1540,#708,.T.);
#1924=EDGE_CURVE('',#1549,#1525,#709,.T.);
#1925=EDGE_CURVE('',#1564,#1564,#1352,.T.);
#1926=EDGE_CURVE('',#1565,#1552,#710,.T.);
#1927=EDGE_CURVE('',#1566,#1565,#711,.T.);
#1928=EDGE_CURVE('',#1566,#1567,#712,.T.);
#1929=EDGE_CURVE('',#1567,#1522,#713,.T.);
#1930=EDGE_CURVE('',#1562,#1563,#714,.T.);
#1931=EDGE_CURVE('',#1568,#1568,#1353,.T.);
#1932=EDGE_CURVE('',#1505,#1569,#1354,.T.);
#1933=EDGE_CURVE('',#1569,#1570,#1355,.T.);
#1934=EDGE_CURVE('',#1570,#1506,#1356,.T.);
#1935=EDGE_CURVE('',#1571,#1507,#1357,.T.);
#1936=EDGE_CURVE('',#1570,#1571,#715,.T.);
#1937=EDGE_CURVE('',#1571,#1545,#1358,.T.);
#1938=EDGE_CURVE('',#1566,#1502,#1359,.T.);
#1939=EDGE_CURVE('',#1518,#1566,#1360,.T.);
#1940=EDGE_CURVE('',#1565,#1503,#1361,.T.);
#1941=EDGE_CURVE('',#1572,#1504,#1362,.T.);
#1942=EDGE_CURVE('',#1565,#1572,#1363,.T.);
#1943=EDGE_CURVE('',#1572,#1569,#716,.T.);
#1944=EDGE_CURVE('',#1571,#1573,#717,.T.);
#1945=EDGE_CURVE('',#1546,#1573,#1364,.T.);
#1946=EDGE_CURVE('',#1573,#1559,#718,.T.);
#1947=EDGE_CURVE('',#1570,#1555,#719,.T.);
#1948=EDGE_CURVE('',#1569,#1556,#720,.T.);
#1949=EDGE_CURVE('',#1536,#1574,#1365,.F.);
#1950=EDGE_CURVE('',#1557,#1575,#1366,.T.);
#1951=EDGE_CURVE('',#1575,#1574,#721,.T.);
#1952=EDGE_CURVE('',#1487,#1576,#1367,.T.);
#1953=EDGE_CURVE('',#1576,#1577,#722,.T.);
#1954=EDGE_CURVE('',#1577,#1550,#1368,.T.);
#1955=EDGE_CURVE('',#1575,#1577,#723,.T.);
#1956=EDGE_CURVE('',#1576,#1574,#724,.T.);
#1957=EDGE_CURVE('',#1553,#1578,#725,.T.);
#1958=EDGE_CURVE('',#1578,#1578,#1369,.T.);
#1959=EDGE_CURVE('',#1523,#1579,#726,.T.);
#1960=EDGE_CURVE('',#1579,#1579,#1370,.T.);
#1961=EDGE_CURVE('',#1564,#1580,#727,.T.);
#1962=EDGE_CURVE('',#1580,#1580,#1371,.T.);
#1963=EDGE_CURVE('',#1567,#1520,#1372,.T.);
#1964=EDGE_CURVE('',#1581,#1582,#728,.T.);
#1965=EDGE_CURVE('',#1582,#1583,#1373,.T.);
#1966=EDGE_CURVE('',#1583,#1486,#729,.T.);
#1967=EDGE_CURVE('',#1544,#1581,#1374,.T.);
#1968=EDGE_CURVE('',#1584,#1585,#730,.T.);
#1969=EDGE_CURVE('',#1585,#1541,#1375,.T.);
#1970=EDGE_CURVE('',#1537,#1586,#731,.T.);
#1971=EDGE_CURVE('',#1586,#1584,#1376,.T.);
#1972=EDGE_CURVE('',#1587,#1587,#1377,.T.);
#1973=EDGE_CURVE('',#1588,#1588,#1378,.T.);
#1974=EDGE_CURVE('',#1589,#1589,#1379,.T.);
#1975=EDGE_CURVE('',#1561,#1588,#732,.T.);
#1976=EDGE_CURVE('',#1568,#1587,#733,.T.);
#1977=EDGE_CURVE('',#1558,#1589,#734,.T.);
#1978=EDGE_CURVE('',#1572,#1551,#735,.T.);
#1979=EDGE_CURVE('',#1590,#1542,#1380,.T.);
#1980=EDGE_CURVE('',#1585,#1590,#736,.T.);
#1981=EDGE_CURVE('',#1543,#1591,#1381,.T.);
#1982=EDGE_CURVE('',#1591,#1581,#737,.T.);
#1983=EDGE_CURVE('',#1591,#1592,#738,.T.);
#1984=EDGE_CURVE('',#1582,#1592,#739,.T.);
#1985=EDGE_CURVE('',#1592,#1593,#1382,.T.);
#1986=EDGE_CURVE('',#1593,#1583,#740,.T.);
#1987=EDGE_CURVE('',#1593,#1594,#741,.T.);
#1988=EDGE_CURVE('',#1586,#1594,#742,.T.);
#1989=EDGE_CURVE('',#1594,#1595,#1383,.T.);
#1990=EDGE_CURVE('',#1595,#1584,#743,.T.);
#1991=EDGE_CURVE('',#1595,#1590,#744,.T.);
#1992=EDGE_CURVE('',#1514,#1596,#745,.T.);
#1993=EDGE_CURVE('',#1596,#1596,#1384,.T.);
#1994=EDGE_CURVE('',#1513,#1597,#746,.T.);
#1995=EDGE_CURVE('',#1597,#1597,#1385,.T.);
#1996=EDGE_CURVE('',#1512,#1598,#747,.T.);
#1997=EDGE_CURVE('',#1598,#1598,#1386,.T.);
#1998=EDGE_CURVE('',#1511,#1599,#748,.T.);
#1999=EDGE_CURVE('',#1599,#1599,#1387,.T.);
#2000=EDGE_CURVE('',#1510,#1600,#749,.T.);
#2001=EDGE_CURVE('',#1600,#1600,#1388,.T.);
#2002=EDGE_CURVE('',#1509,#1601,#750,.T.);
#2003=EDGE_CURVE('',#1601,#1601,#1389,.T.);
#2004=EDGE_CURVE('',#1602,#1603,#751,.T.);
#2005=EDGE_CURVE('',#1603,#1497,#752,.T.);
#2006=EDGE_CURVE('',#1602,#1500,#753,.T.);
#2007=EDGE_CURVE('',#1604,#1602,#754,.T.);
#2008=EDGE_CURVE('',#1604,#1499,#755,.T.);
#2009=EDGE_CURVE('',#1605,#1604,#756,.T.);
#2010=EDGE_CURVE('',#1605,#1498,#757,.T.);
#2011=EDGE_CURVE('',#1603,#1605,#758,.T.);
#2012=EDGE_CURVE('',#1606,#1606,#1390,.T.);
#2013=EDGE_CURVE('',#1606,#1607,#759,.T.);
#2014=EDGE_CURVE('',#1607,#1607,#1391,.T.);
#2015=EDGE_CURVE('',#1608,#1608,#1392,.T.);
#2016=EDGE_CURVE('',#1608,#1609,#760,.T.);
#2017=EDGE_CURVE('',#1609,#1609,#1393,.T.);
#2018=EDGE_CURVE('',#1610,#1610,#1394,.T.);
#2019=EDGE_CURVE('',#1610,#1611,#761,.T.);
#2020=EDGE_CURVE('',#1611,#1611,#1395,.T.);
#2021=EDGE_CURVE('',#1612,#1613,#1396,.T.);
#2022=EDGE_CURVE('',#1612,#1614,#762,.T.);
#2023=EDGE_CURVE('',#1615,#1614,#1397,.T.);
#2024=EDGE_CURVE('',#1613,#1615,#763,.T.);
#2025=EDGE_CURVE('',#1616,#1612,#764,.T.);
#2026=EDGE_CURVE('',#1617,#1616,#765,.T.);
#2027=EDGE_CURVE('',#1614,#1617,#766,.T.);
#2028=EDGE_CURVE('',#1615,#1617,#767,.T.);
#2029=EDGE_CURVE('',#1618,#1619,#1398,.T.);
#2030=EDGE_CURVE('',#1620,#1618,#768,.T.);
#2031=EDGE_CURVE('',#1621,#1620,#1399,.T.);
#2032=EDGE_CURVE('',#1619,#1621,#769,.T.);
#2033=EDGE_CURVE('',#1616,#1619,#770,.T.);
#2034=EDGE_CURVE('',#1617,#1621,#771,.T.);
#2035=EDGE_CURVE('',#1617,#1620,#772,.T.);
#2036=EDGE_CURVE('',#1622,#1617,#773,.T.);
#2037=EDGE_CURVE('',#1623,#1622,#774,.T.);
#2038=EDGE_CURVE('',#1624,#1623,#775,.T.);
#2039=EDGE_CURVE('',#1613,#1624,#776,.T.);
#2040=EDGE_CURVE('',#1625,#1618,#777,.T.);
#2041=EDGE_CURVE('',#1625,#1626,#778,.T.);
#2042=EDGE_CURVE('',#1622,#1626,#779,.T.);
#2043=EDGE_CURVE('',#1627,#1628,#780,.T.);
#2044=EDGE_CURVE('',#1627,#1629,#781,.T.);
#2045=EDGE_CURVE('',#1630,#1629,#782,.T.);
#2046=EDGE_CURVE('',#1628,#1630,#783,.T.);
#2047=EDGE_CURVE('',#1628,#1631,#1400,.T.);
#2048=EDGE_CURVE('',#1632,#1630,#1401,.T.);
#2049=EDGE_CURVE('',#1631,#1632,#784,.T.);
#2050=EDGE_CURVE('',#1631,#1627,#785,.T.);
#2051=EDGE_CURVE('',#1629,#1632,#786,.T.);
#2052=EDGE_CURVE('',#1624,#1625,#1402,.T.);
#2053=EDGE_CURVE('',#1633,#1634,#1403,.T.);
#2054=EDGE_CURVE('',#1634,#1635,#787,.T.);
#2055=EDGE_CURVE('',#1635,#1636,#1404,.F.);
#2056=EDGE_CURVE('',#1636,#1633,#788,.T.);
#2057=EDGE_CURVE('',#1633,#1637,#789,.T.);
#2058=EDGE_CURVE('',#1638,#1637,#1405,.T.);
#2059=EDGE_CURVE('',#1638,#1639,#790,.T.);
#2060=EDGE_CURVE('',#1640,#1639,#1406,.T.);
#2061=EDGE_CURVE('',#1640,#1641,#791,.T.);
#2062=EDGE_CURVE('',#1642,#1641,#1407,.T.);
#2063=EDGE_CURVE('',#1642,#1643,#792,.T.);
#2064=EDGE_CURVE('',#1644,#1643,#1408,.T.);
#2065=EDGE_CURVE('',#1644,#1634,#793,.T.);
#2066=EDGE_CURVE('',#1645,#1636,#794,.T.);
#2067=EDGE_CURVE('',#1637,#1645,#795,.T.);
#2068=EDGE_CURVE('',#1645,#1646,#1409,.F.);
#2069=EDGE_CURVE('',#1646,#1638,#796,.T.);
#2070=EDGE_CURVE('',#1643,#1647,#797,.T.);
#2071=EDGE_CURVE('',#1647,#1648,#1410,.F.);
#2072=EDGE_CURVE('',#1648,#1644,#798,.T.);
#2073=EDGE_CURVE('',#1649,#1642,#799,.T.);
#2074=EDGE_CURVE('',#1647,#1649,#800,.T.);
#2075=EDGE_CURVE('',#1641,#1650,#801,.T.);
#2076=EDGE_CURVE('',#1650,#1649,#1411,.F.);
#2077=EDGE_CURVE('',#1651,#1640,#802,.T.);
#2078=EDGE_CURVE('',#1650,#1651,#803,.T.);
#2079=EDGE_CURVE('',#1639,#1652,#804,.T.);
#2080=EDGE_CURVE('',#1652,#1651,#1412,.F.);
#2081=EDGE_CURVE('',#1653,#1654,#1413,.T.);
#2082=EDGE_CURVE('',#1654,#1655,#805,.T.);
#2083=EDGE_CURVE('',#1655,#1656,#1414,.F.);
#2084=EDGE_CURVE('',#1656,#1653,#806,.T.);
#2085=EDGE_CURVE('',#1653,#1657,#807,.T.);
#2086=EDGE_CURVE('',#1658,#1657,#1415,.T.);
#2087=EDGE_CURVE('',#1658,#1659,#808,.T.);
#2088=EDGE_CURVE('',#1660,#1659,#1416,.T.);
#2089=EDGE_CURVE('',#1660,#1661,#809,.T.);
#2090=EDGE_CURVE('',#1662,#1661,#1417,.T.);
#2091=EDGE_CURVE('',#1662,#1663,#810,.T.);
#2092=EDGE_CURVE('',#1664,#1663,#1418,.T.);
#2093=EDGE_CURVE('',#1664,#1665,#1419,.T.);
#2094=EDGE_CURVE('',#1666,#1665,#1420,.T.);
#2095=EDGE_CURVE('',#1666,#1667,#811,.T.);
#2096=EDGE_CURVE('',#1668,#1667,#1421,.T.);
#2097=EDGE_CURVE('',#1668,#1669,#812,.T.);
#2098=EDGE_CURVE('',#1670,#1669,#1422,.T.);
#2099=EDGE_CURVE('',#1670,#1671,#813,.T.);
#2100=EDGE_CURVE('',#1672,#1671,#1423,.T.);
#2101=EDGE_CURVE('',#1672,#1673,#814,.T.);
#2102=EDGE_CURVE('',#1674,#1673,#1424,.T.);
#2103=EDGE_CURVE('',#1674,#1675,#815,.T.);
#2104=EDGE_CURVE('',#1676,#1675,#1425,.T.);
#2105=EDGE_CURVE('',#1676,#1677,#1426,.T.);
#2106=EDGE_CURVE('',#1678,#1677,#1427,.T.);
#2107=EDGE_CURVE('',#1678,#1654,#816,.T.);
#2108=EDGE_CURVE('',#1679,#1656,#817,.T.);
#2109=EDGE_CURVE('',#1657,#1679,#818,.T.);
#2110=EDGE_CURVE('',#1680,#1681,#1428,.T.);
#2111=EDGE_CURVE('',#1680,#1678,#819,.T.);
#2112=EDGE_CURVE('',#1677,#1681,#820,.T.);
#2113=EDGE_CURVE('',#1626,#1623,#1429,.T.);
#2114=EDGE_CURVE('',#1635,#1648,#821,.T.);
#2115=EDGE_CURVE('',#1652,#1646,#822,.T.);
#2116=EDGE_CURVE('',#1682,#1683,#1430,.T.);
#2117=EDGE_CURVE('',#1683,#1684,#823,.T.);
#2118=EDGE_CURVE('',#1684,#1685,#1431,.T.);
#2119=EDGE_CURVE('',#1685,#1682,#824,.T.);
#2120=EDGE_CURVE('',#1681,#1686,#1432,.T.);
#2121=EDGE_CURVE('',#1686,#1687,#1433,.T.);
#2122=EDGE_CURVE('',#1687,#1688,#825,.T.);
#2123=EDGE_CURVE('',#1689,#1688,#1434,.F.);
#2124=EDGE_CURVE('',#1689,#1690,#826,.T.);
#2125=EDGE_CURVE('',#1691,#1690,#1435,.F.);
#2126=EDGE_CURVE('',#1691,#1692,#827,.T.);
#2127=EDGE_CURVE('',#1693,#1692,#1436,.F.);
#2128=EDGE_CURVE('',#1693,#1694,#828,.T.);
#2129=EDGE_CURVE('',#1694,#1695,#1437,.T.);
#2130=EDGE_CURVE('',#1695,#1696,#829,.T.);
#2131=EDGE_CURVE('',#1697,#1696,#1438,.F.);
#2132=EDGE_CURVE('',#1697,#1698,#1439,.T.);
#2133=EDGE_CURVE('',#1699,#1698,#1440,.F.);
#2134=EDGE_CURVE('',#1699,#1700,#830,.T.);
#2135=EDGE_CURVE('',#1700,#1701,#1441,.T.);
#2136=EDGE_CURVE('',#1701,#1702,#831,.T.);
#2137=EDGE_CURVE('',#1703,#1702,#1442,.F.);
#2138=EDGE_CURVE('',#1703,#1704,#832,.T.);
#2139=EDGE_CURVE('',#1679,#1704,#1443,.F.);
#2140=EDGE_CURVE('',#1655,#1680,#833,.T.);
#2141=EDGE_CURVE('',#1686,#1676,#834,.T.);
#2142=EDGE_CURVE('',#1704,#1658,#835,.T.);
#2143=EDGE_CURVE('',#1659,#1703,#836,.T.);
#2144=EDGE_CURVE('',#1702,#1660,#837,.T.);
#2145=EDGE_CURVE('',#1661,#1701,#838,.T.);
#2146=EDGE_CURVE('',#1700,#1662,#839,.T.);
#2147=EDGE_CURVE('',#1663,#1699,#840,.T.);
#2148=EDGE_CURVE('',#1698,#1664,#841,.T.);
#2149=EDGE_CURVE('',#1675,#1687,#842,.T.);
#2150=EDGE_CURVE('',#1673,#1689,#843,.T.);
#2151=EDGE_CURVE('',#1688,#1674,#844,.T.);
#2152=EDGE_CURVE('',#1690,#1672,#845,.T.);
#2153=EDGE_CURVE('',#1671,#1691,#846,.T.);
#2154=EDGE_CURVE('',#1692,#1670,#847,.T.);
#2155=EDGE_CURVE('',#1669,#1693,#848,.T.);
#2156=EDGE_CURVE('',#1694,#1668,#849,.T.);
#2157=EDGE_CURVE('',#1667,#1695,#850,.T.);
#2158=EDGE_CURVE('',#1696,#1666,#851,.T.);
#2159=EDGE_CURVE('',#1665,#1697,#852,.T.);
#2160=EDGE_CURVE('',#1705,#1706,#1444,.T.);
#2161=EDGE_CURVE('',#1683,#1705,#853,.T.);
#2162=EDGE_CURVE('',#1682,#1706,#854,.T.);
#2163=EDGE_CURVE('',#1706,#1707,#855,.T.);
#2164=EDGE_CURVE('',#1685,#1707,#856,.T.);
#2165=EDGE_CURVE('',#1707,#1708,#1445,.T.);
#2166=EDGE_CURVE('',#1684,#1708,#857,.T.);
#2167=EDGE_CURVE('',#1708,#1705,#858,.T.);
#2168=EDGE_CURVE('',#1709,#1709,#1446,.T.);
#2169=EDGE_CURVE('',#1709,#1710,#859,.T.);
#2170=EDGE_CURVE('',#1710,#1710,#1447,.T.);
#2171=EDGE_CURVE('',#1711,#1712,#1448,.T.);
#2172=EDGE_CURVE('',#1713,#1711,#860,.T.);
#2173=EDGE_CURVE('',#1714,#1713,#1449,.T.);
#2174=EDGE_CURVE('',#1712,#1714,#861,.T.);
#2175=EDGE_CURVE('',#1714,#1715,#862,.T.);
#2176=EDGE_CURVE('',#1716,#1715,#863,.T.);
#2177=EDGE_CURVE('',#1716,#1712,#864,.T.);
#2178=EDGE_CURVE('',#1711,#1717,#865,.T.);
#2179=EDGE_CURVE('',#1718,#1717,#866,.T.);
#2180=EDGE_CURVE('',#1718,#1713,#867,.T.);
#2181=EDGE_CURVE('',#1717,#1716,#868,.T.);
#2182=EDGE_CURVE('',#1719,#1720,#869,.T.);
#2183=EDGE_CURVE('',#1721,#1719,#870,.T.);
#2184=EDGE_CURVE('',#1722,#1721,#871,.T.);
#2185=EDGE_CURVE('',#1720,#1722,#872,.F.);
#2186=EDGE_CURVE('',#1723,#1724,#873,.T.);
#2187=EDGE_CURVE('',#1724,#1719,#1450,.T.);
#2188=EDGE_CURVE('',#1723,#1720,#1451,.T.);
#2189=EDGE_CURVE('',#1725,#1726,#874,.T.);
#2190=EDGE_CURVE('',#1724,#1725,#875,.T.);
#2191=EDGE_CURVE('',#1726,#1723,#876,.F.);
#2192=EDGE_CURVE('',#1727,#1728,#877,.T.);
#2193=EDGE_CURVE('',#1728,#1725,#1452,.T.);
#2194=EDGE_CURVE('',#1727,#1726,#1453,.T.);
#2195=EDGE_CURVE('',#1729,#1730,#878,.T.);
#2196=EDGE_CURVE('',#1731,#1730,#1454,.T.);
#2197=EDGE_CURVE('',#1731,#1732,#879,.T.);
#2198=EDGE_CURVE('',#1729,#1732,#880,.T.);
#2199=EDGE_CURVE('',#1733,#1733,#1455,.T.);
#2200=EDGE_CURVE('',#1734,#1735,#881,.T.);
#2201=EDGE_CURVE('',#1735,#1736,#1456,.T.);
#2202=EDGE_CURVE('',#1736,#1732,#882,.T.);
#2203=EDGE_CURVE('',#1732,#1737,#883,.T.);
#2204=EDGE_CURVE('',#1737,#1734,#1457,.T.);
#2205=EDGE_CURVE('',#1738,#1739,#884,.T.);
#2206=EDGE_CURVE('',#1739,#1740,#1458,.T.);
#2207=EDGE_CURVE('',#1740,#1729,#885,.T.);
#2208=EDGE_CURVE('',#1729,#1741,#886,.T.);
#2209=EDGE_CURVE('',#1741,#1738,#1459,.T.);
#2210=EDGE_CURVE('',#1742,#1743,#887,.T.);
#2211=EDGE_CURVE('',#1735,#1742,#888,.T.);
#2212=EDGE_CURVE('',#1743,#1734,#889,.T.);
#2213=EDGE_CURVE('',#1744,#1745,#890,.T.);
#2214=EDGE_CURVE('',#1739,#1744,#891,.T.);
#2215=EDGE_CURVE('',#1745,#1738,#892,.T.);
#2216=EDGE_CURVE('',#1743,#1718,#1460,.T.);
#2217=EDGE_CURVE('',#1717,#1746,#893,.T.);
#2218=EDGE_CURVE('',#1746,#1742,#1461,.T.);
#2219=EDGE_CURVE('',#1747,#1716,#894,.T.);
#2220=EDGE_CURVE('',#1746,#1747,#895,.T.);
#2221=EDGE_CURVE('',#1715,#1744,#1462,.T.);
#2222=EDGE_CURVE('',#1745,#1747,#1463,.T.);
#2223=EDGE_CURVE('',#1737,#1748,#896,.T.);
#2224=EDGE_CURVE('',#1749,#1748,#1464,.T.);
#2225=EDGE_CURVE('',#1749,#1740,#897,.T.);
#2226=EDGE_CURVE('',#1728,#1750,#898,.T.);
#2227=EDGE_CURVE('',#1751,#1750,#1465,.T.);
#2228=EDGE_CURVE('',#1751,#1752,#899,.T.);
#2229=EDGE_CURVE('',#1721,#1752,#1466,.T.);
#2230=EDGE_CURVE('',#1753,#1753,#1467,.T.);
#2231=EDGE_CURVE('',#1753,#1733,#900,.T.);
#2232=EDGE_CURVE('',#1730,#1749,#901,.T.);
#2233=EDGE_CURVE('',#1748,#1731,#902,.T.);
#2234=EDGE_CURVE('',#1741,#1736,#903,.T.);
#2235=EDGE_CURVE('',#1754,#1754,#1468,.T.);
#2236=EDGE_CURVE('',#1754,#1755,#904,.T.);
#2237=EDGE_CURVE('',#1755,#1755,#1469,.T.);
#2238=EDGE_CURVE('',#1752,#1756,#905,.T.);
#2239=EDGE_CURVE('',#1722,#1756,#1470,.T.);
#2240=EDGE_CURVE('',#1756,#1757,#906,.F.);
#2241=EDGE_CURVE('',#1757,#1758,#1471,.T.);
#2242=EDGE_CURVE('',#1758,#1727,#907,.F.);
#2243=EDGE_CURVE('',#1757,#1751,#908,.T.);
#2244=EDGE_CURVE('',#1750,#1758,#909,.T.);
#2245=EDGE_CURVE('',#1759,#1759,#1472,.T.);
#2246=EDGE_CURVE('',#1759,#1760,#910,.T.);
#2247=EDGE_CURVE('',#1760,#1760,#1473,.T.);
#2248=EDGE_CURVE('',#1761,#1761,#1474,.T.);
#2249=EDGE_CURVE('',#1761,#1762,#911,.T.);
#2250=EDGE_CURVE('',#1762,#1762,#1475,.T.);
#2251=EDGE_CURVE('',#1763,#1763,#1476,.T.);
#2252=EDGE_CURVE('',#1763,#1764,#912,.T.);
#2253=EDGE_CURVE('',#1764,#1764,#1477,.T.);
#2254=EDGE_CURVE('',#1765,#1766,#913,.T.);
#2255=EDGE_CURVE('',#1765,#1767,#914,.T.);
#2256=EDGE_CURVE('',#1768,#1767,#915,.T.);
#2257=EDGE_CURVE('',#1766,#1768,#916,.T.);
#2258=EDGE_CURVE('',#1769,#1770,#917,.T.);
#2259=EDGE_CURVE('',#1770,#1768,#918,.T.);
#2260=EDGE_CURVE('',#1767,#1769,#919,.T.);
#2261=EDGE_CURVE('',#1771,#1772,#920,.T.);
#2262=EDGE_CURVE('',#1771,#1773,#921,.T.);
#2263=EDGE_CURVE('',#1774,#1773,#922,.T.);
#2264=EDGE_CURVE('',#1772,#1774,#923,.T.);
#2265=EDGE_CURVE('',#1775,#1776,#924,.T.);
#2266=EDGE_CURVE('',#1776,#1774,#925,.T.);
#2267=EDGE_CURVE('',#1773,#1775,#926,.T.);
#2268=EDGE_CURVE('',#1777,#1778,#927,.T.);
#2269=EDGE_CURVE('',#1777,#1779,#928,.T.);
#2270=EDGE_CURVE('',#1780,#1779,#929,.T.);
#2271=EDGE_CURVE('',#1778,#1780,#930,.T.);
#2272=EDGE_CURVE('',#1779,#1781,#931,.T.);
#2273=EDGE_CURVE('',#1781,#1782,#932,.T.);
#2274=EDGE_CURVE('',#1782,#1783,#933,.T.);
#2275=EDGE_CURVE('',#1783,#1784,#934,.T.);
#2276=EDGE_CURVE('',#1784,#1785,#935,.T.);
#2277=EDGE_CURVE('',#1785,#1786,#936,.T.);
#2278=EDGE_CURVE('',#1786,#1787,#937,.T.);
#2279=EDGE_CURVE('',#1787,#1788,#938,.T.);
#2280=EDGE_CURVE('',#1788,#1780,#939,.T.);
#2281=EDGE_CURVE('',#1766,#1789,#940,.T.);
#2282=EDGE_CURVE('',#1789,#1790,#941,.T.);
#2283=EDGE_CURVE('',#1790,#1771,#942,.T.);
#2284=EDGE_CURVE('',#1772,#1791,#943,.T.);
#2285=EDGE_CURVE('',#1791,#1792,#944,.T.);
#2286=EDGE_CURVE('',#1792,#1777,#945,.T.);
#2287=EDGE_CURVE('',#1778,#1765,#946,.T.);
#2288=EDGE_CURVE('',#1793,#1794,#947,.T.);
#2289=EDGE_CURVE('',#1794,#1781,#948,.T.);
#2290=EDGE_CURVE('',#1793,#1792,#949,.T.);
#2291=EDGE_CURVE('',#1795,#1793,#950,.T.);
#2292=EDGE_CURVE('',#1795,#1791,#951,.T.);
#2293=EDGE_CURVE('',#1796,#1795,#952,.T.);
#2294=EDGE_CURVE('',#1796,#1776,#953,.T.);
#2295=EDGE_CURVE('',#1797,#1796,#954,.T.);
#2296=EDGE_CURVE('',#1797,#1775,#955,.T.);
#2297=EDGE_CURVE('',#1798,#1797,#956,.T.);
#2298=EDGE_CURVE('',#1798,#1790,#957,.T.);
#2299=EDGE_CURVE('',#1799,#1798,#958,.T.);
#2300=EDGE_CURVE('',#1799,#1789,#959,.T.);
#2301=EDGE_CURVE('',#1800,#1799,#960,.T.);
#2302=EDGE_CURVE('',#1800,#1770,#961,.T.);
#2303=EDGE_CURVE('',#1801,#1800,#962,.T.);
#2304=EDGE_CURVE('',#1801,#1769,#963,.T.);
#2305=EDGE_CURVE('',#1802,#1801,#964,.T.);
#2306=EDGE_CURVE('',#1802,#1788,#965,.T.);
#2307=EDGE_CURVE('',#1803,#1802,#966,.T.);
#2308=EDGE_CURVE('',#1803,#1787,#967,.T.);
#2309=EDGE_CURVE('',#1804,#1803,#968,.T.);
#2310=EDGE_CURVE('',#1804,#1786,#969,.T.);
#2311=EDGE_CURVE('',#1805,#1804,#970,.T.);
#2312=EDGE_CURVE('',#1805,#1785,#971,.T.);
#2313=EDGE_CURVE('',#1806,#1805,#972,.T.);
#2314=EDGE_CURVE('',#1806,#1784,#973,.T.);
#2315=EDGE_CURVE('',#1807,#1806,#974,.T.);
#2316=EDGE_CURVE('',#1807,#1783,#975,.T.);
#2317=EDGE_CURVE('',#1808,#1807,#976,.T.);
#2318=EDGE_CURVE('',#1808,#1782,#977,.T.);
#2319=EDGE_CURVE('',#1794,#1808,#978,.T.);
#2320=ORIENTED_EDGE('',*,*,#1809,.T.);
#2321=ORIENTED_EDGE('',*,*,#1810,.T.);
#2322=ORIENTED_EDGE('',*,*,#1811,.T.);
#2323=ORIENTED_EDGE('',*,*,#1812,.T.);
#2324=ORIENTED_EDGE('',*,*,#1809,.F.);
#2325=ORIENTED_EDGE('',*,*,#1813,.T.);
#2326=ORIENTED_EDGE('',*,*,#1814,.T.);
#2327=ORIENTED_EDGE('',*,*,#1813,.F.);
#2328=ORIENTED_EDGE('',*,*,#1815,.T.);
#2329=ORIENTED_EDGE('',*,*,#1816,.T.);
#2330=ORIENTED_EDGE('',*,*,#1817,.T.);
#2331=ORIENTED_EDGE('',*,*,#1812,.F.);
#2332=ORIENTED_EDGE('',*,*,#1818,.F.);
#2333=ORIENTED_EDGE('',*,*,#1819,.F.);
#2334=ORIENTED_EDGE('',*,*,#1820,.T.);
#2335=ORIENTED_EDGE('',*,*,#1821,.F.);
#2336=ORIENTED_EDGE('',*,*,#1822,.F.);
#2337=ORIENTED_EDGE('',*,*,#1823,.F.);
#2338=ORIENTED_EDGE('',*,*,#1824,.F.);
#2339=ORIENTED_EDGE('',*,*,#1825,.F.);
#2340=ORIENTED_EDGE('',*,*,#1815,.F.);
#2341=ORIENTED_EDGE('',*,*,#1826,.T.);
#2342=ORIENTED_EDGE('',*,*,#1827,.T.);
#2343=ORIENTED_EDGE('',*,*,#1828,.T.);
#2344=ORIENTED_EDGE('',*,*,#1829,.T.);
#2345=ORIENTED_EDGE('',*,*,#1830,.T.);
#2346=ORIENTED_EDGE('',*,*,#1831,.T.);
#2347=ORIENTED_EDGE('',*,*,#1826,.F.);
#2348=ORIENTED_EDGE('',*,*,#1832,.T.);
#2349=ORIENTED_EDGE('',*,*,#1833,.T.);
#2350=ORIENTED_EDGE('',*,*,#1834,.T.);
#2351=ORIENTED_EDGE('',*,*,#1835,.T.);
#2352=ORIENTED_EDGE('',*,*,#1814,.F.);
#2353=ORIENTED_EDGE('',*,*,#1836,.F.);
#2354=ORIENTED_EDGE('',*,*,#1837,.F.);
#2355=ORIENTED_EDGE('',*,*,#1838,.F.);
#2356=ORIENTED_EDGE('',*,*,#1839,.F.);
#2357=ORIENTED_EDGE('',*,*,#1840,.F.);
#2358=ORIENTED_EDGE('',*,*,#1841,.F.);
#2359=ORIENTED_EDGE('',*,*,#1842,.F.);
#2360=ORIENTED_EDGE('',*,*,#1843,.F.);
#2361=ORIENTED_EDGE('',*,*,#1844,.F.);
#2362=ORIENTED_EDGE('',*,*,#1830,.F.);
#2363=ORIENTED_EDGE('',*,*,#1829,.F.);
#2364=ORIENTED_EDGE('',*,*,#1845,.F.);
#2365=ORIENTED_EDGE('',*,*,#1810,.F.);
#2366=ORIENTED_EDGE('',*,*,#1846,.T.);
#2367=ORIENTED_EDGE('',*,*,#1847,.T.);
#2368=ORIENTED_EDGE('',*,*,#1848,.T.);
#2369=ORIENTED_EDGE('',*,*,#1849,.T.);
#2370=ORIENTED_EDGE('',*,*,#1850,.T.);
#2371=ORIENTED_EDGE('',*,*,#1851,.T.);
#2372=ORIENTED_EDGE('',*,*,#1852,.T.);
#2373=ORIENTED_EDGE('',*,*,#1816,.F.);
#2374=ORIENTED_EDGE('',*,*,#1825,.T.);
#2375=ORIENTED_EDGE('',*,*,#1853,.T.);
#2376=ORIENTED_EDGE('',*,*,#1824,.T.);
#2377=ORIENTED_EDGE('',*,*,#1854,.T.);
#2378=ORIENTED_EDGE('',*,*,#1855,.T.);
#2379=ORIENTED_EDGE('',*,*,#1853,.F.);
#2380=ORIENTED_EDGE('',*,*,#1856,.T.);
#2381=ORIENTED_EDGE('',*,*,#1857,.T.);
#2382=ORIENTED_EDGE('',*,*,#1854,.F.);
#2383=ORIENTED_EDGE('',*,*,#1823,.T.);
#2384=ORIENTED_EDGE('',*,*,#1817,.F.);
#2385=ORIENTED_EDGE('',*,*,#1858,.T.);
#2386=ORIENTED_EDGE('',*,*,#1859,.T.);
#2387=ORIENTED_EDGE('',*,*,#1836,.T.);
#2388=ORIENTED_EDGE('',*,*,#1852,.F.);
#2389=ORIENTED_EDGE('',*,*,#1860,.F.);
#2390=ORIENTED_EDGE('',*,*,#1861,.F.);
#2391=ORIENTED_EDGE('',*,*,#1862,.F.);
#2392=ORIENTED_EDGE('',*,*,#1858,.F.);
#2393=ORIENTED_EDGE('',*,*,#1855,.F.);
#2394=ORIENTED_EDGE('',*,*,#1863,.F.);
#2395=ORIENTED_EDGE('',*,*,#1864,.T.);
#2396=ORIENTED_EDGE('',*,*,#1865,.T.);
#2397=ORIENTED_EDGE('',*,*,#1860,.T.);
#2398=ORIENTED_EDGE('',*,*,#1866,.T.);
#2399=ORIENTED_EDGE('',*,*,#1857,.F.);
#2400=ORIENTED_EDGE('',*,*,#1867,.T.);
#2401=ORIENTED_EDGE('',*,*,#1868,.F.);
#2402=ORIENTED_EDGE('',*,*,#1869,.T.);
#2403=ORIENTED_EDGE('',*,*,#1863,.T.);
#2404=ORIENTED_EDGE('',*,*,#1856,.F.);
#2405=ORIENTED_EDGE('',*,*,#1822,.T.);
#2406=ORIENTED_EDGE('',*,*,#1870,.T.);
#2407=ORIENTED_EDGE('',*,*,#1871,.F.);
#2408=ORIENTED_EDGE('',*,*,#1867,.F.);
#2409=ORIENTED_EDGE('',*,*,#1872,.T.);
#2410=ORIENTED_EDGE('',*,*,#1873,.T.);
#2411=ORIENTED_EDGE('',*,*,#1874,.T.);
#2412=ORIENTED_EDGE('',*,*,#1875,.T.);
#2413=ORIENTED_EDGE('',*,*,#1831,.F.);
#2414=ORIENTED_EDGE('',*,*,#1876,.T.);
#2415=ORIENTED_EDGE('',*,*,#1873,.F.);
#2416=ORIENTED_EDGE('',*,*,#1877,.T.);
#2417=ORIENTED_EDGE('',*,*,#1878,.T.);
#2418=ORIENTED_EDGE('',*,*,#1879,.T.);
#2419=ORIENTED_EDGE('',*,*,#1880,.T.);
#2420=ORIENTED_EDGE('',*,*,#1875,.F.);
#2421=ORIENTED_EDGE('',*,*,#1881,.T.);
#2422=ORIENTED_EDGE('',*,*,#1882,.T.);
#2423=ORIENTED_EDGE('',*,*,#1879,.F.);
#2424=ORIENTED_EDGE('',*,*,#1883,.T.);
#2425=ORIENTED_EDGE('',*,*,#1827,.F.);
#2426=ORIENTED_EDGE('',*,*,#1877,.F.);
#2427=ORIENTED_EDGE('',*,*,#1872,.F.);
#2428=ORIENTED_EDGE('',*,*,#1880,.F.);
#2429=ORIENTED_EDGE('',*,*,#1882,.F.);
#2430=ORIENTED_EDGE('',*,*,#1884,.F.);
#2431=ORIENTED_EDGE('',*,*,#1885,.F.);
#2432=ORIENTED_EDGE('',*,*,#1886,.T.);
#2433=ORIENTED_EDGE('',*,*,#1887,.F.);
#2434=ORIENTED_EDGE('',*,*,#1888,.F.);
#2435=ORIENTED_EDGE('',*,*,#1881,.F.);
#2436=ORIENTED_EDGE('',*,*,#1889,.T.);
#2437=ORIENTED_EDGE('',*,*,#1890,.F.);
#2438=ORIENTED_EDGE('',*,*,#1891,.F.);
#2439=ORIENTED_EDGE('',*,*,#1884,.T.);
#2440=ORIENTED_EDGE('',*,*,#1818,.T.);
#2441=ORIENTED_EDGE('',*,*,#1811,.F.);
#2442=ORIENTED_EDGE('',*,*,#1845,.T.);
#2443=ORIENTED_EDGE('',*,*,#1828,.F.);
#2444=ORIENTED_EDGE('',*,*,#1888,.T.);
#2445=ORIENTED_EDGE('',*,*,#1892,.F.);
#2446=ORIENTED_EDGE('',*,*,#1893,.F.);
#2447=ORIENTED_EDGE('',*,*,#1894,.T.);
#2448=ORIENTED_EDGE('',*,*,#1895,.F.);
#2449=ORIENTED_EDGE('',*,*,#1896,.F.);
#2450=ORIENTED_EDGE('',*,*,#1874,.F.);
#2451=ORIENTED_EDGE('',*,*,#1897,.F.);
#2452=ORIENTED_EDGE('',*,*,#1898,.T.);
#2453=ORIENTED_EDGE('',*,*,#1899,.T.);
#2454=ORIENTED_EDGE('',*,*,#1900,.F.);
#2455=ORIENTED_EDGE('',*,*,#1876,.F.);
#2456=ORIENTED_EDGE('',*,*,#1844,.T.);
#2457=ORIENTED_EDGE('',*,*,#1901,.F.);
#2458=ORIENTED_EDGE('',*,*,#1897,.T.);
#2459=ORIENTED_EDGE('',*,*,#1870,.F.);
#2460=ORIENTED_EDGE('',*,*,#1902,.T.);
#2461=ORIENTED_EDGE('',*,*,#1903,.F.);
#2462=ORIENTED_EDGE('',*,*,#1904,.F.);
#2463=ORIENTED_EDGE('',*,*,#1902,.F.);
#2464=ORIENTED_EDGE('',*,*,#1821,.T.);
#2465=ORIENTED_EDGE('',*,*,#1905,.T.);
#2466=ORIENTED_EDGE('',*,*,#1906,.T.);
#2467=ORIENTED_EDGE('',*,*,#1907,.T.);
#2468=ORIENTED_EDGE('',*,*,#1908,.T.);
#2469=ORIENTED_EDGE('',*,*,#1909,.T.);
#2470=ORIENTED_EDGE('',*,*,#1910,.F.);
#2471=ORIENTED_EDGE('',*,*,#1911,.T.);
#2472=ORIENTED_EDGE('',*,*,#1912,.T.);
#2473=ORIENTED_EDGE('',*,*,#1913,.T.);
#2474=ORIENTED_EDGE('',*,*,#1914,.T.);
#2475=ORIENTED_EDGE('',*,*,#1885,.T.);
#2476=ORIENTED_EDGE('',*,*,#1915,.T.);
#2477=ORIENTED_EDGE('',*,*,#1878,.F.);
#2478=ORIENTED_EDGE('',*,*,#1900,.T.);
#2479=ORIENTED_EDGE('',*,*,#1916,.T.);
#2480=ORIENTED_EDGE('',*,*,#1917,.T.);
#2481=ORIENTED_EDGE('',*,*,#1918,.F.);
#2482=ORIENTED_EDGE('',*,*,#1919,.T.);
#2483=ORIENTED_EDGE('',*,*,#1883,.F.);
#2484=ORIENTED_EDGE('',*,*,#1918,.T.);
#2485=ORIENTED_EDGE('',*,*,#1920,.F.);
#2486=ORIENTED_EDGE('',*,*,#1921,.F.);
#2487=ORIENTED_EDGE('',*,*,#1889,.F.);
#2488=ORIENTED_EDGE('',*,*,#1922,.T.);
#2489=ORIENTED_EDGE('',*,*,#1910,.T.);
#2490=ORIENTED_EDGE('',*,*,#1891,.T.);
#2491=ORIENTED_EDGE('',*,*,#1923,.F.);
#2492=ORIENTED_EDGE('',*,*,#1904,.T.);
#2493=ORIENTED_EDGE('',*,*,#1924,.T.);
#2494=ORIENTED_EDGE('',*,*,#1868,.T.);
#2495=ORIENTED_EDGE('',*,*,#1871,.T.);
#2496=ORIENTED_EDGE('',*,*,#1925,.T.);
#2497=ORIENTED_EDGE('',*,*,#1908,.F.);
#2498=ORIENTED_EDGE('',*,*,#1926,.F.);
#2499=ORIENTED_EDGE('',*,*,#1927,.F.);
#2500=ORIENTED_EDGE('',*,*,#1928,.T.);
#2501=ORIENTED_EDGE('',*,*,#1929,.T.);
#2502=ORIENTED_EDGE('',*,*,#1864,.F.);
#2503=ORIENTED_EDGE('',*,*,#1869,.F.);
#2504=ORIENTED_EDGE('',*,*,#1924,.F.);
#2505=ORIENTED_EDGE('',*,*,#1903,.T.);
#2506=ORIENTED_EDGE('',*,*,#1921,.T.);
#2507=ORIENTED_EDGE('',*,*,#1930,.T.);
#2508=ORIENTED_EDGE('',*,*,#1923,.T.);
#2509=ORIENTED_EDGE('',*,*,#1890,.T.);
#2510=ORIENTED_EDGE('',*,*,#1931,.T.);
#2511=ORIENTED_EDGE('',*,*,#1932,.T.);
#2512=ORIENTED_EDGE('',*,*,#1933,.T.);
#2513=ORIENTED_EDGE('',*,*,#1934,.T.);
#2514=ORIENTED_EDGE('',*,*,#1841,.T.);
#2515=ORIENTED_EDGE('',*,*,#1935,.T.);
#2516=ORIENTED_EDGE('',*,*,#1842,.T.);
#2517=ORIENTED_EDGE('',*,*,#1934,.F.);
#2518=ORIENTED_EDGE('',*,*,#1936,.T.);
#2519=ORIENTED_EDGE('',*,*,#1901,.T.);
#2520=ORIENTED_EDGE('',*,*,#1843,.T.);
#2521=ORIENTED_EDGE('',*,*,#1935,.F.);
#2522=ORIENTED_EDGE('',*,*,#1937,.T.);
#2523=ORIENTED_EDGE('',*,*,#1938,.T.);
#2524=ORIENTED_EDGE('',*,*,#1837,.T.);
#2525=ORIENTED_EDGE('',*,*,#1859,.F.);
#2526=ORIENTED_EDGE('',*,*,#1939,.T.);
#2527=ORIENTED_EDGE('',*,*,#1940,.T.);
#2528=ORIENTED_EDGE('',*,*,#1838,.T.);
#2529=ORIENTED_EDGE('',*,*,#1938,.F.);
#2530=ORIENTED_EDGE('',*,*,#1927,.T.);
#2531=ORIENTED_EDGE('',*,*,#1941,.T.);
#2532=ORIENTED_EDGE('',*,*,#1839,.T.);
#2533=ORIENTED_EDGE('',*,*,#1940,.F.);
#2534=ORIENTED_EDGE('',*,*,#1942,.T.);
#2535=ORIENTED_EDGE('',*,*,#1932,.F.);
#2536=ORIENTED_EDGE('',*,*,#1840,.T.);
#2537=ORIENTED_EDGE('',*,*,#1941,.F.);
#2538=ORIENTED_EDGE('',*,*,#1943,.T.);
#2539=ORIENTED_EDGE('',*,*,#1937,.F.);
#2540=ORIENTED_EDGE('',*,*,#1944,.T.);
#2541=ORIENTED_EDGE('',*,*,#1945,.F.);
#2542=ORIENTED_EDGE('',*,*,#1898,.F.);
#2543=ORIENTED_EDGE('',*,*,#1917,.F.);
#2544=ORIENTED_EDGE('',*,*,#1946,.F.);
#2545=ORIENTED_EDGE('',*,*,#1944,.F.);
#2546=ORIENTED_EDGE('',*,*,#1936,.F.);
#2547=ORIENTED_EDGE('',*,*,#1947,.T.);
#2548=ORIENTED_EDGE('',*,*,#1911,.F.);
#2549=ORIENTED_EDGE('',*,*,#1922,.F.);
#2550=ORIENTED_EDGE('',*,*,#1930,.F.);
#2551=ORIENTED_EDGE('',*,*,#1920,.T.);
#2552=ORIENTED_EDGE('',*,*,#1933,.F.);
#2553=ORIENTED_EDGE('',*,*,#1948,.T.);
#2554=ORIENTED_EDGE('',*,*,#1912,.F.);
#2555=ORIENTED_EDGE('',*,*,#1947,.F.);
#2556=ORIENTED_EDGE('',*,*,#1949,.F.);
#2557=ORIENTED_EDGE('',*,*,#1914,.F.);
#2558=ORIENTED_EDGE('',*,*,#1950,.T.);
#2559=ORIENTED_EDGE('',*,*,#1951,.T.);
#2560=ORIENTED_EDGE('',*,*,#1952,.T.);
#2561=ORIENTED_EDGE('',*,*,#1953,.T.);
#2562=ORIENTED_EDGE('',*,*,#1954,.T.);
#2563=ORIENTED_EDGE('',*,*,#1905,.F.);
#2564=ORIENTED_EDGE('',*,*,#1951,.F.);
#2565=ORIENTED_EDGE('',*,*,#1955,.T.);
#2566=ORIENTED_EDGE('',*,*,#1953,.F.);
#2567=ORIENTED_EDGE('',*,*,#1956,.T.);
#2568=ORIENTED_EDGE('',*,*,#1909,.F.);
#2569=ORIENTED_EDGE('',*,*,#1957,.T.);
#2570=ORIENTED_EDGE('',*,*,#1958,.T.);
#2571=ORIENTED_EDGE('',*,*,#1957,.F.);
#2572=ORIENTED_EDGE('',*,*,#1866,.F.);
#2573=ORIENTED_EDGE('',*,*,#1959,.T.);
#2574=ORIENTED_EDGE('',*,*,#1960,.T.);
#2575=ORIENTED_EDGE('',*,*,#1959,.F.);
#2576=ORIENTED_EDGE('',*,*,#1925,.F.);
#2577=ORIENTED_EDGE('',*,*,#1961,.T.);
#2578=ORIENTED_EDGE('',*,*,#1962,.T.);
#2579=ORIENTED_EDGE('',*,*,#1961,.F.);
#2580=ORIENTED_EDGE('',*,*,#1963,.T.);
#2581=ORIENTED_EDGE('',*,*,#1861,.T.);
#2582=ORIENTED_EDGE('',*,*,#1865,.F.);
#2583=ORIENTED_EDGE('',*,*,#1929,.F.);
#2584=ORIENTED_EDGE('',*,*,#1964,.T.);
#2585=ORIENTED_EDGE('',*,*,#1965,.T.);
#2586=ORIENTED_EDGE('',*,*,#1966,.T.);
#2587=ORIENTED_EDGE('',*,*,#1819,.T.);
#2588=ORIENTED_EDGE('',*,*,#1896,.T.);
#2589=ORIENTED_EDGE('',*,*,#1967,.T.);
#2590=ORIENTED_EDGE('',*,*,#1962,.F.);
#2591=ORIENTED_EDGE('',*,*,#1960,.F.);
#2592=ORIENTED_EDGE('',*,*,#1958,.F.);
#2593=ORIENTED_EDGE('',*,*,#1968,.T.);
#2594=ORIENTED_EDGE('',*,*,#1969,.T.);
#2595=ORIENTED_EDGE('',*,*,#1892,.T.);
#2596=ORIENTED_EDGE('',*,*,#1887,.T.);
#2597=ORIENTED_EDGE('',*,*,#1970,.T.);
#2598=ORIENTED_EDGE('',*,*,#1971,.T.);
#2599=ORIENTED_EDGE('',*,*,#1972,.F.);
#2600=ORIENTED_EDGE('',*,*,#1973,.F.);
#2601=ORIENTED_EDGE('',*,*,#1974,.F.);
#2602=ORIENTED_EDGE('',*,*,#1919,.F.);
#2603=ORIENTED_EDGE('',*,*,#1975,.T.);
#2604=ORIENTED_EDGE('',*,*,#1973,.T.);
#2605=ORIENTED_EDGE('',*,*,#1975,.F.);
#2606=ORIENTED_EDGE('',*,*,#1931,.F.);
#2607=ORIENTED_EDGE('',*,*,#1976,.T.);
#2608=ORIENTED_EDGE('',*,*,#1972,.T.);
#2609=ORIENTED_EDGE('',*,*,#1976,.F.);
#2610=ORIENTED_EDGE('',*,*,#1915,.F.);
#2611=ORIENTED_EDGE('',*,*,#1977,.T.);
#2612=ORIENTED_EDGE('',*,*,#1974,.T.);
#2613=ORIENTED_EDGE('',*,*,#1977,.F.);
#2614=ORIENTED_EDGE('',*,*,#1945,.T.);
#2615=ORIENTED_EDGE('',*,*,#1946,.T.);
#2616=ORIENTED_EDGE('',*,*,#1916,.F.);
#2617=ORIENTED_EDGE('',*,*,#1899,.F.);
#2618=ORIENTED_EDGE('',*,*,#1939,.F.);
#2619=ORIENTED_EDGE('',*,*,#1862,.T.);
#2620=ORIENTED_EDGE('',*,*,#1963,.F.);
#2621=ORIENTED_EDGE('',*,*,#1928,.F.);
#2622=ORIENTED_EDGE('',*,*,#1942,.F.);
#2623=ORIENTED_EDGE('',*,*,#1926,.T.);
#2624=ORIENTED_EDGE('',*,*,#1907,.F.);
#2625=ORIENTED_EDGE('',*,*,#1978,.F.);
#2626=ORIENTED_EDGE('',*,*,#1943,.F.);
#2627=ORIENTED_EDGE('',*,*,#1978,.T.);
#2628=ORIENTED_EDGE('',*,*,#1906,.F.);
#2629=ORIENTED_EDGE('',*,*,#1954,.F.);
#2630=ORIENTED_EDGE('',*,*,#1955,.F.);
#2631=ORIENTED_EDGE('',*,*,#1950,.F.);
#2632=ORIENTED_EDGE('',*,*,#1913,.F.);
#2633=ORIENTED_EDGE('',*,*,#1948,.F.);
#2634=ORIENTED_EDGE('',*,*,#1979,.T.);
#2635=ORIENTED_EDGE('',*,*,#1893,.T.);
#2636=ORIENTED_EDGE('',*,*,#1969,.F.);
#2637=ORIENTED_EDGE('',*,*,#1980,.T.);
#2638=ORIENTED_EDGE('',*,*,#1981,.T.);
#2639=ORIENTED_EDGE('',*,*,#1982,.T.);
#2640=ORIENTED_EDGE('',*,*,#1967,.F.);
#2641=ORIENTED_EDGE('',*,*,#1895,.T.);
#2642=ORIENTED_EDGE('',*,*,#1982,.F.);
#2643=ORIENTED_EDGE('',*,*,#1983,.T.);
#2644=ORIENTED_EDGE('',*,*,#1984,.F.);
#2645=ORIENTED_EDGE('',*,*,#1964,.F.);
#2646=ORIENTED_EDGE('',*,*,#1985,.T.);
#2647=ORIENTED_EDGE('',*,*,#1986,.T.);
#2648=ORIENTED_EDGE('',*,*,#1965,.F.);
#2649=ORIENTED_EDGE('',*,*,#1984,.T.);
#2650=ORIENTED_EDGE('',*,*,#1986,.F.);
#2651=ORIENTED_EDGE('',*,*,#1987,.T.);
#2652=ORIENTED_EDGE('',*,*,#1988,.F.);
#2653=ORIENTED_EDGE('',*,*,#1970,.F.);
#2654=ORIENTED_EDGE('',*,*,#1886,.F.);
#2655=ORIENTED_EDGE('',*,*,#1949,.T.);
#2656=ORIENTED_EDGE('',*,*,#1956,.F.);
#2657=ORIENTED_EDGE('',*,*,#1952,.F.);
#2658=ORIENTED_EDGE('',*,*,#1820,.F.);
#2659=ORIENTED_EDGE('',*,*,#1966,.F.);
#2660=ORIENTED_EDGE('',*,*,#1989,.T.);
#2661=ORIENTED_EDGE('',*,*,#1990,.T.);
#2662=ORIENTED_EDGE('',*,*,#1971,.F.);
#2663=ORIENTED_EDGE('',*,*,#1988,.T.);
#2664=ORIENTED_EDGE('',*,*,#1980,.F.);
#2665=ORIENTED_EDGE('',*,*,#1968,.F.);
#2666=ORIENTED_EDGE('',*,*,#1990,.F.);
#2667=ORIENTED_EDGE('',*,*,#1991,.T.);
#2668=ORIENTED_EDGE('',*,*,#1851,.F.);
#2669=ORIENTED_EDGE('',*,*,#1992,.T.);
#2670=ORIENTED_EDGE('',*,*,#1993,.T.);
#2671=ORIENTED_EDGE('',*,*,#1992,.F.);
#2672=ORIENTED_EDGE('',*,*,#1850,.F.);
#2673=ORIENTED_EDGE('',*,*,#1994,.T.);
#2674=ORIENTED_EDGE('',*,*,#1995,.T.);
#2675=ORIENTED_EDGE('',*,*,#1994,.F.);
#2676=ORIENTED_EDGE('',*,*,#1849,.F.);
#2677=ORIENTED_EDGE('',*,*,#1996,.T.);
#2678=ORIENTED_EDGE('',*,*,#1997,.T.);
#2679=ORIENTED_EDGE('',*,*,#1996,.F.);
#2680=ORIENTED_EDGE('',*,*,#1848,.F.);
#2681=ORIENTED_EDGE('',*,*,#1998,.T.);
#2682=ORIENTED_EDGE('',*,*,#1999,.T.);
#2683=ORIENTED_EDGE('',*,*,#1998,.F.);
#2684=ORIENTED_EDGE('',*,*,#1847,.F.);
#2685=ORIENTED_EDGE('',*,*,#2000,.T.);
#2686=ORIENTED_EDGE('',*,*,#2001,.T.);
#2687=ORIENTED_EDGE('',*,*,#2000,.F.);
#2688=ORIENTED_EDGE('',*,*,#1846,.F.);
#2689=ORIENTED_EDGE('',*,*,#2002,.T.);
#2690=ORIENTED_EDGE('',*,*,#2003,.T.);
#2691=ORIENTED_EDGE('',*,*,#2002,.F.);
#2692=ORIENTED_EDGE('',*,*,#2004,.T.);
#2693=ORIENTED_EDGE('',*,*,#2005,.T.);
#2694=ORIENTED_EDGE('',*,*,#1835,.F.);
#2695=ORIENTED_EDGE('',*,*,#2006,.F.);
#2696=ORIENTED_EDGE('',*,*,#2007,.T.);
#2697=ORIENTED_EDGE('',*,*,#2006,.T.);
#2698=ORIENTED_EDGE('',*,*,#1834,.F.);
#2699=ORIENTED_EDGE('',*,*,#2008,.F.);
#2700=ORIENTED_EDGE('',*,*,#2009,.T.);
#2701=ORIENTED_EDGE('',*,*,#2008,.T.);
#2702=ORIENTED_EDGE('',*,*,#1833,.F.);
#2703=ORIENTED_EDGE('',*,*,#2010,.F.);
#2704=ORIENTED_EDGE('',*,*,#2011,.T.);
#2705=ORIENTED_EDGE('',*,*,#2010,.T.);
#2706=ORIENTED_EDGE('',*,*,#1832,.F.);
#2707=ORIENTED_EDGE('',*,*,#2005,.F.);
#2708=ORIENTED_EDGE('',*,*,#2011,.F.);
#2709=ORIENTED_EDGE('',*,*,#2004,.F.);
#2710=ORIENTED_EDGE('',*,*,#2007,.F.);
#2711=ORIENTED_EDGE('',*,*,#2009,.F.);
#2712=ORIENTED_EDGE('',*,*,#2003,.F.);
#2713=ORIENTED_EDGE('',*,*,#2001,.F.);
#2714=ORIENTED_EDGE('',*,*,#1999,.F.);
#2715=ORIENTED_EDGE('',*,*,#1997,.F.);
#2716=ORIENTED_EDGE('',*,*,#1995,.F.);
#2717=ORIENTED_EDGE('',*,*,#1989,.F.);
#2718=ORIENTED_EDGE('',*,*,#1987,.F.);
#2719=ORIENTED_EDGE('',*,*,#1985,.F.);
#2720=ORIENTED_EDGE('',*,*,#1983,.F.);
#2721=ORIENTED_EDGE('',*,*,#1981,.F.);
#2722=ORIENTED_EDGE('',*,*,#1894,.F.);
#2723=ORIENTED_EDGE('',*,*,#1979,.F.);
#2724=ORIENTED_EDGE('',*,*,#1991,.F.);
#2725=ORIENTED_EDGE('',*,*,#1993,.F.);
#2726=ORIENTED_EDGE('',*,*,#2012,.F.);
#2727=ORIENTED_EDGE('',*,*,#2013,.T.);
#2728=ORIENTED_EDGE('',*,*,#2014,.F.);
#2729=ORIENTED_EDGE('',*,*,#2013,.F.);
#2730=ORIENTED_EDGE('',*,*,#2015,.F.);
#2731=ORIENTED_EDGE('',*,*,#2016,.T.);
#2732=ORIENTED_EDGE('',*,*,#2017,.F.);
#2733=ORIENTED_EDGE('',*,*,#2016,.F.);
#2734=ORIENTED_EDGE('',*,*,#2018,.F.);
#2735=ORIENTED_EDGE('',*,*,#2019,.T.);
#2736=ORIENTED_EDGE('',*,*,#2020,.F.);
#2737=ORIENTED_EDGE('',*,*,#2019,.F.);
#2738=ORIENTED_EDGE('',*,*,#2021,.F.);
#2739=ORIENTED_EDGE('',*,*,#2022,.T.);
#2740=ORIENTED_EDGE('',*,*,#2023,.F.);
#2741=ORIENTED_EDGE('',*,*,#2024,.F.);
#2742=ORIENTED_EDGE('',*,*,#2025,.F.);
#2743=ORIENTED_EDGE('',*,*,#2026,.F.);
#2744=ORIENTED_EDGE('',*,*,#2027,.F.);
#2745=ORIENTED_EDGE('',*,*,#2022,.F.);
#2746=ORIENTED_EDGE('',*,*,#2027,.T.);
#2747=ORIENTED_EDGE('',*,*,#2028,.F.);
#2748=ORIENTED_EDGE('',*,*,#2023,.T.);
#2749=ORIENTED_EDGE('',*,*,#2017,.T.);
#2750=ORIENTED_EDGE('',*,*,#2029,.F.);
#2751=ORIENTED_EDGE('',*,*,#2030,.F.);
#2752=ORIENTED_EDGE('',*,*,#2031,.F.);
#2753=ORIENTED_EDGE('',*,*,#2032,.F.);
#2754=ORIENTED_EDGE('',*,*,#2033,.T.);
#2755=ORIENTED_EDGE('',*,*,#2032,.T.);
#2756=ORIENTED_EDGE('',*,*,#2034,.F.);
#2757=ORIENTED_EDGE('',*,*,#2026,.T.);
#2758=ORIENTED_EDGE('',*,*,#2035,.F.);
#2759=ORIENTED_EDGE('',*,*,#2034,.T.);
#2760=ORIENTED_EDGE('',*,*,#2031,.T.);
#2761=ORIENTED_EDGE('',*,*,#2020,.T.);
#2762=ORIENTED_EDGE('',*,*,#2024,.T.);
#2763=ORIENTED_EDGE('',*,*,#2028,.T.);
#2764=ORIENTED_EDGE('',*,*,#2036,.F.);
#2765=ORIENTED_EDGE('',*,*,#2037,.F.);
#2766=ORIENTED_EDGE('',*,*,#2038,.F.);
#2767=ORIENTED_EDGE('',*,*,#2039,.F.);
#2768=ORIENTED_EDGE('',*,*,#2035,.T.);
#2769=ORIENTED_EDGE('',*,*,#2030,.T.);
#2770=ORIENTED_EDGE('',*,*,#2040,.F.);
#2771=ORIENTED_EDGE('',*,*,#2041,.T.);
#2772=ORIENTED_EDGE('',*,*,#2042,.F.);
#2773=ORIENTED_EDGE('',*,*,#2036,.T.);
#2774=ORIENTED_EDGE('',*,*,#2012,.T.);
#2775=ORIENTED_EDGE('',*,*,#2043,.F.);
#2776=ORIENTED_EDGE('',*,*,#2044,.T.);
#2777=ORIENTED_EDGE('',*,*,#2045,.F.);
#2778=ORIENTED_EDGE('',*,*,#2046,.F.);
#2779=ORIENTED_EDGE('',*,*,#2047,.F.);
#2780=ORIENTED_EDGE('',*,*,#2046,.T.);
#2781=ORIENTED_EDGE('',*,*,#2048,.F.);
#2782=ORIENTED_EDGE('',*,*,#2049,.F.);
#2783=ORIENTED_EDGE('',*,*,#2050,.F.);
#2784=ORIENTED_EDGE('',*,*,#2049,.T.);
#2785=ORIENTED_EDGE('',*,*,#2051,.F.);
#2786=ORIENTED_EDGE('',*,*,#2044,.F.);
#2787=ORIENTED_EDGE('',*,*,#2014,.T.);
#2788=ORIENTED_EDGE('',*,*,#2052,.T.);
#2789=ORIENTED_EDGE('',*,*,#2040,.T.);
#2790=ORIENTED_EDGE('',*,*,#2029,.T.);
#2791=ORIENTED_EDGE('',*,*,#2033,.F.);
#2792=ORIENTED_EDGE('',*,*,#2025,.T.);
#2793=ORIENTED_EDGE('',*,*,#2021,.T.);
#2794=ORIENTED_EDGE('',*,*,#2039,.T.);
#2795=ORIENTED_EDGE('',*,*,#2015,.T.);
#2796=ORIENTED_EDGE('',*,*,#2018,.T.);
#2797=ORIENTED_EDGE('',*,*,#2051,.T.);
#2798=ORIENTED_EDGE('',*,*,#2048,.T.);
#2799=ORIENTED_EDGE('',*,*,#2045,.T.);
#2800=ORIENTED_EDGE('',*,*,#2053,.T.);
#2801=ORIENTED_EDGE('',*,*,#2054,.T.);
#2802=ORIENTED_EDGE('',*,*,#2055,.T.);
#2803=ORIENTED_EDGE('',*,*,#2056,.T.);
#2804=ORIENTED_EDGE('',*,*,#2053,.F.);
#2805=ORIENTED_EDGE('',*,*,#2057,.T.);
#2806=ORIENTED_EDGE('',*,*,#2058,.F.);
#2807=ORIENTED_EDGE('',*,*,#2059,.T.);
#2808=ORIENTED_EDGE('',*,*,#2060,.F.);
#2809=ORIENTED_EDGE('',*,*,#2061,.T.);
#2810=ORIENTED_EDGE('',*,*,#2062,.F.);
#2811=ORIENTED_EDGE('',*,*,#2063,.T.);
#2812=ORIENTED_EDGE('',*,*,#2064,.F.);
#2813=ORIENTED_EDGE('',*,*,#2065,.T.);
#2814=ORIENTED_EDGE('',*,*,#2056,.F.);
#2815=ORIENTED_EDGE('',*,*,#2066,.F.);
#2816=ORIENTED_EDGE('',*,*,#2067,.F.);
#2817=ORIENTED_EDGE('',*,*,#2057,.F.);
#2818=ORIENTED_EDGE('',*,*,#2058,.T.);
#2819=ORIENTED_EDGE('',*,*,#2067,.T.);
#2820=ORIENTED_EDGE('',*,*,#2068,.T.);
#2821=ORIENTED_EDGE('',*,*,#2069,.T.);
#2822=ORIENTED_EDGE('',*,*,#2064,.T.);
#2823=ORIENTED_EDGE('',*,*,#2070,.T.);
#2824=ORIENTED_EDGE('',*,*,#2071,.T.);
#2825=ORIENTED_EDGE('',*,*,#2072,.T.);
#2826=ORIENTED_EDGE('',*,*,#2070,.F.);
#2827=ORIENTED_EDGE('',*,*,#2063,.F.);
#2828=ORIENTED_EDGE('',*,*,#2073,.F.);
#2829=ORIENTED_EDGE('',*,*,#2074,.F.);
#2830=ORIENTED_EDGE('',*,*,#2062,.T.);
#2831=ORIENTED_EDGE('',*,*,#2075,.T.);
#2832=ORIENTED_EDGE('',*,*,#2076,.T.);
#2833=ORIENTED_EDGE('',*,*,#2073,.T.);
#2834=ORIENTED_EDGE('',*,*,#2075,.F.);
#2835=ORIENTED_EDGE('',*,*,#2061,.F.);
#2836=ORIENTED_EDGE('',*,*,#2077,.F.);
#2837=ORIENTED_EDGE('',*,*,#2078,.F.);
#2838=ORIENTED_EDGE('',*,*,#2060,.T.);
#2839=ORIENTED_EDGE('',*,*,#2079,.T.);
#2840=ORIENTED_EDGE('',*,*,#2080,.T.);
#2841=ORIENTED_EDGE('',*,*,#2077,.T.);
#2842=ORIENTED_EDGE('',*,*,#2081,.T.);
#2843=ORIENTED_EDGE('',*,*,#2082,.T.);
#2844=ORIENTED_EDGE('',*,*,#2083,.T.);
#2845=ORIENTED_EDGE('',*,*,#2084,.T.);
#2846=ORIENTED_EDGE('',*,*,#2081,.F.);
#2847=ORIENTED_EDGE('',*,*,#2085,.T.);
#2848=ORIENTED_EDGE('',*,*,#2086,.F.);
#2849=ORIENTED_EDGE('',*,*,#2087,.T.);
#2850=ORIENTED_EDGE('',*,*,#2088,.F.);
#2851=ORIENTED_EDGE('',*,*,#2089,.T.);
#2852=ORIENTED_EDGE('',*,*,#2090,.F.);
#2853=ORIENTED_EDGE('',*,*,#2091,.T.);
#2854=ORIENTED_EDGE('',*,*,#2092,.F.);
#2855=ORIENTED_EDGE('',*,*,#2093,.T.);
#2856=ORIENTED_EDGE('',*,*,#2094,.F.);
#2857=ORIENTED_EDGE('',*,*,#2095,.T.);
#2858=ORIENTED_EDGE('',*,*,#2096,.F.);
#2859=ORIENTED_EDGE('',*,*,#2097,.T.);
#2860=ORIENTED_EDGE('',*,*,#2098,.F.);
#2861=ORIENTED_EDGE('',*,*,#2099,.T.);
#2862=ORIENTED_EDGE('',*,*,#2100,.F.);
#2863=ORIENTED_EDGE('',*,*,#2101,.T.);
#2864=ORIENTED_EDGE('',*,*,#2102,.F.);
#2865=ORIENTED_EDGE('',*,*,#2103,.T.);
#2866=ORIENTED_EDGE('',*,*,#2104,.F.);
#2867=ORIENTED_EDGE('',*,*,#2105,.T.);
#2868=ORIENTED_EDGE('',*,*,#2106,.F.);
#2869=ORIENTED_EDGE('',*,*,#2107,.T.);
#2870=ORIENTED_EDGE('',*,*,#2084,.F.);
#2871=ORIENTED_EDGE('',*,*,#2108,.F.);
#2872=ORIENTED_EDGE('',*,*,#2109,.F.);
#2873=ORIENTED_EDGE('',*,*,#2085,.F.);
#2874=ORIENTED_EDGE('',*,*,#2110,.F.);
#2875=ORIENTED_EDGE('',*,*,#2111,.T.);
#2876=ORIENTED_EDGE('',*,*,#2106,.T.);
#2877=ORIENTED_EDGE('',*,*,#2112,.T.);
#2878=ORIENTED_EDGE('',*,*,#2042,.T.);
#2879=ORIENTED_EDGE('',*,*,#2113,.T.);
#2880=ORIENTED_EDGE('',*,*,#2037,.T.);
#2881=ORIENTED_EDGE('',*,*,#2066,.T.);
#2882=ORIENTED_EDGE('',*,*,#2055,.F.);
#2883=ORIENTED_EDGE('',*,*,#2114,.T.);
#2884=ORIENTED_EDGE('',*,*,#2071,.F.);
#2885=ORIENTED_EDGE('',*,*,#2074,.T.);
#2886=ORIENTED_EDGE('',*,*,#2076,.F.);
#2887=ORIENTED_EDGE('',*,*,#2078,.T.);
#2888=ORIENTED_EDGE('',*,*,#2080,.F.);
#2889=ORIENTED_EDGE('',*,*,#2115,.T.);
#2890=ORIENTED_EDGE('',*,*,#2068,.F.);
#2891=ORIENTED_EDGE('',*,*,#2116,.T.);
#2892=ORIENTED_EDGE('',*,*,#2117,.T.);
#2893=ORIENTED_EDGE('',*,*,#2118,.T.);
#2894=ORIENTED_EDGE('',*,*,#2119,.T.);
#2895=ORIENTED_EDGE('',*,*,#2110,.T.);
#2896=ORIENTED_EDGE('',*,*,#2120,.T.);
#2897=ORIENTED_EDGE('',*,*,#2121,.T.);
#2898=ORIENTED_EDGE('',*,*,#2122,.T.);
#2899=ORIENTED_EDGE('',*,*,#2123,.F.);
#2900=ORIENTED_EDGE('',*,*,#2124,.T.);
#2901=ORIENTED_EDGE('',*,*,#2125,.F.);
#2902=ORIENTED_EDGE('',*,*,#2126,.T.);
#2903=ORIENTED_EDGE('',*,*,#2127,.F.);
#2904=ORIENTED_EDGE('',*,*,#2128,.T.);
#2905=ORIENTED_EDGE('',*,*,#2129,.T.);
#2906=ORIENTED_EDGE('',*,*,#2130,.T.);
#2907=ORIENTED_EDGE('',*,*,#2131,.F.);
#2908=ORIENTED_EDGE('',*,*,#2132,.T.);
#2909=ORIENTED_EDGE('',*,*,#2133,.F.);
#2910=ORIENTED_EDGE('',*,*,#2134,.T.);
#2911=ORIENTED_EDGE('',*,*,#2135,.T.);
#2912=ORIENTED_EDGE('',*,*,#2136,.T.);
#2913=ORIENTED_EDGE('',*,*,#2137,.F.);
#2914=ORIENTED_EDGE('',*,*,#2138,.T.);
#2915=ORIENTED_EDGE('',*,*,#2139,.F.);
#2916=ORIENTED_EDGE('',*,*,#2108,.T.);
#2917=ORIENTED_EDGE('',*,*,#2083,.F.);
#2918=ORIENTED_EDGE('',*,*,#2140,.T.);
#2919=ORIENTED_EDGE('',*,*,#2112,.F.);
#2920=ORIENTED_EDGE('',*,*,#2105,.F.);
#2921=ORIENTED_EDGE('',*,*,#2141,.F.);
#2922=ORIENTED_EDGE('',*,*,#2120,.F.);
#2923=ORIENTED_EDGE('',*,*,#2086,.T.);
#2924=ORIENTED_EDGE('',*,*,#2109,.T.);
#2925=ORIENTED_EDGE('',*,*,#2139,.T.);
#2926=ORIENTED_EDGE('',*,*,#2142,.T.);
#2927=ORIENTED_EDGE('',*,*,#2088,.T.);
#2928=ORIENTED_EDGE('',*,*,#2143,.T.);
#2929=ORIENTED_EDGE('',*,*,#2137,.T.);
#2930=ORIENTED_EDGE('',*,*,#2144,.T.);
#2931=ORIENTED_EDGE('',*,*,#2144,.F.);
#2932=ORIENTED_EDGE('',*,*,#2136,.F.);
#2933=ORIENTED_EDGE('',*,*,#2145,.F.);
#2934=ORIENTED_EDGE('',*,*,#2089,.F.);
#2935=ORIENTED_EDGE('',*,*,#2135,.F.);
#2936=ORIENTED_EDGE('',*,*,#2146,.T.);
#2937=ORIENTED_EDGE('',*,*,#2090,.T.);
#2938=ORIENTED_EDGE('',*,*,#2145,.T.);
#2939=ORIENTED_EDGE('',*,*,#2092,.T.);
#2940=ORIENTED_EDGE('',*,*,#2147,.T.);
#2941=ORIENTED_EDGE('',*,*,#2133,.T.);
#2942=ORIENTED_EDGE('',*,*,#2148,.T.);
#2943=ORIENTED_EDGE('',*,*,#2146,.F.);
#2944=ORIENTED_EDGE('',*,*,#2134,.F.);
#2945=ORIENTED_EDGE('',*,*,#2147,.F.);
#2946=ORIENTED_EDGE('',*,*,#2091,.F.);
#2947=ORIENTED_EDGE('',*,*,#2121,.F.);
#2948=ORIENTED_EDGE('',*,*,#2141,.T.);
#2949=ORIENTED_EDGE('',*,*,#2104,.T.);
#2950=ORIENTED_EDGE('',*,*,#2149,.T.);
#2951=ORIENTED_EDGE('',*,*,#2102,.T.);
#2952=ORIENTED_EDGE('',*,*,#2150,.T.);
#2953=ORIENTED_EDGE('',*,*,#2123,.T.);
#2954=ORIENTED_EDGE('',*,*,#2151,.T.);
#2955=ORIENTED_EDGE('',*,*,#2150,.F.);
#2956=ORIENTED_EDGE('',*,*,#2101,.F.);
#2957=ORIENTED_EDGE('',*,*,#2152,.F.);
#2958=ORIENTED_EDGE('',*,*,#2124,.F.);
#2959=ORIENTED_EDGE('',*,*,#2100,.T.);
#2960=ORIENTED_EDGE('',*,*,#2153,.T.);
#2961=ORIENTED_EDGE('',*,*,#2125,.T.);
#2962=ORIENTED_EDGE('',*,*,#2152,.T.);
#2963=ORIENTED_EDGE('',*,*,#2153,.F.);
#2964=ORIENTED_EDGE('',*,*,#2099,.F.);
#2965=ORIENTED_EDGE('',*,*,#2154,.F.);
#2966=ORIENTED_EDGE('',*,*,#2126,.F.);
#2967=ORIENTED_EDGE('',*,*,#2098,.T.);
#2968=ORIENTED_EDGE('',*,*,#2155,.T.);
#2969=ORIENTED_EDGE('',*,*,#2127,.T.);
#2970=ORIENTED_EDGE('',*,*,#2154,.T.);
#2971=ORIENTED_EDGE('',*,*,#2155,.F.);
#2972=ORIENTED_EDGE('',*,*,#2097,.F.);
#2973=ORIENTED_EDGE('',*,*,#2156,.F.);
#2974=ORIENTED_EDGE('',*,*,#2128,.F.);
#2975=ORIENTED_EDGE('',*,*,#2129,.F.);
#2976=ORIENTED_EDGE('',*,*,#2156,.T.);
#2977=ORIENTED_EDGE('',*,*,#2096,.T.);
#2978=ORIENTED_EDGE('',*,*,#2157,.T.);
#2979=ORIENTED_EDGE('',*,*,#2157,.F.);
#2980=ORIENTED_EDGE('',*,*,#2095,.F.);
#2981=ORIENTED_EDGE('',*,*,#2158,.F.);
#2982=ORIENTED_EDGE('',*,*,#2130,.F.);
#2983=ORIENTED_EDGE('',*,*,#2094,.T.);
#2984=ORIENTED_EDGE('',*,*,#2159,.T.);
#2985=ORIENTED_EDGE('',*,*,#2131,.T.);
#2986=ORIENTED_EDGE('',*,*,#2158,.T.);
#2987=ORIENTED_EDGE('',*,*,#2142,.F.);
#2988=ORIENTED_EDGE('',*,*,#2138,.F.);
#2989=ORIENTED_EDGE('',*,*,#2143,.F.);
#2990=ORIENTED_EDGE('',*,*,#2087,.F.);
#2991=ORIENTED_EDGE('',*,*,#2082,.F.);
#2992=ORIENTED_EDGE('',*,*,#2107,.F.);
#2993=ORIENTED_EDGE('',*,*,#2111,.F.);
#2994=ORIENTED_EDGE('',*,*,#2140,.F.);
#2995=ORIENTED_EDGE('',*,*,#2149,.F.);
#2996=ORIENTED_EDGE('',*,*,#2103,.F.);
#2997=ORIENTED_EDGE('',*,*,#2151,.F.);
#2998=ORIENTED_EDGE('',*,*,#2122,.F.);
#2999=ORIENTED_EDGE('',*,*,#2148,.F.);
#3000=ORIENTED_EDGE('',*,*,#2132,.F.);
#3001=ORIENTED_EDGE('',*,*,#2159,.F.);
#3002=ORIENTED_EDGE('',*,*,#2093,.F.);
#3003=ORIENTED_EDGE('',*,*,#2054,.F.);
#3004=ORIENTED_EDGE('',*,*,#2065,.F.);
#3005=ORIENTED_EDGE('',*,*,#2072,.F.);
#3006=ORIENTED_EDGE('',*,*,#2114,.F.);
#3007=ORIENTED_EDGE('',*,*,#2069,.F.);
#3008=ORIENTED_EDGE('',*,*,#2115,.F.);
#3009=ORIENTED_EDGE('',*,*,#2079,.F.);
#3010=ORIENTED_EDGE('',*,*,#2059,.F.);
#3011=ORIENTED_EDGE('',*,*,#2160,.F.);
#3012=ORIENTED_EDGE('',*,*,#2161,.F.);
#3013=ORIENTED_EDGE('',*,*,#2116,.F.);
#3014=ORIENTED_EDGE('',*,*,#2162,.T.);
#3015=ORIENTED_EDGE('',*,*,#2163,.F.);
#3016=ORIENTED_EDGE('',*,*,#2162,.F.);
#3017=ORIENTED_EDGE('',*,*,#2119,.F.);
#3018=ORIENTED_EDGE('',*,*,#2164,.T.);
#3019=ORIENTED_EDGE('',*,*,#2165,.F.);
#3020=ORIENTED_EDGE('',*,*,#2164,.F.);
#3021=ORIENTED_EDGE('',*,*,#2118,.F.);
#3022=ORIENTED_EDGE('',*,*,#2166,.T.);
#3023=ORIENTED_EDGE('',*,*,#2167,.F.);
#3024=ORIENTED_EDGE('',*,*,#2166,.F.);
#3025=ORIENTED_EDGE('',*,*,#2117,.F.);
#3026=ORIENTED_EDGE('',*,*,#2161,.T.);
#3027=ORIENTED_EDGE('',*,*,#2038,.T.);
#3028=ORIENTED_EDGE('',*,*,#2113,.F.);
#3029=ORIENTED_EDGE('',*,*,#2041,.F.);
#3030=ORIENTED_EDGE('',*,*,#2052,.F.);
#3031=ORIENTED_EDGE('',*,*,#2043,.T.);
#3032=ORIENTED_EDGE('',*,*,#2047,.T.);
#3033=ORIENTED_EDGE('',*,*,#2050,.T.);
#3034=ORIENTED_EDGE('',*,*,#2160,.T.);
#3035=ORIENTED_EDGE('',*,*,#2163,.T.);
#3036=ORIENTED_EDGE('',*,*,#2165,.T.);
#3037=ORIENTED_EDGE('',*,*,#2167,.T.);
#3038=ORIENTED_EDGE('',*,*,#2168,.T.);
#3039=ORIENTED_EDGE('',*,*,#2169,.T.);
#3040=ORIENTED_EDGE('',*,*,#2170,.T.);
#3041=ORIENTED_EDGE('',*,*,#2169,.F.);
#3042=ORIENTED_EDGE('',*,*,#2171,.F.);
#3043=ORIENTED_EDGE('',*,*,#2172,.F.);
#3044=ORIENTED_EDGE('',*,*,#2173,.F.);
#3045=ORIENTED_EDGE('',*,*,#2174,.F.);
#3046=ORIENTED_EDGE('',*,*,#2174,.T.);
#3047=ORIENTED_EDGE('',*,*,#2175,.T.);
#3048=ORIENTED_EDGE('',*,*,#2176,.F.);
#3049=ORIENTED_EDGE('',*,*,#2177,.T.);
#3050=ORIENTED_EDGE('',*,*,#2172,.T.);
#3051=ORIENTED_EDGE('',*,*,#2178,.T.);
#3052=ORIENTED_EDGE('',*,*,#2179,.F.);
#3053=ORIENTED_EDGE('',*,*,#2180,.T.);
#3054=ORIENTED_EDGE('',*,*,#2171,.T.);
#3055=ORIENTED_EDGE('',*,*,#2177,.F.);
#3056=ORIENTED_EDGE('',*,*,#2181,.F.);
#3057=ORIENTED_EDGE('',*,*,#2178,.F.);
#3058=ORIENTED_EDGE('',*,*,#2170,.F.);
#3059=ORIENTED_EDGE('',*,*,#2182,.F.);
#3060=ORIENTED_EDGE('',*,*,#2183,.F.);
#3061=ORIENTED_EDGE('',*,*,#2184,.F.);
#3062=ORIENTED_EDGE('',*,*,#2185,.F.);
#3063=ORIENTED_EDGE('',*,*,#2186,.T.);
#3064=ORIENTED_EDGE('',*,*,#2187,.T.);
#3065=ORIENTED_EDGE('',*,*,#2182,.T.);
#3066=ORIENTED_EDGE('',*,*,#2188,.F.);
#3067=ORIENTED_EDGE('',*,*,#2189,.F.);
#3068=ORIENTED_EDGE('',*,*,#2190,.F.);
#3069=ORIENTED_EDGE('',*,*,#2186,.F.);
#3070=ORIENTED_EDGE('',*,*,#2191,.F.);
#3071=ORIENTED_EDGE('',*,*,#2192,.T.);
#3072=ORIENTED_EDGE('',*,*,#2193,.T.);
#3073=ORIENTED_EDGE('',*,*,#2189,.T.);
#3074=ORIENTED_EDGE('',*,*,#2194,.F.);
#3075=ORIENTED_EDGE('',*,*,#2195,.T.);
#3076=ORIENTED_EDGE('',*,*,#2196,.F.);
#3077=ORIENTED_EDGE('',*,*,#2197,.T.);
#3078=ORIENTED_EDGE('',*,*,#2198,.F.);
#3079=ORIENTED_EDGE('',*,*,#2199,.T.);
#3080=ORIENTED_EDGE('',*,*,#2200,.T.);
#3081=ORIENTED_EDGE('',*,*,#2201,.T.);
#3082=ORIENTED_EDGE('',*,*,#2202,.T.);
#3083=ORIENTED_EDGE('',*,*,#2203,.T.);
#3084=ORIENTED_EDGE('',*,*,#2204,.T.);
#3085=ORIENTED_EDGE('',*,*,#2205,.T.);
#3086=ORIENTED_EDGE('',*,*,#2206,.T.);
#3087=ORIENTED_EDGE('',*,*,#2207,.T.);
#3088=ORIENTED_EDGE('',*,*,#2208,.T.);
#3089=ORIENTED_EDGE('',*,*,#2209,.T.);
#3090=ORIENTED_EDGE('',*,*,#2210,.F.);
#3091=ORIENTED_EDGE('',*,*,#2211,.F.);
#3092=ORIENTED_EDGE('',*,*,#2200,.F.);
#3093=ORIENTED_EDGE('',*,*,#2212,.F.);
#3094=ORIENTED_EDGE('',*,*,#2213,.F.);
#3095=ORIENTED_EDGE('',*,*,#2214,.F.);
#3096=ORIENTED_EDGE('',*,*,#2205,.F.);
#3097=ORIENTED_EDGE('',*,*,#2215,.F.);
#3098=ORIENTED_EDGE('',*,*,#2216,.T.);
#3099=ORIENTED_EDGE('',*,*,#2179,.T.);
#3100=ORIENTED_EDGE('',*,*,#2217,.T.);
#3101=ORIENTED_EDGE('',*,*,#2218,.T.);
#3102=ORIENTED_EDGE('',*,*,#2210,.T.);
#3103=ORIENTED_EDGE('',*,*,#2181,.T.);
#3104=ORIENTED_EDGE('',*,*,#2219,.F.);
#3105=ORIENTED_EDGE('',*,*,#2220,.F.);
#3106=ORIENTED_EDGE('',*,*,#2217,.F.);
#3107=ORIENTED_EDGE('',*,*,#2221,.T.);
#3108=ORIENTED_EDGE('',*,*,#2213,.T.);
#3109=ORIENTED_EDGE('',*,*,#2222,.T.);
#3110=ORIENTED_EDGE('',*,*,#2219,.T.);
#3111=ORIENTED_EDGE('',*,*,#2176,.T.);
#3112=ORIENTED_EDGE('',*,*,#2223,.T.);
#3113=ORIENTED_EDGE('',*,*,#2224,.F.);
#3114=ORIENTED_EDGE('',*,*,#2225,.T.);
#3115=ORIENTED_EDGE('',*,*,#2206,.F.);
#3116=ORIENTED_EDGE('',*,*,#2214,.T.);
#3117=ORIENTED_EDGE('',*,*,#2221,.F.);
#3118=ORIENTED_EDGE('',*,*,#2175,.F.);
#3119=ORIENTED_EDGE('',*,*,#2173,.T.);
#3120=ORIENTED_EDGE('',*,*,#2180,.F.);
#3121=ORIENTED_EDGE('',*,*,#2216,.F.);
#3122=ORIENTED_EDGE('',*,*,#2212,.T.);
#3123=ORIENTED_EDGE('',*,*,#2204,.F.);
#3124=ORIENTED_EDGE('',*,*,#2168,.F.);
#3125=ORIENTED_EDGE('',*,*,#2190,.T.);
#3126=ORIENTED_EDGE('',*,*,#2193,.F.);
#3127=ORIENTED_EDGE('',*,*,#2226,.T.);
#3128=ORIENTED_EDGE('',*,*,#2227,.F.);
#3129=ORIENTED_EDGE('',*,*,#2228,.T.);
#3130=ORIENTED_EDGE('',*,*,#2229,.F.);
#3131=ORIENTED_EDGE('',*,*,#2183,.T.);
#3132=ORIENTED_EDGE('',*,*,#2187,.F.);
#3133=ORIENTED_EDGE('',*,*,#2230,.T.);
#3134=ORIENTED_EDGE('',*,*,#2230,.F.);
#3135=ORIENTED_EDGE('',*,*,#2231,.T.);
#3136=ORIENTED_EDGE('',*,*,#2199,.F.);
#3137=ORIENTED_EDGE('',*,*,#2231,.F.);
#3138=ORIENTED_EDGE('',*,*,#2196,.T.);
#3139=ORIENTED_EDGE('',*,*,#2232,.T.);
#3140=ORIENTED_EDGE('',*,*,#2224,.T.);
#3141=ORIENTED_EDGE('',*,*,#2233,.T.);
#3142=ORIENTED_EDGE('',*,*,#2232,.F.);
#3143=ORIENTED_EDGE('',*,*,#2195,.F.);
#3144=ORIENTED_EDGE('',*,*,#2207,.F.);
#3145=ORIENTED_EDGE('',*,*,#2225,.F.);
#3146=ORIENTED_EDGE('',*,*,#2233,.F.);
#3147=ORIENTED_EDGE('',*,*,#2223,.F.);
#3148=ORIENTED_EDGE('',*,*,#2203,.F.);
#3149=ORIENTED_EDGE('',*,*,#2197,.F.);
#3150=ORIENTED_EDGE('',*,*,#2198,.T.);
#3151=ORIENTED_EDGE('',*,*,#2202,.F.);
#3152=ORIENTED_EDGE('',*,*,#2234,.F.);
#3153=ORIENTED_EDGE('',*,*,#2208,.F.);
#3154=ORIENTED_EDGE('',*,*,#2235,.F.);
#3155=ORIENTED_EDGE('',*,*,#2236,.T.);
#3156=ORIENTED_EDGE('',*,*,#2237,.F.);
#3157=ORIENTED_EDGE('',*,*,#2236,.F.);
#3158=ORIENTED_EDGE('',*,*,#2209,.F.);
#3159=ORIENTED_EDGE('',*,*,#2234,.T.);
#3160=ORIENTED_EDGE('',*,*,#2201,.F.);
#3161=ORIENTED_EDGE('',*,*,#2211,.T.);
#3162=ORIENTED_EDGE('',*,*,#2218,.F.);
#3163=ORIENTED_EDGE('',*,*,#2220,.T.);
#3164=ORIENTED_EDGE('',*,*,#2222,.F.);
#3165=ORIENTED_EDGE('',*,*,#2215,.T.);
#3166=ORIENTED_EDGE('',*,*,#2235,.T.);
#3167=ORIENTED_EDGE('',*,*,#2184,.T.);
#3168=ORIENTED_EDGE('',*,*,#2229,.T.);
#3169=ORIENTED_EDGE('',*,*,#2238,.T.);
#3170=ORIENTED_EDGE('',*,*,#2239,.F.);
#3171=ORIENTED_EDGE('',*,*,#2239,.T.);
#3172=ORIENTED_EDGE('',*,*,#2240,.T.);
#3173=ORIENTED_EDGE('',*,*,#2241,.T.);
#3174=ORIENTED_EDGE('',*,*,#2242,.T.);
#3175=ORIENTED_EDGE('',*,*,#2194,.T.);
#3176=ORIENTED_EDGE('',*,*,#2191,.T.);
#3177=ORIENTED_EDGE('',*,*,#2188,.T.);
#3178=ORIENTED_EDGE('',*,*,#2185,.T.);
#3179=ORIENTED_EDGE('',*,*,#2237,.T.);
#3180=ORIENTED_EDGE('',*,*,#2238,.F.);
#3181=ORIENTED_EDGE('',*,*,#2228,.F.);
#3182=ORIENTED_EDGE('',*,*,#2243,.F.);
#3183=ORIENTED_EDGE('',*,*,#2240,.F.);
#3184=ORIENTED_EDGE('',*,*,#2243,.T.);
#3185=ORIENTED_EDGE('',*,*,#2227,.T.);
#3186=ORIENTED_EDGE('',*,*,#2244,.T.);
#3187=ORIENTED_EDGE('',*,*,#2241,.F.);
#3188=ORIENTED_EDGE('',*,*,#2244,.F.);
#3189=ORIENTED_EDGE('',*,*,#2226,.F.);
#3190=ORIENTED_EDGE('',*,*,#2192,.F.);
#3191=ORIENTED_EDGE('',*,*,#2242,.F.);
#3192=ORIENTED_EDGE('',*,*,#2245,.F.);
#3193=ORIENTED_EDGE('',*,*,#2246,.T.);
#3194=ORIENTED_EDGE('',*,*,#2247,.F.);
#3195=ORIENTED_EDGE('',*,*,#2246,.F.);
#3196=ORIENTED_EDGE('',*,*,#2248,.F.);
#3197=ORIENTED_EDGE('',*,*,#2249,.T.);
#3198=ORIENTED_EDGE('',*,*,#2250,.F.);
#3199=ORIENTED_EDGE('',*,*,#2249,.F.);
#3200=ORIENTED_EDGE('',*,*,#2251,.F.);
#3201=ORIENTED_EDGE('',*,*,#2252,.T.);
#3202=ORIENTED_EDGE('',*,*,#2253,.F.);
#3203=ORIENTED_EDGE('',*,*,#2252,.F.);
#3204=ORIENTED_EDGE('',*,*,#2254,.F.);
#3205=ORIENTED_EDGE('',*,*,#2255,.T.);
#3206=ORIENTED_EDGE('',*,*,#2256,.F.);
#3207=ORIENTED_EDGE('',*,*,#2257,.F.);
#3208=ORIENTED_EDGE('',*,*,#2258,.T.);
#3209=ORIENTED_EDGE('',*,*,#2259,.T.);
#3210=ORIENTED_EDGE('',*,*,#2256,.T.);
#3211=ORIENTED_EDGE('',*,*,#2260,.T.);
#3212=ORIENTED_EDGE('',*,*,#2261,.F.);
#3213=ORIENTED_EDGE('',*,*,#2262,.T.);
#3214=ORIENTED_EDGE('',*,*,#2263,.F.);
#3215=ORIENTED_EDGE('',*,*,#2264,.F.);
#3216=ORIENTED_EDGE('',*,*,#2265,.T.);
#3217=ORIENTED_EDGE('',*,*,#2266,.T.);
#3218=ORIENTED_EDGE('',*,*,#2263,.T.);
#3219=ORIENTED_EDGE('',*,*,#2267,.T.);
#3220=ORIENTED_EDGE('',*,*,#2268,.F.);
#3221=ORIENTED_EDGE('',*,*,#2269,.T.);
#3222=ORIENTED_EDGE('',*,*,#2270,.F.);
#3223=ORIENTED_EDGE('',*,*,#2271,.F.);
#3224=ORIENTED_EDGE('',*,*,#2250,.T.);
#3225=ORIENTED_EDGE('',*,*,#2272,.T.);
#3226=ORIENTED_EDGE('',*,*,#2273,.T.);
#3227=ORIENTED_EDGE('',*,*,#2274,.T.);
#3228=ORIENTED_EDGE('',*,*,#2275,.T.);
#3229=ORIENTED_EDGE('',*,*,#2276,.T.);
#3230=ORIENTED_EDGE('',*,*,#2277,.T.);
#3231=ORIENTED_EDGE('',*,*,#2278,.T.);
#3232=ORIENTED_EDGE('',*,*,#2279,.T.);
#3233=ORIENTED_EDGE('',*,*,#2280,.T.);
#3234=ORIENTED_EDGE('',*,*,#2270,.T.);
#3235=ORIENTED_EDGE('',*,*,#2254,.T.);
#3236=ORIENTED_EDGE('',*,*,#2281,.T.);
#3237=ORIENTED_EDGE('',*,*,#2282,.T.);
#3238=ORIENTED_EDGE('',*,*,#2283,.T.);
#3239=ORIENTED_EDGE('',*,*,#2261,.T.);
#3240=ORIENTED_EDGE('',*,*,#2284,.T.);
#3241=ORIENTED_EDGE('',*,*,#2285,.T.);
#3242=ORIENTED_EDGE('',*,*,#2286,.T.);
#3243=ORIENTED_EDGE('',*,*,#2268,.T.);
#3244=ORIENTED_EDGE('',*,*,#2287,.T.);
#3245=ORIENTED_EDGE('',*,*,#2288,.T.);
#3246=ORIENTED_EDGE('',*,*,#2289,.T.);
#3247=ORIENTED_EDGE('',*,*,#2272,.F.);
#3248=ORIENTED_EDGE('',*,*,#2269,.F.);
#3249=ORIENTED_EDGE('',*,*,#2286,.F.);
#3250=ORIENTED_EDGE('',*,*,#2290,.F.);
#3251=ORIENTED_EDGE('',*,*,#2291,.T.);
#3252=ORIENTED_EDGE('',*,*,#2290,.T.);
#3253=ORIENTED_EDGE('',*,*,#2285,.F.);
#3254=ORIENTED_EDGE('',*,*,#2292,.F.);
#3255=ORIENTED_EDGE('',*,*,#2293,.T.);
#3256=ORIENTED_EDGE('',*,*,#2292,.T.);
#3257=ORIENTED_EDGE('',*,*,#2284,.F.);
#3258=ORIENTED_EDGE('',*,*,#2264,.T.);
#3259=ORIENTED_EDGE('',*,*,#2266,.F.);
#3260=ORIENTED_EDGE('',*,*,#2294,.F.);
#3261=ORIENTED_EDGE('',*,*,#2295,.T.);
#3262=ORIENTED_EDGE('',*,*,#2294,.T.);
#3263=ORIENTED_EDGE('',*,*,#2265,.F.);
#3264=ORIENTED_EDGE('',*,*,#2296,.F.);
#3265=ORIENTED_EDGE('',*,*,#2297,.T.);
#3266=ORIENTED_EDGE('',*,*,#2296,.T.);
#3267=ORIENTED_EDGE('',*,*,#2267,.F.);
#3268=ORIENTED_EDGE('',*,*,#2262,.F.);
#3269=ORIENTED_EDGE('',*,*,#2283,.F.);
#3270=ORIENTED_EDGE('',*,*,#2298,.F.);
#3271=ORIENTED_EDGE('',*,*,#2299,.T.);
#3272=ORIENTED_EDGE('',*,*,#2298,.T.);
#3273=ORIENTED_EDGE('',*,*,#2282,.F.);
#3274=ORIENTED_EDGE('',*,*,#2300,.F.);
#3275=ORIENTED_EDGE('',*,*,#2301,.T.);
#3276=ORIENTED_EDGE('',*,*,#2300,.T.);
#3277=ORIENTED_EDGE('',*,*,#2281,.F.);
#3278=ORIENTED_EDGE('',*,*,#2257,.T.);
#3279=ORIENTED_EDGE('',*,*,#2259,.F.);
#3280=ORIENTED_EDGE('',*,*,#2302,.F.);
#3281=ORIENTED_EDGE('',*,*,#2303,.T.);
#3282=ORIENTED_EDGE('',*,*,#2302,.T.);
#3283=ORIENTED_EDGE('',*,*,#2258,.F.);
#3284=ORIENTED_EDGE('',*,*,#2304,.F.);
#3285=ORIENTED_EDGE('',*,*,#2305,.T.);
#3286=ORIENTED_EDGE('',*,*,#2304,.T.);
#3287=ORIENTED_EDGE('',*,*,#2260,.F.);
#3288=ORIENTED_EDGE('',*,*,#2255,.F.);
#3289=ORIENTED_EDGE('',*,*,#2287,.F.);
#3290=ORIENTED_EDGE('',*,*,#2271,.T.);
#3291=ORIENTED_EDGE('',*,*,#2280,.F.);
#3292=ORIENTED_EDGE('',*,*,#2306,.F.);
#3293=ORIENTED_EDGE('',*,*,#2247,.T.);
#3294=ORIENTED_EDGE('',*,*,#2307,.T.);
#3295=ORIENTED_EDGE('',*,*,#2306,.T.);
#3296=ORIENTED_EDGE('',*,*,#2279,.F.);
#3297=ORIENTED_EDGE('',*,*,#2308,.F.);
#3298=ORIENTED_EDGE('',*,*,#2309,.T.);
#3299=ORIENTED_EDGE('',*,*,#2308,.T.);
#3300=ORIENTED_EDGE('',*,*,#2278,.F.);
#3301=ORIENTED_EDGE('',*,*,#2310,.F.);
#3302=ORIENTED_EDGE('',*,*,#2245,.T.);
#3303=ORIENTED_EDGE('',*,*,#2311,.T.);
#3304=ORIENTED_EDGE('',*,*,#2310,.T.);
#3305=ORIENTED_EDGE('',*,*,#2277,.F.);
#3306=ORIENTED_EDGE('',*,*,#2312,.F.);
#3307=ORIENTED_EDGE('',*,*,#2248,.T.);
#3308=ORIENTED_EDGE('',*,*,#2313,.T.);
#3309=ORIENTED_EDGE('',*,*,#2312,.T.);
#3310=ORIENTED_EDGE('',*,*,#2276,.F.);
#3311=ORIENTED_EDGE('',*,*,#2314,.F.);
#3312=ORIENTED_EDGE('',*,*,#2315,.T.);
#3313=ORIENTED_EDGE('',*,*,#2314,.T.);
#3314=ORIENTED_EDGE('',*,*,#2275,.F.);
#3315=ORIENTED_EDGE('',*,*,#2316,.F.);
#3316=ORIENTED_EDGE('',*,*,#2251,.T.);
#3317=ORIENTED_EDGE('',*,*,#2317,.T.);
#3318=ORIENTED_EDGE('',*,*,#2316,.T.);
#3319=ORIENTED_EDGE('',*,*,#2274,.F.);
#3320=ORIENTED_EDGE('',*,*,#2318,.F.);
#3321=ORIENTED_EDGE('',*,*,#2319,.T.);
#3322=ORIENTED_EDGE('',*,*,#2318,.T.);
#3323=ORIENTED_EDGE('',*,*,#2273,.F.);
#3324=ORIENTED_EDGE('',*,*,#2289,.F.);
#3325=ORIENTED_EDGE('',*,*,#2253,.T.);
#3326=ORIENTED_EDGE('',*,*,#2319,.F.);
#3327=ORIENTED_EDGE('',*,*,#2288,.F.);
#3328=ORIENTED_EDGE('',*,*,#2291,.F.);
#3329=ORIENTED_EDGE('',*,*,#2293,.F.);
#3330=ORIENTED_EDGE('',*,*,#2295,.F.);
#3331=ORIENTED_EDGE('',*,*,#2297,.F.);
#3332=ORIENTED_EDGE('',*,*,#2299,.F.);
#3333=ORIENTED_EDGE('',*,*,#2301,.F.);
#3334=ORIENTED_EDGE('',*,*,#2303,.F.);
#3335=ORIENTED_EDGE('',*,*,#2305,.F.);
#3336=ORIENTED_EDGE('',*,*,#2307,.F.);
#3337=ORIENTED_EDGE('',*,*,#2309,.F.);
#3338=ORIENTED_EDGE('',*,*,#2311,.F.);
#3339=ORIENTED_EDGE('',*,*,#2313,.F.);
#3340=ORIENTED_EDGE('',*,*,#2315,.F.);
#3341=ORIENTED_EDGE('',*,*,#2317,.F.);
#3342=CYLINDRICAL_SURFACE('',#3670,1.);
#3343=CYLINDRICAL_SURFACE('',#3679,1.);
#3344=CYLINDRICAL_SURFACE('',#3693,1.);
#3345=CYLINDRICAL_SURFACE('',#3695,1.);
#3346=CYLINDRICAL_SURFACE('',#3699,2.);
#3347=CYLINDRICAL_SURFACE('',#3705,3.);
#3348=CYLINDRICAL_SURFACE('',#3707,3.);
#3349=CYLINDRICAL_SURFACE('',#3708,1.);
#3350=CYLINDRICAL_SURFACE('',#3714,1.);
#3351=CYLINDRICAL_SURFACE('',#3720,3.);
#3352=CYLINDRICAL_SURFACE('',#3723,2.);
#3353=CYLINDRICAL_SURFACE('',#3725,3.);
#3354=CYLINDRICAL_SURFACE('',#3736,3.);
#3355=CYLINDRICAL_SURFACE('',#3738,3.);
#3356=CYLINDRICAL_SURFACE('',#3749,2.);
#3357=CYLINDRICAL_SURFACE('',#3756,2.);
#3358=CYLINDRICAL_SURFACE('',#3761,2.);
#3359=CYLINDRICAL_SURFACE('',#3762,4.);
#3360=CYLINDRICAL_SURFACE('',#3765,4.);
#3361=CYLINDRICAL_SURFACE('',#3766,2.);
#3362=CYLINDRICAL_SURFACE('',#3769,2.);
#3363=CYLINDRICAL_SURFACE('',#3773,1.3);
#3364=CYLINDRICAL_SURFACE('',#3775,1.3);
#3365=CYLINDRICAL_SURFACE('',#3777,1.75);
#3366=CYLINDRICAL_SURFACE('',#3779,3.99999753448852);
#3367=CYLINDRICAL_SURFACE('',#3790,1.3);
#3368=CYLINDRICAL_SURFACE('',#3791,1.75);
#3369=CYLINDRICAL_SURFACE('',#3792,1.3);
#3370=CYLINDRICAL_SURFACE('',#3793,3.99999753448851);
#3371=CYLINDRICAL_SURFACE('',#3794,4.);
#3372=CYLINDRICAL_SURFACE('',#3795,3.99999999999999);
#3373=CYLINDRICAL_SURFACE('',#3797,2.);
#3374=CYLINDRICAL_SURFACE('',#3799,2.);
#3375=CYLINDRICAL_SURFACE('',#3802,2.);
#3376=CYLINDRICAL_SURFACE('',#3805,2.);
#3377=CYLINDRICAL_SURFACE('',#3808,3.5);
#3378=CYLINDRICAL_SURFACE('',#3810,1.6);
#3379=CYLINDRICAL_SURFACE('',#3812,1.6);
#3380=CYLINDRICAL_SURFACE('',#3814,1.6);
#3381=CYLINDRICAL_SURFACE('',#3816,1.6);
#3382=CYLINDRICAL_SURFACE('',#3818,3.5);
#3383=CYLINDRICAL_SURFACE('',#3826,4.);
#3384=CYLINDRICAL_SURFACE('',#3829,1.4);
#3385=CYLINDRICAL_SURFACE('',#3832,1.4);
#3386=CYLINDRICAL_SURFACE('',#3835,7.69376988460093);
#3387=CYLINDRICAL_SURFACE('',#3840,7.85307719884921);
#3388=CYLINDRICAL_SURFACE('',#3848,12.5334446764357);
#3389=CYLINDRICAL_SURFACE('',#3854,0.2);
#3390=CYLINDRICAL_SURFACE('',#3863,0.2);
#3391=CYLINDRICAL_SURFACE('',#3865,0.2);
#3392=CYLINDRICAL_SURFACE('',#3868,0.2);
#3393=CYLINDRICAL_SURFACE('',#3871,0.2);
#3394=CYLINDRICAL_SURFACE('',#3873,0.2);
#3395=CYLINDRICAL_SURFACE('',#3891,0.2);
#3396=CYLINDRICAL_SURFACE('',#3909,11.8011501310239);
#3397=CYLINDRICAL_SURFACE('',#3910,0.2);
#3398=CYLINDRICAL_SURFACE('',#3911,0.2);
#3399=CYLINDRICAL_SURFACE('',#3913,0.2);
#3400=CYLINDRICAL_SURFACE('',#3914,0.2);
#3401=CYLINDRICAL_SURFACE('',#3916,0.2);
#3402=CYLINDRICAL_SURFACE('',#3917,0.2);
#3403=CYLINDRICAL_SURFACE('',#3919,0.2);
#3404=CYLINDRICAL_SURFACE('',#3921,0.2);
#3405=CYLINDRICAL_SURFACE('',#3923,0.2);
#3406=CYLINDRICAL_SURFACE('',#3925,0.2);
#3407=CYLINDRICAL_SURFACE('',#3929,12.9553726052662);
#3408=CYLINDRICAL_SURFACE('',#3932,2.4544402841278);
#3409=CYLINDRICAL_SURFACE('',#3935,2.42285368709187);
#3410=CYLINDRICAL_SURFACE('',#3938,14.5334446764357);
#3411=CYLINDRICAL_SURFACE('',#3941,2.25);
#3412=CYLINDRICAL_SURFACE('',#3944,4.);
#3413=CYLINDRICAL_SURFACE('',#3951,1.);
#3414=CYLINDRICAL_SURFACE('',#3955,1.);
#3415=CYLINDRICAL_SURFACE('',#3961,2.);
#3416=CYLINDRICAL_SURFACE('',#3964,2.);
#3417=CYLINDRICAL_SURFACE('',#3969,2.);
#3418=CYLINDRICAL_SURFACE('',#3973,2.);
#3419=CYLINDRICAL_SURFACE('',#3981,2.25);
#3420=CYLINDRICAL_SURFACE('',#3982,4.);
#3421=CYLINDRICAL_SURFACE('',#3986,8.);
#3422=CYLINDRICAL_SURFACE('',#3990,1.);
#3423=CYLINDRICAL_SURFACE('',#3995,1.);
#3424=CYLINDRICAL_SURFACE('',#3998,1.75);
#3425=CYLINDRICAL_SURFACE('',#4001,2.99999999999999);
#3426=CYLINDRICAL_SURFACE('',#4004,1.5);
#3427=ADVANCED_FACE('',(#212),#3342,.F.);
#3428=ADVANCED_FACE('',(#213),#210,.T.);
#3429=ADVANCED_FACE('',(#214),#192,.T.);
#3430=ADVANCED_FACE('',(#215),#95,.T.);
#3431=ADVANCED_FACE('',(#216),#3343,.F.);
#3432=ADVANCED_FACE('',(#217),#211,.T.);
#3433=ADVANCED_FACE('',(#218,#45,#46,#47,#48,#49,#50,#51),#96,.T.);
#3434=ADVANCED_FACE('',(#219),#3344,.T.);
#3435=ADVANCED_FACE('',(#220),#3345,.T.);
#3436=ADVANCED_FACE('',(#221),#193,.T.);
#3437=ADVANCED_FACE('',(#222),#3346,.F.);
#3438=ADVANCED_FACE('',(#223),#97,.T.);
#3439=ADVANCED_FACE('',(#224,#52),#98,.T.);
#3440=ADVANCED_FACE('',(#225),#3347,.F.);
#3441=ADVANCED_FACE('',(#226),#3348,.F.);
#3442=ADVANCED_FACE('',(#227),#3349,.T.);
#3443=ADVANCED_FACE('',(#228),#194,.T.);
#3444=ADVANCED_FACE('',(#229),#3350,.T.);
#3445=ADVANCED_FACE('',(#230),#195,.T.);
#3446=ADVANCED_FACE('',(#231),#99,.T.);
#3447=ADVANCED_FACE('',(#232),#3351,.F.);
#3448=ADVANCED_FACE('',(#233),#100,.T.);
#3449=ADVANCED_FACE('',(#234),#101,.T.);
#3450=ADVANCED_FACE('',(#235),#3352,.F.);
#3451=ADVANCED_FACE('',(#236),#3353,.F.);
#3452=ADVANCED_FACE('',(#237,#53),#102,.T.);
#3453=ADVANCED_FACE('',(#238,#54),#103,.T.);
#3454=ADVANCED_FACE('',(#239,#55),#104,.T.);
#3455=ADVANCED_FACE('',(#240),#3354,.F.);
#3456=ADVANCED_FACE('',(#241),#3355,.F.);
#3457=ADVANCED_FACE('',(#242,#56),#105,.T.);
#3458=ADVANCED_FACE('',(#243),#106,.T.);
#3459=ADVANCED_FACE('',(#244,#57),#107,.T.);
#3460=ADVANCED_FACE('',(#245),#196,.F.);
#3461=ADVANCED_FACE('',(#246),#3356,.F.);
#3462=ADVANCED_FACE('',(#247),#197,.F.);
#3463=ADVANCED_FACE('',(#248),#198,.F.);
#3464=ADVANCED_FACE('',(#249),#3357,.F.);
#3465=ADVANCED_FACE('',(#250),#199,.F.);
#3466=ADVANCED_FACE('',(#251),#3358,.F.);
#3467=ADVANCED_FACE('',(#252),#3359,.T.);
#3468=ADVANCED_FACE('',(#253),#108,.T.);
#3469=ADVANCED_FACE('',(#254),#3360,.T.);
#3470=ADVANCED_FACE('',(#255),#3361,.F.);
#3471=ADVANCED_FACE('',(#256),#3362,.F.);
#3472=ADVANCED_FACE('',(#257),#109,.T.);
#3473=ADVANCED_FACE('',(#258),#3363,.F.);
#3474=ADVANCED_FACE('',(#259),#3364,.F.);
#3475=ADVANCED_FACE('',(#260),#3365,.F.);
#3476=ADVANCED_FACE('',(#261),#3366,.T.);
#3477=ADVANCED_FACE('',(#262,#58,#59,#60),#110,.F.);
#3478=ADVANCED_FACE('',(#263,#61,#62,#63),#111,.F.);
#3479=ADVANCED_FACE('',(#264),#3367,.F.);
#3480=ADVANCED_FACE('',(#265),#3368,.F.);
#3481=ADVANCED_FACE('',(#266),#3369,.F.);
#3482=ADVANCED_FACE('',(#267),#3370,.T.);
#3483=ADVANCED_FACE('',(#268),#3371,.T.);
#3484=ADVANCED_FACE('',(#269),#3372,.T.);
#3485=ADVANCED_FACE('',(#270),#112,.T.);
#3486=ADVANCED_FACE('',(#271),#3373,.F.);
#3487=ADVANCED_FACE('',(#272),#3374,.F.);
#3488=ADVANCED_FACE('',(#273),#113,.T.);
#3489=ADVANCED_FACE('',(#274),#3375,.F.);
#3490=ADVANCED_FACE('',(#275),#114,.T.);
#3491=ADVANCED_FACE('',(#276),#3376,.F.);
#3492=ADVANCED_FACE('',(#277),#115,.T.);
#3493=ADVANCED_FACE('',(#278),#3377,.F.);
#3494=ADVANCED_FACE('',(#279),#3378,.F.);
#3495=ADVANCED_FACE('',(#280),#3379,.F.);
#3496=ADVANCED_FACE('',(#281),#3380,.F.);
#3497=ADVANCED_FACE('',(#282),#3381,.F.);
#3498=ADVANCED_FACE('',(#283),#3382,.F.);
#3499=ADVANCED_FACE('',(#284),#116,.T.);
#3500=ADVANCED_FACE('',(#285),#117,.T.);
#3501=ADVANCED_FACE('',(#286),#118,.T.);
#3502=ADVANCED_FACE('',(#287),#119,.T.);
#3503=ADVANCED_FACE('',(#288,#64,#65,#66,#67,#68,#69,#70),#120,.F.);
#3504=ADVANCED_FACE('',(#289),#3383,.F.);
#3505=ADVANCED_FACE('',(#290),#3384,.F.);
#3506=ADVANCED_FACE('',(#291),#3385,.F.);
#3507=ADVANCED_FACE('',(#292),#3386,.T.);
#3508=ADVANCED_FACE('',(#293),#121,.T.);
#3509=ADVANCED_FACE('',(#294,#71),#122,.F.);
#3510=ADVANCED_FACE('',(#295),#3387,.T.);
#3511=ADVANCED_FACE('',(#296),#123,.T.);
#3512=ADVANCED_FACE('',(#297,#72),#124,.F.);
#3513=ADVANCED_FACE('',(#298),#125,.T.);
#3514=ADVANCED_FACE('',(#299,#73),#126,.T.);
#3515=ADVANCED_FACE('',(#300),#127,.T.);
#3516=ADVANCED_FACE('',(#301),#3388,.F.);
#3517=ADVANCED_FACE('',(#302,#74),#128,.T.);
#3518=ADVANCED_FACE('',(#303,#75,#76,#77),#129,.T.);
#3519=ADVANCED_FACE('',(#304),#3389,.T.);
#3520=ADVANCED_FACE('',(#305),#130,.T.);
#3521=ADVANCED_FACE('',(#306),#131,.T.);
#3522=ADVANCED_FACE('',(#307),#3390,.T.);
#3523=ADVANCED_FACE('',(#308),#3391,.T.);
#3524=ADVANCED_FACE('',(#309),#132,.T.);
#3525=ADVANCED_FACE('',(#310),#3392,.T.);
#3526=ADVANCED_FACE('',(#311),#133,.T.);
#3527=ADVANCED_FACE('',(#312),#3393,.T.);
#3528=ADVANCED_FACE('',(#313),#3394,.T.);
#3529=ADVANCED_FACE('',(#314),#134,.T.);
#3530=ADVANCED_FACE('',(#315),#135,.T.);
#3531=ADVANCED_FACE('',(#316),#3395,.F.);
#3532=ADVANCED_FACE('',(#317,#78,#79,#80),#136,.T.);
#3533=ADVANCED_FACE('',(#318),#3396,.F.);
#3534=ADVANCED_FACE('',(#319),#3397,.T.);
#3535=ADVANCED_FACE('',(#320),#3398,.T.);
#3536=ADVANCED_FACE('',(#321),#137,.T.);
#3537=ADVANCED_FACE('',(#322),#3399,.F.);
#3538=ADVANCED_FACE('',(#323),#3400,.T.);
#3539=ADVANCED_FACE('',(#324),#138,.T.);
#3540=ADVANCED_FACE('',(#325),#3401,.F.);
#3541=ADVANCED_FACE('',(#326),#3402,.T.);
#3542=ADVANCED_FACE('',(#327),#139,.T.);
#3543=ADVANCED_FACE('',(#328),#3403,.T.);
#3544=ADVANCED_FACE('',(#329),#140,.T.);
#3545=ADVANCED_FACE('',(#330),#3404,.T.);
#3546=ADVANCED_FACE('',(#331),#141,.T.);
#3547=ADVANCED_FACE('',(#332),#3405,.F.);
#3548=ADVANCED_FACE('',(#333),#142,.T.);
#3549=ADVANCED_FACE('',(#334),#3406,.T.);
#3550=ADVANCED_FACE('',(#335),#143,.T.);
#3551=ADVANCED_FACE('',(#336),#144,.T.);
#3552=ADVANCED_FACE('',(#337),#145,.T.);
#3553=ADVANCED_FACE('',(#338),#3407,.T.);
#3554=ADVANCED_FACE('',(#339),#146,.T.);
#3555=ADVANCED_FACE('',(#340),#147,.T.);
#3556=ADVANCED_FACE('',(#341),#3408,.F.);
#3557=ADVANCED_FACE('',(#342),#148,.F.);
#3558=ADVANCED_FACE('',(#343),#3409,.F.);
#3559=ADVANCED_FACE('',(#344),#149,.F.);
#3560=ADVANCED_FACE('',(#345),#3410,.T.);
#3561=ADVANCED_FACE('',(#346,#81),#150,.F.);
#3562=ADVANCED_FACE('',(#347),#3411,.F.);
#3563=ADVANCED_FACE('',(#348),#3412,.T.);
#3564=ADVANCED_FACE('',(#349),#151,.F.);
#3565=ADVANCED_FACE('',(#350),#152,.F.);
#3566=ADVANCED_FACE('',(#351,#82),#153,.F.);
#3567=ADVANCED_FACE('',(#352),#154,.F.);
#3568=ADVANCED_FACE('',(#353),#3413,.F.);
#3569=ADVANCED_FACE('',(#354),#155,.F.);
#3570=ADVANCED_FACE('',(#355),#3414,.F.);
#3571=ADVANCED_FACE('',(#356,#83),#156,.T.);
#3572=ADVANCED_FACE('',(#357),#3415,.T.);
#3573=ADVANCED_FACE('',(#358),#3416,.T.);
#3574=ADVANCED_FACE('',(#359),#157,.T.);
#3575=ADVANCED_FACE('',(#360),#158,.T.);
#3576=ADVANCED_FACE('',(#361),#3417,.T.);
#3577=ADVANCED_FACE('',(#362),#159,.T.);
#3578=ADVANCED_FACE('',(#363),#3418,.T.);
#3579=ADVANCED_FACE('',(#364,#84,#85,#86),#160,.T.);
#3580=ADVANCED_FACE('',(#365),#3419,.F.);
#3581=ADVANCED_FACE('',(#366),#3420,.T.);
#3582=ADVANCED_FACE('',(#367),#161,.T.);
#3583=ADVANCED_FACE('',(#368),#162,.T.);
#3584=ADVANCED_FACE('',(#369),#163,.T.);
#3585=ADVANCED_FACE('',(#370),#3421,.F.);
#3586=ADVANCED_FACE('',(#371,#87),#164,.F.);
#3587=ADVANCED_FACE('',(#372),#3422,.F.);
#3588=ADVANCED_FACE('',(#373,#88),#165,.F.);
#3589=ADVANCED_FACE('',(#374),#166,.F.);
#3590=ADVANCED_FACE('',(#375),#3423,.F.);
#3591=ADVANCED_FACE('',(#376),#167,.F.);
#3592=ADVANCED_FACE('',(#377),#3424,.F.);
#3593=ADVANCED_FACE('',(#378),#3425,.F.);
#3594=ADVANCED_FACE('',(#379),#3426,.F.);
#3595=ADVANCED_FACE('',(#380),#168,.T.);
#3596=ADVANCED_FACE('',(#381),#169,.T.);
#3597=ADVANCED_FACE('',(#382),#170,.T.);
#3598=ADVANCED_FACE('',(#383),#171,.T.);
#3599=ADVANCED_FACE('',(#384,#89),#172,.T.);
#3600=ADVANCED_FACE('',(#385),#173,.T.);
#3601=ADVANCED_FACE('',(#386),#174,.T.);
#3602=ADVANCED_FACE('',(#387),#175,.T.);
#3603=ADVANCED_FACE('',(#388),#176,.T.);
#3604=ADVANCED_FACE('',(#389),#177,.T.);
#3605=ADVANCED_FACE('',(#390),#178,.T.);
#3606=ADVANCED_FACE('',(#391),#179,.T.);
#3607=ADVANCED_FACE('',(#392),#180,.T.);
#3608=ADVANCED_FACE('',(#393),#181,.T.);
#3609=ADVANCED_FACE('',(#394),#182,.T.);
#3610=ADVANCED_FACE('',(#395,#90),#183,.T.);
#3611=ADVANCED_FACE('',(#396),#184,.T.);
#3612=ADVANCED_FACE('',(#397,#91),#185,.T.);
#3613=ADVANCED_FACE('',(#398,#92),#186,.T.);
#3614=ADVANCED_FACE('',(#399),#187,.T.);
#3615=ADVANCED_FACE('',(#400,#93),#188,.T.);
#3616=ADVANCED_FACE('',(#401),#189,.T.);
#3617=ADVANCED_FACE('',(#402,#94),#190,.T.);
#3618=ADVANCED_FACE('',(#403),#191,.F.);
#3619=CLOSED_SHELL('',(#3427,#3428,#3429,#3430,#3431,#3432,#3433,#3434,
#3435,#3436,#3437,#3438,#3439,#3440,#3441,#3442,#3443,#3444,#3445,#3446,
#3447,#3448,#3449,#3450,#3451,#3452,#3453,#3454,#3455,#3456,#3457,#3458,
#3459,#3460,#3461,#3462,#3463,#3464,#3465,#3466,#3467,#3468,#3469,#3470,
#3471,#3472,#3473,#3474,#3475,#3476,#3477,#3478,#3479,#3480,#3481,#3482,
#3483,#3484,#3485,#3486,#3487,#3488,#3489,#3490,#3491,#3492,#3493,#3494,
#3495,#3496,#3497,#3498,#3499,#3500,#3501,#3502,#3503));
#3620=CLOSED_SHELL('',(#3504,#3505,#3506,#3507,#3508,#3509,#3510,#3511,
#3512,#3513,#3514,#3515,#3516,#3517,#3518,#3519,#3520,#3521,#3522,#3523,
#3524,#3525,#3526,#3527,#3528,#3529,#3530,#3531,#3532,#3533,#3534,#3535,
#3536,#3537,#3538,#3539,#3540,#3541,#3542,#3543,#3544,#3545,#3546,#3547,
#3548,#3549,#3550,#3551,#3552,#3553,#3554,#3555,#3556,#3557,#3558,#3559,
#3560,#3561));
#3621=CLOSED_SHELL('',(#3562,#3563,#3564,#3565,#3566,#3567,#3568,#3569,
#3570,#3571,#3572,#3573,#3574,#3575,#3576,#3577,#3578,#3579,#3580,#3581,
#3582,#3583,#3584,#3585,#3586,#3587,#3588,#3589,#3590,#3591));
#3622=CLOSED_SHELL('',(#3592,#3593,#3594,#3595,#3596,#3597,#3598,#3599,
#3600,#3601,#3602,#3603,#3604,#3605,#3606,#3607,#3608,#3609,#3610,#3611,
#3612,#3613,#3614,#3615,#3616,#3617,#3618));
#3623=DERIVED_UNIT_ELEMENT(#3631,1.);
#3624=DERIVED_UNIT_ELEMENT(#6398,-3.);
#3625=DERIVED_UNIT_ELEMENT(#3631,1.);
#3626=DERIVED_UNIT_ELEMENT(#6398,-3.);
#3627=DERIVED_UNIT_ELEMENT(#3631,1.);
#3628=DERIVED_UNIT_ELEMENT(#6398,-3.);
#3629=DERIVED_UNIT_ELEMENT(#3631,1.);
#3630=DERIVED_UNIT_ELEMENT(#6398,-3.);
#3631=(
MASS_UNIT()
NAMED_UNIT(*)
SI_UNIT(.KILO.,.GRAM.)
);
#3632=DERIVED_UNIT((#3623,#3624));
#3633=DERIVED_UNIT((#3625,#3626));
#3634=DERIVED_UNIT((#3627,#3628));
#3635=DERIVED_UNIT((#3629,#3630));
#3636=MEASURE_REPRESENTATION_ITEM('density measure',
POSITIVE_RATIO_MEASURE(7850.),#3632);
#3637=MEASURE_REPRESENTATION_ITEM('density measure',
POSITIVE_RATIO_MEASURE(7850.),#3633);
#3638=MEASURE_REPRESENTATION_ITEM('density measure',
POSITIVE_RATIO_MEASURE(7850.),#3634);
#3639=MEASURE_REPRESENTATION_ITEM('density measure',
POSITIVE_RATIO_MEASURE(7850.),#3635);
#3640=PROPERTY_DEFINITION_REPRESENTATION(#3660,#3648);
#3641=PROPERTY_DEFINITION_REPRESENTATION(#3661,#3649);
#3642=PROPERTY_DEFINITION_REPRESENTATION(#3662,#3650);
#3643=PROPERTY_DEFINITION_REPRESENTATION(#3663,#3651);
#3644=PROPERTY_DEFINITION_REPRESENTATION(#3664,#3652);
#3645=PROPERTY_DEFINITION_REPRESENTATION(#3665,#3653);
#3646=PROPERTY_DEFINITION_REPRESENTATION(#3666,#3654);
#3647=PROPERTY_DEFINITION_REPRESENTATION(#3667,#3655);
#3648=REPRESENTATION('material name',(#3656),#6392);
#3649=REPRESENTATION('density',(#3636),#6392);
#3650=REPRESENTATION('material name',(#3657),#6393);
#3651=REPRESENTATION('density',(#3637),#6393);
#3652=REPRESENTATION('material name',(#3658),#6394);
#3653=REPRESENTATION('density',(#3638),#6394);
#3654=REPRESENTATION('material name',(#3659),#6395);
#3655=REPRESENTATION('density',(#3639),#6395);
#3656=DESCRIPTIVE_REPRESENTATION_ITEM('Steel','Steel');
#3657=DESCRIPTIVE_REPRESENTATION_ITEM('Steel','Steel');
#3658=DESCRIPTIVE_REPRESENTATION_ITEM('Steel','Steel');
#3659=DESCRIPTIVE_REPRESENTATION_ITEM('Steel','Steel');
#3660=PROPERTY_DEFINITION('material property','material name',#6422);
#3661=PROPERTY_DEFINITION('material property','density of part',#6422);
#3662=PROPERTY_DEFINITION('material property','material name',#6423);
#3663=PROPERTY_DEFINITION('material property','density of part',#6423);
#3664=PROPERTY_DEFINITION('material property','material name',#6424);
#3665=PROPERTY_DEFINITION('material property','density of part',#6424);
#3666=PROPERTY_DEFINITION('material property','material name',#6425);
#3667=PROPERTY_DEFINITION('material property','density of part',#6425);
#3668=AXIS2_PLACEMENT_3D('',#5102,#4035,#4036);
#3669=AXIS2_PLACEMENT_3D('',#5103,#4037,#4038);
#3670=AXIS2_PLACEMENT_3D('',#5104,#4039,#4040);
#3671=AXIS2_PLACEMENT_3D('',#5107,#4041,#4042);
#3672=AXIS2_PLACEMENT_3D('',#5111,#4044,#4045);
#3673=AXIS2_PLACEMENT_3D('',#5198,#4047,#4048);
#3674=AXIS2_PLACEMENT_3D('',#5200,#4049,#4050);
#3675=AXIS2_PLACEMENT_3D('',#5202,#4051,#4052);
#3676=AXIS2_PLACEMENT_3D('',#5203,#4053,#4054);
#3677=AXIS2_PLACEMENT_3D('',#5204,#4055,#4056);
#3678=AXIS2_PLACEMENT_3D('',#5216,#4062,#4063);
#3679=AXIS2_PLACEMENT_3D('',#5220,#4066,#4067);
#3680=AXIS2_PLACEMENT_3D('',#5223,#4068,#4069);
#3681=AXIS2_PLACEMENT_3D('',#5227,#4071,#4072);
#3682=AXIS2_PLACEMENT_3D('',#5314,#4074,#4075);
#3683=AXIS2_PLACEMENT_3D('',#5326,#4081,#4082);
#3684=AXIS2_PLACEMENT_3D('',#5330,#4084,#4085);
#3685=AXIS2_PLACEMENT_3D('',#5334,#4087,#4088);
#3686=AXIS2_PLACEMENT_3D('',#5338,#4090,#4091);
#3687=AXIS2_PLACEMENT_3D('',#5342,#4094,#4095);
#3688=AXIS2_PLACEMENT_3D('',#5344,#4096,#4097);
#3689=AXIS2_PLACEMENT_3D('',#5346,#4098,#4099);
#3690=AXIS2_PLACEMENT_3D('',#5348,#4100,#4101);
#3691=AXIS2_PLACEMENT_3D('',#5350,#4102,#4103);
#3692=AXIS2_PLACEMENT_3D('',#5352,#4104,#4105);
#3693=AXIS2_PLACEMENT_3D('',#5353,#4106,#4107);
#3694=AXIS2_PLACEMENT_3D('',#5356,#4109,#4110);
#3695=AXIS2_PLACEMENT_3D('',#5357,#4111,#4112);
#3696=AXIS2_PLACEMENT_3D('',#5359,#4113,#4114);
#3697=AXIS2_PLACEMENT_3D('',#5361,#4116,#4117);
#3698=AXIS2_PLACEMENT_3D('',#5379,#4118,#4119);
#3699=AXIS2_PLACEMENT_3D('',#5380,#4120,#4121);
#3700=AXIS2_PLACEMENT_3D('',#5383,#4123,#4124);
#3701=AXIS2_PLACEMENT_3D('',#5384,#4125,#4126);
#3702=AXIS2_PLACEMENT_3D('',#5390,#4130,#4131);
#3703=AXIS2_PLACEMENT_3D('',#5395,#4134,#4135);
#3704=AXIS2_PLACEMENT_3D('',#5397,#4136,#4137);
#3705=AXIS2_PLACEMENT_3D('',#5398,#4138,#4139);
#3706=AXIS2_PLACEMENT_3D('',#5410,#4141,#4142);
#3707=AXIS2_PLACEMENT_3D('',#5411,#4143,#4144);
#3708=AXIS2_PLACEMENT_3D('',#5430,#4146,#4147);
#3709=AXIS2_PLACEMENT_3D('',#5435,#4149,#4150);
#3710=AXIS2_PLACEMENT_3D('',#5438,#4152,#4153);
#3711=AXIS2_PLACEMENT_3D('',#5439,#4154,#4155);
#3712=AXIS2_PLACEMENT_3D('',#5440,#4156,#4157);
#3713=AXIS2_PLACEMENT_3D('',#5441,#4158,#4159);
#3714=AXIS2_PLACEMENT_3D('',#5442,#4160,#4161);
#3715=AXIS2_PLACEMENT_3D('',#5446,#4163,#4164);
#3716=AXIS2_PLACEMENT_3D('',#5448,#4166,#4167);
#3717=AXIS2_PLACEMENT_3D('',#5469,#4168,#4169);
#3718=AXIS2_PLACEMENT_3D('',#5470,#4170,#4171);
#3719=AXIS2_PLACEMENT_3D('',#5471,#4172,#4173);
#3720=AXIS2_PLACEMENT_3D('',#5481,#4179,#4180);
#3721=AXIS2_PLACEMENT_3D('',#5511,#4182,#4183);
#3722=AXIS2_PLACEMENT_3D('',#5521,#4189,#4190);
#3723=AXIS2_PLACEMENT_3D('',#5529,#4195,#4196);
#3724=AXIS2_PLACEMENT_3D('',#5530,#4197,#4198);
#3725=AXIS2_PLACEMENT_3D('',#5531,#4199,#4200);
#3726=AXIS2_PLACEMENT_3D('',#5535,#4202,#4203);
#3727=AXIS2_PLACEMENT_3D('',#5537,#4205,#4206);
#3728=AXIS2_PLACEMENT_3D('',#5543,#4209,#4210);
#3729=AXIS2_PLACEMENT_3D('',#5546,#4212,#4213);
#3730=AXIS2_PLACEMENT_3D('',#5547,#4214,#4215);
#3731=AXIS2_PLACEMENT_3D('',#5553,#4218,#4219);
#3732=AXIS2_PLACEMENT_3D('',#5558,#4222,#4223);
#3733=AXIS2_PLACEMENT_3D('',#5559,#4224,#4225);
#3734=AXIS2_PLACEMENT_3D('',#5561,#4226,#4227);
#3735=AXIS2_PLACEMENT_3D('',#5566,#4230,#4231);
#3736=AXIS2_PLACEMENT_3D('',#5567,#4232,#4233);
#3737=AXIS2_PLACEMENT_3D('',#5569,#4234,#4235);
#3738=AXIS2_PLACEMENT_3D('',#5571,#4237,#4238);
#3739=AXIS2_PLACEMENT_3D('',#5573,#4239,#4240);
#3740=AXIS2_PLACEMENT_3D('',#5575,#4242,#4243);
#3741=AXIS2_PLACEMENT_3D('',#5578,#4245,#4246);
#3742=AXIS2_PLACEMENT_3D('',#5579,#4247,#4248);
#3743=AXIS2_PLACEMENT_3D('',#5587,#4253,#4254);
#3744=AXIS2_PLACEMENT_3D('',#5590,#4256,#4257);
#3745=AXIS2_PLACEMENT_3D('',#5591,#4258,#4259);
#3746=AXIS2_PLACEMENT_3D('',#5593,#4260,#4261);
#3747=AXIS2_PLACEMENT_3D('',#5595,#4262,#4263);
#3748=AXIS2_PLACEMENT_3D('',#5596,#4264,#4265);
#3749=AXIS2_PLACEMENT_3D('',#5597,#4266,#4267);
#3750=AXIS2_PLACEMENT_3D('',#5599,#4268,#4269);
#3751=AXIS2_PLACEMENT_3D('',#5601,#4271,#4272);
#3752=AXIS2_PLACEMENT_3D('',#5602,#4273,#4274);
#3753=AXIS2_PLACEMENT_3D('',#5603,#4275,#4276);
#3754=AXIS2_PLACEMENT_3D('',#5604,#4277,#4278);
#3755=AXIS2_PLACEMENT_3D('',#5605,#4279,#4280);
#3756=AXIS2_PLACEMENT_3D('',#5606,#4281,#4282);
#3757=AXIS2_PLACEMENT_3D('',#5607,#4283,#4284);
#3758=AXIS2_PLACEMENT_3D('',#5608,#4285,#4286);
#3759=AXIS2_PLACEMENT_3D('',#5610,#4287,#4288);
#3760=AXIS2_PLACEMENT_3D('',#5611,#4289,#4290);
#3761=AXIS2_PLACEMENT_3D('',#5612,#4291,#4292);
#3762=AXIS2_PLACEMENT_3D('',#5614,#4294,#4295);
#3763=AXIS2_PLACEMENT_3D('',#5617,#4297,#4298);
#3764=AXIS2_PLACEMENT_3D('',#5618,#4299,#4300);
#3765=AXIS2_PLACEMENT_3D('',#5621,#4303,#4304);
#3766=AXIS2_PLACEMENT_3D('',#5623,#4306,#4307);
#3767=AXIS2_PLACEMENT_3D('',#5625,#4308,#4309);
#3768=AXIS2_PLACEMENT_3D('',#5627,#4310,#4311);
#3769=AXIS2_PLACEMENT_3D('',#5629,#4313,#4314);
#3770=AXIS2_PLACEMENT_3D('',#5631,#4315,#4316);
#3771=AXIS2_PLACEMENT_3D('',#5634,#4318,#4319);
#3772=AXIS2_PLACEMENT_3D('',#5635,#4320,#4321);
#3773=AXIS2_PLACEMENT_3D('',#5638,#4324,#4325);
#3774=AXIS2_PLACEMENT_3D('',#5641,#4327,#4328);
#3775=AXIS2_PLACEMENT_3D('',#5642,#4329,#4330);
#3776=AXIS2_PLACEMENT_3D('',#5645,#4332,#4333);
#3777=AXIS2_PLACEMENT_3D('',#5646,#4334,#4335);
#3778=AXIS2_PLACEMENT_3D('',#5649,#4337,#4338);
#3779=AXIS2_PLACEMENT_3D('',#5650,#4339,#4340);
#3780=AXIS2_PLACEMENT_3D('',#5651,#4341,#4342);
#3781=AXIS2_PLACEMENT_3D('',#5652,#4343,#4344);
#3782=AXIS2_PLACEMENT_3D('',#5657,#4346,#4347);
#3783=AXIS2_PLACEMENT_3D('',#5659,#4349,#4350);
#3784=AXIS2_PLACEMENT_3D('',#5660,#4351,#4352);
#3785=AXIS2_PLACEMENT_3D('',#5664,#4354,#4355);
#3786=AXIS2_PLACEMENT_3D('',#5667,#4357,#4358);
#3787=AXIS2_PLACEMENT_3D('',#5669,#4359,#4360);
#3788=AXIS2_PLACEMENT_3D('',#5671,#4361,#4362);
#3789=AXIS2_PLACEMENT_3D('',#5673,#4363,#4364);
#3790=AXIS2_PLACEMENT_3D('',#5674,#4365,#4366);
#3791=AXIS2_PLACEMENT_3D('',#5676,#4368,#4369);
#3792=AXIS2_PLACEMENT_3D('',#5678,#4371,#4372);
#3793=AXIS2_PLACEMENT_3D('',#5680,#4374,#4375);
#3794=AXIS2_PLACEMENT_3D('',#5681,#4376,#4377);
#3795=AXIS2_PLACEMENT_3D('',#5682,#4378,#4379);
#3796=AXIS2_PLACEMENT_3D('',#5684,#4381,#4382);
#3797=AXIS2_PLACEMENT_3D('',#5685,#4383,#4384);
#3798=AXIS2_PLACEMENT_3D('',#5687,#4385,#4386);
#3799=AXIS2_PLACEMENT_3D('',#5689,#4388,#4389);
#3800=AXIS2_PLACEMENT_3D('',#5691,#4390,#4391);
#3801=AXIS2_PLACEMENT_3D('',#5693,#4393,#4394);
#3802=AXIS2_PLACEMENT_3D('',#5697,#4397,#4398);
#3803=AXIS2_PLACEMENT_3D('',#5699,#4399,#4400);
#3804=AXIS2_PLACEMENT_3D('',#5701,#4402,#4403);
#3805=AXIS2_PLACEMENT_3D('',#5705,#4406,#4407);
#3806=AXIS2_PLACEMENT_3D('',#5707,#4408,#4409);
#3807=AXIS2_PLACEMENT_3D('',#5709,#4411,#4412);
#3808=AXIS2_PLACEMENT_3D('',#5711,#4414,#4415);
#3809=AXIS2_PLACEMENT_3D('',#5714,#4417,#4418);
#3810=AXIS2_PLACEMENT_3D('',#5715,#4419,#4420);
#3811=AXIS2_PLACEMENT_3D('',#5718,#4422,#4423);
#3812=AXIS2_PLACEMENT_3D('',#5719,#4424,#4425);
#3813=AXIS2_PLACEMENT_3D('',#5722,#4427,#4428);
#3814=AXIS2_PLACEMENT_3D('',#5723,#4429,#4430);
#3815=AXIS2_PLACEMENT_3D('',#5726,#4432,#4433);
#3816=AXIS2_PLACEMENT_3D('',#5727,#4434,#4435);
#3817=AXIS2_PLACEMENT_3D('',#5730,#4437,#4438);
#3818=AXIS2_PLACEMENT_3D('',#5731,#4439,#4440);
#3819=AXIS2_PLACEMENT_3D('',#5734,#4442,#4443);
#3820=AXIS2_PLACEMENT_3D('',#5735,#4444,#4445);
#3821=AXIS2_PLACEMENT_3D('',#5741,#4449,#4450);
#3822=AXIS2_PLACEMENT_3D('',#5745,#4453,#4454);
#3823=AXIS2_PLACEMENT_3D('',#5749,#4457,#4458);
#3824=AXIS2_PLACEMENT_3D('',#5751,#4460,#4461);
#3825=AXIS2_PLACEMENT_3D('',#5752,#4462,#4463);
#3826=AXIS2_PLACEMENT_3D('',#5753,#4464,#4465);
#3827=AXIS2_PLACEMENT_3D('',#5755,#4466,#4467);
#3828=AXIS2_PLACEMENT_3D('',#5758,#4469,#4470);
#3829=AXIS2_PLACEMENT_3D('',#5759,#4471,#4472);
#3830=AXIS2_PLACEMENT_3D('',#5761,#4473,#4474);
#3831=AXIS2_PLACEMENT_3D('',#5764,#4476,#4477);
#3832=AXIS2_PLACEMENT_3D('',#5765,#4478,#4479);
#3833=AXIS2_PLACEMENT_3D('',#5767,#4480,#4481);
#3834=AXIS2_PLACEMENT_3D('',#5770,#4483,#4484);
#3835=AXIS2_PLACEMENT_3D('',#5771,#4485,#4486);
#3836=AXIS2_PLACEMENT_3D('',#5774,#4487,#4488);
#3837=AXIS2_PLACEMENT_3D('',#5778,#4490,#4491);
#3838=AXIS2_PLACEMENT_3D('',#5780,#4493,#4494);
#3839=AXIS2_PLACEMENT_3D('',#5786,#4498,#4499);
#3840=AXIS2_PLACEMENT_3D('',#5788,#4501,#4502);
#3841=AXIS2_PLACEMENT_3D('',#5791,#4503,#4504);
#3842=AXIS2_PLACEMENT_3D('',#5795,#4506,#4507);
#3843=AXIS2_PLACEMENT_3D('',#5797,#4509,#4510);
#3844=AXIS2_PLACEMENT_3D('',#5800,#4513,#4514);
#3845=AXIS2_PLACEMENT_3D('',#5802,#4516,#4517);
#3846=AXIS2_PLACEMENT_3D('',#5810,#4522,#4523);
#3847=AXIS2_PLACEMENT_3D('',#5816,#4527,#4528);
#3848=AXIS2_PLACEMENT_3D('',#5825,#4533,#4534);
#3849=AXIS2_PLACEMENT_3D('',#5827,#4535,#4536);
#3850=AXIS2_PLACEMENT_3D('',#5829,#4537,#4538);
#3851=AXIS2_PLACEMENT_3D('',#5831,#4540,#4541);
#3852=AXIS2_PLACEMENT_3D('',#5834,#4544,#4545);
#3853=AXIS2_PLACEMENT_3D('',#5835,#4546,#4547);
#3854=AXIS2_PLACEMENT_3D('',#5836,#4548,#4549);
#3855=AXIS2_PLACEMENT_3D('',#5839,#4550,#4551);
#3856=AXIS2_PLACEMENT_3D('',#5843,#4553,#4554);
#3857=AXIS2_PLACEMENT_3D('',#5845,#4556,#4557);
#3858=AXIS2_PLACEMENT_3D('',#5849,#4559,#4560);
#3859=AXIS2_PLACEMENT_3D('',#5853,#4562,#4563);
#3860=AXIS2_PLACEMENT_3D('',#5857,#4565,#4566);
#3861=AXIS2_PLACEMENT_3D('',#5861,#4568,#4569);
#3862=AXIS2_PLACEMENT_3D('',#5863,#4571,#4572);
#3863=AXIS2_PLACEMENT_3D('',#5867,#4575,#4576);
#3864=AXIS2_PLACEMENT_3D('',#5869,#4577,#4578);
#3865=AXIS2_PLACEMENT_3D('',#5871,#4580,#4581);
#3866=AXIS2_PLACEMENT_3D('',#5875,#4583,#4584);
#3867=AXIS2_PLACEMENT_3D('',#5877,#4586,#4587);
#3868=AXIS2_PLACEMENT_3D('',#5881,#4590,#4591);
#3869=AXIS2_PLACEMENT_3D('',#5884,#4593,#4594);
#3870=AXIS2_PLACEMENT_3D('',#5885,#4595,#4596);
#3871=AXIS2_PLACEMENT_3D('',#5889,#4599,#4600);
#3872=AXIS2_PLACEMENT_3D('',#5892,#4602,#4603);
#3873=AXIS2_PLACEMENT_3D('',#5893,#4604,#4605);
#3874=AXIS2_PLACEMENT_3D('',#5896,#4606,#4607);
#3875=AXIS2_PLACEMENT_3D('',#5900,#4609,#4610);
#3876=AXIS2_PLACEMENT_3D('',#5902,#4612,#4613);
#3877=AXIS2_PLACEMENT_3D('',#5906,#4615,#4616);
#3878=AXIS2_PLACEMENT_3D('',#5910,#4618,#4619);
#3879=AXIS2_PLACEMENT_3D('',#5914,#4621,#4622);
#3880=AXIS2_PLACEMENT_3D('',#5918,#4624,#4625);
#3881=AXIS2_PLACEMENT_3D('',#5920,#4626,#4627);
#3882=AXIS2_PLACEMENT_3D('',#5922,#4628,#4629);
#3883=AXIS2_PLACEMENT_3D('',#5926,#4631,#4632);
#3884=AXIS2_PLACEMENT_3D('',#5930,#4634,#4635);
#3885=AXIS2_PLACEMENT_3D('',#5934,#4637,#4638);
#3886=AXIS2_PLACEMENT_3D('',#5938,#4640,#4641);
#3887=AXIS2_PLACEMENT_3D('',#5942,#4643,#4644);
#3888=AXIS2_PLACEMENT_3D('',#5944,#4645,#4646);
#3889=AXIS2_PLACEMENT_3D('',#5946,#4647,#4648);
#3890=AXIS2_PLACEMENT_3D('',#5948,#4650,#4651);
#3891=AXIS2_PLACEMENT_3D('',#5952,#4654,#4655);
#3892=AXIS2_PLACEMENT_3D('',#5955,#4656,#4657);
#3893=AXIS2_PLACEMENT_3D('',#5958,#4660,#4661);
#3894=AXIS2_PLACEMENT_3D('',#5959,#4662,#4663);
#3895=AXIS2_PLACEMENT_3D('',#5964,#4666,#4667);
#3896=AXIS2_PLACEMENT_3D('',#5968,#4669,#4670);
#3897=AXIS2_PLACEMENT_3D('',#5971,#4672,#4673);
#3898=AXIS2_PLACEMENT_3D('',#5973,#4674,#4675);
#3899=AXIS2_PLACEMENT_3D('',#5977,#4677,#4678);
#3900=AXIS2_PLACEMENT_3D('',#5981,#4680,#4681);
#3901=AXIS2_PLACEMENT_3D('',#5985,#4683,#4684);
#3902=AXIS2_PLACEMENT_3D('',#5989,#4686,#4687);
#3903=AXIS2_PLACEMENT_3D('',#5993,#4689,#4690);
#3904=AXIS2_PLACEMENT_3D('',#5995,#4691,#4692);
#3905=AXIS2_PLACEMENT_3D('',#5997,#4693,#4694);
#3906=AXIS2_PLACEMENT_3D('',#6001,#4696,#4697);
#3907=AXIS2_PLACEMENT_3D('',#6005,#4699,#4700);
#3908=AXIS2_PLACEMENT_3D('',#6008,#4702,#4703);
#3909=AXIS2_PLACEMENT_3D('',#6010,#4705,#4706);
#3910=AXIS2_PLACEMENT_3D('',#6012,#4708,#4709);
#3911=AXIS2_PLACEMENT_3D('',#6014,#4711,#4712);
#3912=AXIS2_PLACEMENT_3D('',#6017,#4715,#4716);
#3913=AXIS2_PLACEMENT_3D('',#6019,#4718,#4719);
#3914=AXIS2_PLACEMENT_3D('',#6021,#4721,#4722);
#3915=AXIS2_PLACEMENT_3D('',#6024,#4725,#4726);
#3916=AXIS2_PLACEMENT_3D('',#6025,#4727,#4728);
#3917=AXIS2_PLACEMENT_3D('',#6027,#4730,#4731);
#3918=AXIS2_PLACEMENT_3D('',#6030,#4734,#4735);
#3919=AXIS2_PLACEMENT_3D('',#6032,#4737,#4738);
#3920=AXIS2_PLACEMENT_3D('',#6034,#4740,#4741);
#3921=AXIS2_PLACEMENT_3D('',#6036,#4743,#4744);
#3922=AXIS2_PLACEMENT_3D('',#6038,#4746,#4747);
#3923=AXIS2_PLACEMENT_3D('',#6040,#4749,#4750);
#3924=AXIS2_PLACEMENT_3D('',#6042,#4752,#4753);
#3925=AXIS2_PLACEMENT_3D('',#6044,#4755,#4756);
#3926=AXIS2_PLACEMENT_3D('',#6046,#4758,#4759);
#3927=AXIS2_PLACEMENT_3D('',#6047,#4760,#4761);
#3928=AXIS2_PLACEMENT_3D('',#6048,#4762,#4763);
#3929=AXIS2_PLACEMENT_3D('',#6049,#4764,#4765);
#3930=AXIS2_PLACEMENT_3D('',#6050,#4766,#4767);
#3931=AXIS2_PLACEMENT_3D('',#6051,#4768,#4769);
#3932=AXIS2_PLACEMENT_3D('',#6052,#4770,#4771);
#3933=AXIS2_PLACEMENT_3D('',#6055,#4772,#4773);
#3934=AXIS2_PLACEMENT_3D('',#6058,#4776,#4777);
#3935=AXIS2_PLACEMENT_3D('',#6062,#4780,#4781);
#3936=AXIS2_PLACEMENT_3D('',#6064,#4782,#4783);
#3937=AXIS2_PLACEMENT_3D('',#6066,#4785,#4786);
#3938=AXIS2_PLACEMENT_3D('',#6068,#4788,#4789);
#3939=AXIS2_PLACEMENT_3D('',#6069,#4790,#4791);
#3940=AXIS2_PLACEMENT_3D('',#6070,#4792,#4793);
#3941=AXIS2_PLACEMENT_3D('',#6071,#4794,#4795);
#3942=AXIS2_PLACEMENT_3D('',#6073,#4796,#4797);
#3943=AXIS2_PLACEMENT_3D('',#6076,#4799,#4800);
#3944=AXIS2_PLACEMENT_3D('',#6077,#4801,#4802);
#3945=AXIS2_PLACEMENT_3D('',#6080,#4803,#4804);
#3946=AXIS2_PLACEMENT_3D('',#6084,#4806,#4807);
#3947=AXIS2_PLACEMENT_3D('',#6086,#4809,#4810);
#3948=AXIS2_PLACEMENT_3D('',#6092,#4814,#4815);
#3949=AXIS2_PLACEMENT_3D('',#6098,#4819,#4820);
#3950=AXIS2_PLACEMENT_3D('',#6100,#4822,#4823);
#3951=AXIS2_PLACEMENT_3D('',#6109,#4828,#4829);
#3952=AXIS2_PLACEMENT_3D('',#6113,#4831,#4832);
#3953=AXIS2_PLACEMENT_3D('',#6114,#4833,#4834);
#3954=AXIS2_PLACEMENT_3D('',#6115,#4835,#4836);
#3955=AXIS2_PLACEMENT_3D('',#6121,#4840,#4841);
#3956=AXIS2_PLACEMENT_3D('',#6125,#4843,#4844);
#3957=AXIS2_PLACEMENT_3D('',#6126,#4845,#4846);
#3958=AXIS2_PLACEMENT_3D('',#6127,#4847,#4848);
#3959=AXIS2_PLACEMENT_3D('',#6132,#4850,#4851);
#3960=AXIS2_PLACEMENT_3D('',#6137,#4854,#4855);
#3961=AXIS2_PLACEMENT_3D('',#6138,#4856,#4857);
#3962=AXIS2_PLACEMENT_3D('',#6143,#4859,#4860);
#3963=AXIS2_PLACEMENT_3D('',#6147,#4863,#4864);
#3964=AXIS2_PLACEMENT_3D('',#6148,#4865,#4866);
#3965=AXIS2_PLACEMENT_3D('',#6153,#4868,#4869);
#3966=AXIS2_PLACEMENT_3D('',#6157,#4872,#4873);
#3967=AXIS2_PLACEMENT_3D('',#6158,#4874,#4875);
#3968=AXIS2_PLACEMENT_3D('',#6164,#4879,#4880);
#3969=AXIS2_PLACEMENT_3D('',#6170,#4884,#4885);
#3970=AXIS2_PLACEMENT_3D('',#6171,#4886,#4887);
#3971=AXIS2_PLACEMENT_3D('',#6174,#4889,#4890);
#3972=AXIS2_PLACEMENT_3D('',#6175,#4891,#4892);
#3973=AXIS2_PLACEMENT_3D('',#6179,#4895,#4896);
#3974=AXIS2_PLACEMENT_3D('',#6180,#4897,#4898);
#3975=AXIS2_PLACEMENT_3D('',#6181,#4899,#4900);
#3976=AXIS2_PLACEMENT_3D('',#6182,#4901,#4902);
#3977=AXIS2_PLACEMENT_3D('',#6186,#4904,#4905);
#3978=AXIS2_PLACEMENT_3D('',#6191,#4908,#4909);
#3979=AXIS2_PLACEMENT_3D('',#6194,#4911,#4912);
#3980=AXIS2_PLACEMENT_3D('',#6196,#4913,#4914);
#3981=AXIS2_PLACEMENT_3D('',#6197,#4915,#4916);
#3982=AXIS2_PLACEMENT_3D('',#6199,#4918,#4919);
#3983=AXIS2_PLACEMENT_3D('',#6202,#4922,#4923);
#3984=AXIS2_PLACEMENT_3D('',#6203,#4924,#4925);
#3985=AXIS2_PLACEMENT_3D('',#6204,#4926,#4927);
#3986=AXIS2_PLACEMENT_3D('',#6206,#4929,#4930);
#3987=AXIS2_PLACEMENT_3D('',#6208,#4931,#4932);
#3988=AXIS2_PLACEMENT_3D('',#6211,#4934,#4935);
#3989=AXIS2_PLACEMENT_3D('',#6212,#4936,#4937);
#3990=AXIS2_PLACEMENT_3D('',#6213,#4938,#4939);
#3991=AXIS2_PLACEMENT_3D('',#6216,#4941,#4942);
#3992=AXIS2_PLACEMENT_3D('',#6217,#4943,#4944);
#3993=AXIS2_PLACEMENT_3D('',#6221,#4946,#4947);
#3994=AXIS2_PLACEMENT_3D('',#6223,#4949,#4950);
#3995=AXIS2_PLACEMENT_3D('',#6225,#4952,#4953);
#3996=AXIS2_PLACEMENT_3D('',#6227,#4955,#4956);
#3997=AXIS2_PLACEMENT_3D('',#6228,#4957,#4958);
#3998=AXIS2_PLACEMENT_3D('',#6229,#4959,#4960);
#3999=AXIS2_PLACEMENT_3D('',#6231,#4961,#4962);
#4000=AXIS2_PLACEMENT_3D('',#6234,#4964,#4965);
#4001=AXIS2_PLACEMENT_3D('',#6235,#4966,#4967);
#4002=AXIS2_PLACEMENT_3D('',#6237,#4968,#4969);
#4003=AXIS2_PLACEMENT_3D('',#6240,#4971,#4972);
#4004=AXIS2_PLACEMENT_3D('',#6241,#4973,#4974);
#4005=AXIS2_PLACEMENT_3D('',#6243,#4975,#4976);
#4006=AXIS2_PLACEMENT_3D('',#6246,#4978,#4979);
#4007=AXIS2_PLACEMENT_3D('',#6247,#4980,#4981);
#4008=AXIS2_PLACEMENT_3D('',#6256,#4986,#4987);
#4009=AXIS2_PLACEMENT_3D('',#6262,#4991,#4992);
#4010=AXIS2_PLACEMENT_3D('',#6271,#4997,#4998);
#4011=AXIS2_PLACEMENT_3D('',#6277,#5002,#5003);
#4012=AXIS2_PLACEMENT_3D('',#6286,#5008,#5009);
#4013=AXIS2_PLACEMENT_3D('',#6304,#5019,#5020);
#4014=AXIS2_PLACEMENT_3D('',#6316,#5028,#5029);
#4015=AXIS2_PLACEMENT_3D('',#6322,#5033,#5034);
#4016=AXIS2_PLACEMENT_3D('',#6326,#5037,#5038);
#4017=AXIS2_PLACEMENT_3D('',#6330,#5041,#5042);
#4018=AXIS2_PLACEMENT_3D('',#6334,#5045,#5046);
#4019=AXIS2_PLACEMENT_3D('',#6338,#5049,#5050);
#4020=AXIS2_PLACEMENT_3D('',#6342,#5053,#5054);
#4021=AXIS2_PLACEMENT_3D('',#6346,#5057,#5058);
#4022=AXIS2_PLACEMENT_3D('',#6350,#5061,#5062);
#4023=AXIS2_PLACEMENT_3D('',#6354,#5065,#5066);
#4024=AXIS2_PLACEMENT_3D('',#6358,#5069,#5070);
#4025=AXIS2_PLACEMENT_3D('',#6362,#5073,#5074);
#4026=AXIS2_PLACEMENT_3D('',#6366,#5077,#5078);
#4027=AXIS2_PLACEMENT_3D('',#6370,#5081,#5082);
#4028=AXIS2_PLACEMENT_3D('',#6374,#5085,#5086);
#4029=AXIS2_PLACEMENT_3D('',#6378,#5089,#5090);
#4030=AXIS2_PLACEMENT_3D('',#6380,#5092,#5093);
#4031=AXIS2_PLACEMENT_3D('',#6381,#5094,#5095);
#4032=AXIS2_PLACEMENT_3D('',#6382,#5096,#5097);
#4033=AXIS2_PLACEMENT_3D('',#6383,#5098,#5099);
#4034=AXIS2_PLACEMENT_3D('',#6384,#5100,#5101);
#4035=DIRECTION('axis',(0.,0.,1.));
#4036=DIRECTION('refdir',(1.,0.,0.));
#4037=DIRECTION('axis',(0.,0.,1.));
#4038=DIRECTION('refdir',(1.,0.,0.));
#4039=DIRECTION('center_axis',(0.,-1.,0.));
#4040=DIRECTION('ref_axis',(-0.707106781186548,0.,-0.707106781186548));
#4041=DIRECTION('center_axis',(0.,-1.,0.));
#4042=DIRECTION('ref_axis',(-1.,0.,0.));
#4043=DIRECTION('',(0.,1.,0.));
#4044=DIRECTION('center_axis',(-7.32820478300433E-17,1.,0.));
#4045=DIRECTION('ref_axis',(-0.707106781186548,0.,-0.707106781186548));
#4046=DIRECTION('',(0.,-1.,0.));
#4047=DIRECTION('center_axis',(1.,0.,0.));
#4048=DIRECTION('ref_axis',(0.,0.,-1.));
#4049=DIRECTION('center_axis',(1.,0.,0.));
#4050=DIRECTION('ref_axis',(0.,0.707106781186548,-0.707106781186547));
#4051=DIRECTION('center_axis',(0.,0.,-1.));
#4052=DIRECTION('ref_axis',(1.,0.,0.));
#4053=DIRECTION('center_axis',(-1.,0.,0.));
#4054=DIRECTION('ref_axis',(0.,0.707106781186548,-0.707106781186547));
#4055=DIRECTION('center_axis',(1.,0.,0.));
#4056=DIRECTION('ref_axis',(0.,1.,0.));
#4057=DIRECTION('',(0.,0.,-1.));
#4058=DIRECTION('',(0.,-1.,0.));
#4059=DIRECTION('',(0.,0.,1.));
#4060=DIRECTION('',(0.,1.,0.));
#4061=DIRECTION('',(0.,1.,0.));
#4062=DIRECTION('center_axis',(1.,0.,0.));
#4063=DIRECTION('ref_axis',(0.,0.,1.));
#4064=DIRECTION('',(0.,1.,0.));
#4065=DIRECTION('',(0.,0.,1.));
#4066=DIRECTION('center_axis',(-4.22942104619107E-16,-1.,0.));
#4067=DIRECTION('ref_axis',(0.707106781186552,0.,-0.707106781186543));
#4068=DIRECTION('center_axis',(4.44089209850064E-15,-1.,0.));
#4069=DIRECTION('ref_axis',(0.,0.,-1.));
#4070=DIRECTION('',(4.22942104619107E-16,1.,0.));
#4071=DIRECTION('center_axis',(-7.32820478300433E-17,1.,0.));
#4072=DIRECTION('ref_axis',(0.707106781186552,0.,-0.707106781186543));
#4073=DIRECTION('',(-4.22942104619107E-16,-1.,0.));
#4074=DIRECTION('center_axis',(0.,0.,1.));
#4075=DIRECTION('ref_axis',(1.,0.,0.));
#4076=DIRECTION('',(0.,1.,0.));
#4077=DIRECTION('',(-1.,0.,0.));
#4078=DIRECTION('',(0.,-1.,0.));
#4079=DIRECTION('',(1.,7.84055808351099E-18,0.));
#4080=DIRECTION('',(1.,0.,0.));
#4081=DIRECTION('center_axis',(0.,0.,1.));
#4082=DIRECTION('ref_axis',(-0.707106781186548,-0.707106781186547,0.));
#4083=DIRECTION('',(-5.01229356489913E-17,-1.,0.));
#4084=DIRECTION('center_axis',(0.,0.,1.));
#4085=DIRECTION('ref_axis',(-0.707106781186547,0.707106781186548,0.));
#4086=DIRECTION('',(-1.,-3.13843964558348E-16,0.));
#4087=DIRECTION('center_axis',(0.,0.,1.));
#4088=DIRECTION('ref_axis',(0.707106781186549,0.707106781186546,0.));
#4089=DIRECTION('',(-1.00245871297983E-16,1.,0.));
#4090=DIRECTION('center_axis',(0.,0.,1.));
#4091=DIRECTION('ref_axis',(0.707106781186548,-0.707106781186548,0.));
#4092=DIRECTION('',(1.,0.,0.));
#4093=DIRECTION('',(1.,7.32820478300433E-17,0.));
#4094=DIRECTION('center_axis',(0.,0.,-1.));
#4095=DIRECTION('ref_axis',(1.,0.,0.));
#4096=DIRECTION('center_axis',(0.,0.,-1.));
#4097=DIRECTION('ref_axis',(1.,0.,0.));
#4098=DIRECTION('center_axis',(0.,0.,-1.));
#4099=DIRECTION('ref_axis',(1.,0.,0.));
#4100=DIRECTION('center_axis',(0.,0.,-1.));
#4101=DIRECTION('ref_axis',(1.,0.,0.));
#4102=DIRECTION('center_axis',(0.,0.,-1.));
#4103=DIRECTION('ref_axis',(1.,0.,0.));
#4104=DIRECTION('center_axis',(0.,0.,-1.));
#4105=DIRECTION('ref_axis',(1.,0.,0.));
#4106=DIRECTION('center_axis',(0.,0.,1.));
#4107=DIRECTION('ref_axis',(0.707106781186549,-0.707106781186546,0.));
#4108=DIRECTION('',(0.,0.,-1.));
#4109=DIRECTION('center_axis',(0.,-0.70710678118655,-0.707106781186545));
#4110=DIRECTION('ref_axis',(0.,0.707106781186545,-0.70710678118655));
#4111=DIRECTION('center_axis',(0.,1.,0.));
#4112=DIRECTION('ref_axis',(0.707106781186546,0.,0.707106781186549));
#4113=DIRECTION('center_axis',(0.,-1.,0.));
#4114=DIRECTION('ref_axis',(1.,0.,0.));
#4115=DIRECTION('',(0.,-1.,0.));
#4116=DIRECTION('center_axis',(1.,0.,0.));
#4117=DIRECTION('ref_axis',(0.,0.,1.));
#4118=DIRECTION('center_axis',(-1.,0.,0.));
#4119=DIRECTION('ref_axis',(0.,0.,1.));
#4120=DIRECTION('center_axis',(-1.,0.,0.));
#4121=DIRECTION('ref_axis',(0.,0.707106781186548,-0.707106781186547));
#4122=DIRECTION('',(-1.,0.,0.));
#4123=DIRECTION('center_axis',(-1.,0.,0.));
#4124=DIRECTION('ref_axis',(0.,1.,0.));
#4125=DIRECTION('center_axis',(0.,-1.,0.));
#4126=DIRECTION('ref_axis',(1.,0.,0.));
#4127=DIRECTION('',(1.,0.,0.));
#4128=DIRECTION('',(0.,0.,1.));
#4129=DIRECTION('',(0.,0.,1.));
#4130=DIRECTION('center_axis',(0.,0.,1.));
#4131=DIRECTION('ref_axis',(-1.,0.,0.));
#4132=DIRECTION('',(1.,0.,0.));
#4133=DIRECTION('',(-2.00491742595965E-16,-1.,0.));
#4134=DIRECTION('center_axis',(0.,0.,1.));
#4135=DIRECTION('ref_axis',(-0.99999999999981,6.16378440735746E-7,0.));
#4136=DIRECTION('center_axis',(0.,0.,-1.));
#4137=DIRECTION('ref_axis',(-1.,0.,0.));
#4138=DIRECTION('center_axis',(-1.,0.,0.));
#4139=DIRECTION('ref_axis',(0.,0.942809041582063,-0.333333333333333));
#4140=DIRECTION('',(1.,0.,0.));
#4141=DIRECTION('center_axis',(-1.,5.01229356489913E-17,0.));
#4142=DIRECTION('ref_axis',(0.,0.942809041582063,-0.333333333333333));
#4143=DIRECTION('center_axis',(0.,1.,0.));
#4144=DIRECTION('ref_axis',(-0.0771920823807186,0.,-0.997016239796388));
#4145=DIRECTION('',(0.,1.,0.));
#4146=DIRECTION('center_axis',(0.,0.,-1.));
#4147=DIRECTION('ref_axis',(-0.707106781186551,-0.707106781186544,0.));
#4148=DIRECTION('',(0.,0.,-1.));
#4149=DIRECTION('center_axis',(0.,0.,1.));
#4150=DIRECTION('ref_axis',(-1.,0.,0.));
#4151=DIRECTION('',(0.,0.,1.));
#4152=DIRECTION('center_axis',(0.,-0.707106781186548,-0.707106781186547));
#4153=DIRECTION('ref_axis',(0.,-0.707106781186547,0.707106781186548));
#4154=DIRECTION('center_axis',(-1.,4.22942104619107E-16,0.));
#4155=DIRECTION('ref_axis',(0.,0.,1.));
#4156=DIRECTION('center_axis',(1.,-4.22942104619107E-16,0.));
#4157=DIRECTION('ref_axis',(2.77555756156289E-16,0.707106781186548,-0.707106781186547));
#4158=DIRECTION('center_axis',(-1.,4.22942104619107E-16,0.));
#4159=DIRECTION('ref_axis',(2.99065230225481E-16,0.707106781186548,-0.707106781186547));
#4160=DIRECTION('center_axis',(-4.22942104619107E-16,-1.,0.));
#4161=DIRECTION('ref_axis',(-0.707106781186544,0.,0.707106781186551));
#4162=DIRECTION('',(4.22942104619107E-16,1.,0.));
#4163=DIRECTION('center_axis',(0.,-1.,0.));
#4164=DIRECTION('ref_axis',(0.,0.,1.));
#4165=DIRECTION('',(-4.22942104619107E-16,-1.,0.));
#4166=DIRECTION('center_axis',(-1.,4.22942104619107E-16,0.));
#4167=DIRECTION('ref_axis',(0.,0.,1.));
#4168=DIRECTION('center_axis',(-1.,4.22942104619107E-16,0.));
#4169=DIRECTION('ref_axis',(0.,-1.05735526154776E-16,1.));
#4170=DIRECTION('center_axis',(1.,-4.22942104619107E-16,0.));
#4171=DIRECTION('ref_axis',(0.,0.,1.));
#4172=DIRECTION('center_axis',(-1.,4.22942104619107E-16,0.));
#4173=DIRECTION('ref_axis',(-4.22942104619107E-16,-1.,0.));
#4174=DIRECTION('',(-4.22942104619107E-16,-1.,0.));
#4175=DIRECTION('',(-4.22942104619107E-16,-1.,0.));
#4176=DIRECTION('',(0.,0.,-1.));
#4177=DIRECTION('',(4.22942104619107E-16,1.,0.));
#4178=DIRECTION('',(0.,0.,1.));
#4179=DIRECTION('center_axis',(-1.5722756975478E-16,-1.,2.04395818365347E-16));
#4180=DIRECTION('ref_axis',(0.0771920823807223,0.,-0.997016239796388));
#4181=DIRECTION('',(0.,-1.,0.));
#4182=DIRECTION('center_axis',(-7.32820478300433E-17,1.,0.));
#4183=DIRECTION('ref_axis',(-1.,-7.32820478300433E-17,0.));
#4184=DIRECTION('',(-1.,-7.8460991139587E-17,0.));
#4185=DIRECTION('',(0.,0.,1.));
#4186=DIRECTION('',(-1.,-7.32820478300433E-17,0.));
#4187=DIRECTION('',(0.,0.,-1.));
#4188=DIRECTION('',(-1.,-7.8460991139587E-17,0.));
#4189=DIRECTION('center_axis',(0.,-1.,0.));
#4190=DIRECTION('ref_axis',(1.,0.,0.));
#4191=DIRECTION('',(-1.,0.,0.));
#4192=DIRECTION('',(0.,0.,1.));
#4193=DIRECTION('',(0.,0.,1.));
#4194=DIRECTION('',(1.,0.,0.));
#4195=DIRECTION('center_axis',(-1.,0.,0.));
#4196=DIRECTION('ref_axis',(0.,0.707106781186548,-0.707106781186547));
#4197=DIRECTION('center_axis',(-1.,0.,0.));
#4198=DIRECTION('ref_axis',(0.,1.,0.));
#4199=DIRECTION('center_axis',(1.,0.,0.));
#4200=DIRECTION('ref_axis',(0.,-0.942809041582063,-0.333333333333333));
#4201=DIRECTION('',(-1.,0.,0.));
#4202=DIRECTION('center_axis',(-1.,5.01229356489913E-17,0.));
#4203=DIRECTION('ref_axis',(0.,-0.942809041582063,-0.333333333333333));
#4204=DIRECTION('',(-1.,0.,0.));
#4205=DIRECTION('center_axis',(0.,0.,1.));
#4206=DIRECTION('ref_axis',(-1.,0.,0.));
#4207=DIRECTION('',(0.,1.,0.));
#4208=DIRECTION('',(-1.,0.,0.));
#4209=DIRECTION('center_axis',(0.,0.,1.));
#4210=DIRECTION('ref_axis',(-1.38777878078145E-15,1.,0.));
#4211=DIRECTION('',(-2.00491742595965E-16,-1.,0.));
#4212=DIRECTION('center_axis',(0.,0.,-1.));
#4213=DIRECTION('ref_axis',(-1.,0.,0.));
#4214=DIRECTION('center_axis',(0.,0.,1.));
#4215=DIRECTION('ref_axis',(-1.,0.,0.));
#4216=DIRECTION('',(-1.,0.,0.));
#4217=DIRECTION('',(-3.00737613893948E-16,1.,0.));
#4218=DIRECTION('center_axis',(0.,0.,1.));
#4219=DIRECTION('ref_axis',(1.,0.,0.));
#4220=DIRECTION('',(-1.,0.,0.));
#4221=DIRECTION('',(-4.22942104619107E-16,-1.,0.));
#4222=DIRECTION('center_axis',(0.,0.,-1.));
#4223=DIRECTION('ref_axis',(-1.,0.,0.));
#4224=DIRECTION('center_axis',(0.,0.,1.));
#4225=DIRECTION('ref_axis',(-1.,0.,0.));
#4226=DIRECTION('center_axis',(0.,0.,1.));
#4227=DIRECTION('ref_axis',(-6.16378439625524E-7,-0.99999999999981,0.));
#4228=DIRECTION('',(-3.00737613893948E-16,1.,0.));
#4229=DIRECTION('',(1.,0.,0.));
#4230=DIRECTION('center_axis',(0.,0.,-1.));
#4231=DIRECTION('ref_axis',(-1.,0.,0.));
#4232=DIRECTION('center_axis',(-1.,0.,0.));
#4233=DIRECTION('ref_axis',(0.,0.942809041582063,-0.333333333333333));
#4234=DIRECTION('center_axis',(1.,1.00245871297983E-16,0.));
#4235=DIRECTION('ref_axis',(0.,0.942809041582063,-0.333333333333333));
#4236=DIRECTION('',(1.,0.,0.));
#4237=DIRECTION('center_axis',(1.,0.,0.));
#4238=DIRECTION('ref_axis',(0.,-0.942809041582063,-0.333333333333333));
#4239=DIRECTION('center_axis',(1.,1.00245871297983E-16,0.));
#4240=DIRECTION('ref_axis',(0.,-0.942809041582063,-0.333333333333333));
#4241=DIRECTION('',(-1.,0.,0.));
#4242=DIRECTION('center_axis',(0.,0.,1.));
#4243=DIRECTION('ref_axis',(-1.,0.,0.));
#4244=DIRECTION('',(-9.25185853854296E-17,-1.,0.));
#4245=DIRECTION('center_axis',(0.,0.,-1.));
#4246=DIRECTION('ref_axis',(-1.,0.,0.));
#4247=DIRECTION('center_axis',(-1.,5.01229356489913E-17,0.));
#4248=DIRECTION('ref_axis',(-5.01229356489913E-17,-1.,0.));
#4249=DIRECTION('',(0.,0.,1.));
#4250=DIRECTION('',(5.01229356489913E-17,1.,0.));
#4251=DIRECTION('',(0.,0.,1.));
#4252=DIRECTION('',(0.,0.,1.));
#4253=DIRECTION('center_axis',(0.,0.,1.));
#4254=DIRECTION('ref_axis',(-1.,0.,0.));
#4255=DIRECTION('',(0.,1.,0.));
#4256=DIRECTION('center_axis',(0.,0.,-1.));
#4257=DIRECTION('ref_axis',(-1.,0.,0.));
#4258=DIRECTION('center_axis',(0.,0.,-1.));
#4259=DIRECTION('ref_axis',(-1.,0.,0.));
#4260=DIRECTION('center_axis',(-1.,0.,0.));
#4261=DIRECTION('ref_axis',(0.,0.,-1.));
#4262=DIRECTION('center_axis',(0.,0.,-1.));
#4263=DIRECTION('ref_axis',(0.707106781186549,0.707106781186546,0.));
#4264=DIRECTION('center_axis',(0.,-1.,0.));
#4265=DIRECTION('ref_axis',(-1.,0.,0.));
#4266=DIRECTION('center_axis',(1.00245871297983E-16,-1.,0.));
#4267=DIRECTION('ref_axis',(-0.707106781186549,0.,-0.707106781186546));
#4268=DIRECTION('center_axis',(0.,-1.,0.));
#4269=DIRECTION('ref_axis',(-1.,0.,0.));
#4270=DIRECTION('',(1.00245871297983E-16,-1.,0.));
#4271=DIRECTION('center_axis',(0.,0.,-1.));
#4272=DIRECTION('ref_axis',(-1.,0.,0.));
#4273=DIRECTION('center_axis',(0.,0.,-1.));
#4274=DIRECTION('ref_axis',(0.707106781186547,-0.707106781186547,0.));
#4275=DIRECTION('center_axis',(0.,0.,-1.));
#4276=DIRECTION('ref_axis',(-1.,0.,0.));
#4277=DIRECTION('center_axis',(0.,1.,0.));
#4278=DIRECTION('ref_axis',(1.,0.,0.));
#4279=DIRECTION('center_axis',(0.,0.,-1.));
#4280=DIRECTION('ref_axis',(-0.707106781186548,-0.707106781186547,0.));
#4281=DIRECTION('center_axis',(5.01229356489913E-17,1.,0.));
#4282=DIRECTION('ref_axis',(0.707106781186548,0.,-0.707106781186547));
#4283=DIRECTION('center_axis',(0.,1.,0.));
#4284=DIRECTION('ref_axis',(1.,0.,0.));
#4285=DIRECTION('center_axis',(0.,0.,-1.));
#4286=DIRECTION('ref_axis',(-1.,0.,0.));
#4287=DIRECTION('center_axis',(1.,0.,0.));
#4288=DIRECTION('ref_axis',(0.,-1.,0.));
#4289=DIRECTION('center_axis',(0.,0.,-1.));
#4290=DIRECTION('ref_axis',(-0.707106781186547,0.707106781186548,0.));
#4291=DIRECTION('center_axis',(1.,3.13843964558348E-16,0.));
#4292=DIRECTION('ref_axis',(0.,-0.707106781186546,-0.707106781186549));
#4293=DIRECTION('',(1.,3.13843964558348E-16,0.));
#4294=DIRECTION('center_axis',(0.,0.,1.));
#4295=DIRECTION('ref_axis',(0.,-1.,0.));
#4296=DIRECTION('',(0.,0.,1.));
#4297=DIRECTION('center_axis',(0.,0.,1.));
#4298=DIRECTION('ref_axis',(0.,-1.,0.));
#4299=DIRECTION('center_axis',(1.,1.00245871297983E-16,0.));
#4300=DIRECTION('ref_axis',(-1.00245871297983E-16,1.,0.));
#4301=DIRECTION('',(0.,0.,1.));
#4302=DIRECTION('',(0.,0.,1.));
#4303=DIRECTION('center_axis',(0.,0.,1.));
#4304=DIRECTION('ref_axis',(1.,0.,0.));
#4305=DIRECTION('',(0.,0.,1.));
#4306=DIRECTION('center_axis',(4.22942104619107E-16,1.,0.));
#4307=DIRECTION('ref_axis',(0.707106781186546,0.,-0.707106781186549));
#4308=DIRECTION('center_axis',(0.,-1.,0.));
#4309=DIRECTION('ref_axis',(0.707106781186546,0.,-0.707106781186549));
#4310=DIRECTION('center_axis',(-3.13843964558348E-16,1.,0.));
#4311=DIRECTION('ref_axis',(0.707106781186546,0.,-0.707106781186549));
#4312=DIRECTION('',(-4.22942104619107E-16,-1.,0.));
#4313=DIRECTION('center_axis',(0.,-1.,0.));
#4314=DIRECTION('ref_axis',(-0.707106781186548,0.,-0.707106781186548));
#4315=DIRECTION('center_axis',(0.,-1.,0.));
#4316=DIRECTION('ref_axis',(-0.707106781186548,0.,-0.707106781186548));
#4317=DIRECTION('',(0.,1.,0.));
#4318=DIRECTION('center_axis',(-3.13843964558348E-16,1.,0.));
#4319=DIRECTION('ref_axis',(-0.707106781186548,0.,-0.707106781186548));
#4320=DIRECTION('center_axis',(0.,0.,1.));
#4321=DIRECTION('ref_axis',(-1.,0.,0.));
#4322=DIRECTION('',(-1.,-3.13843964558348E-16,0.));
#4323=DIRECTION('',(1.,0.,0.));
#4324=DIRECTION('center_axis',(0.,0.,1.));
#4325=DIRECTION('ref_axis',(-1.,0.,0.));
#4326=DIRECTION('',(0.,0.,-1.));
#4327=DIRECTION('center_axis',(0.,0.,-1.));
#4328=DIRECTION('ref_axis',(-1.,0.,0.));
#4329=DIRECTION('center_axis',(0.,0.,1.));
#4330=DIRECTION('ref_axis',(-1.,0.,0.));
#4331=DIRECTION('',(0.,0.,-1.));
#4332=DIRECTION('center_axis',(0.,0.,-1.));
#4333=DIRECTION('ref_axis',(-1.,0.,0.));
#4334=DIRECTION('center_axis',(0.,0.,1.));
#4335=DIRECTION('ref_axis',(-1.,0.,0.));
#4336=DIRECTION('',(0.,0.,-1.));
#4337=DIRECTION('center_axis',(0.,0.,-1.));
#4338=DIRECTION('ref_axis',(-1.,0.,0.));
#4339=DIRECTION('center_axis',(0.,0.,1.));
#4340=DIRECTION('ref_axis',(-0.99999999999981,6.16378440735746E-7,0.));
#4341=DIRECTION('center_axis',(0.,0.,1.));
#4342=DIRECTION('ref_axis',(-1.,0.,0.));
#4343=DIRECTION('center_axis',(0.,0.,1.));
#4344=DIRECTION('ref_axis',(-1.,0.,0.));
#4345=DIRECTION('',(1.25307339122478E-17,1.,0.));
#4346=DIRECTION('center_axis',(0.,0.,-1.));
#4347=DIRECTION('ref_axis',(0.,1.,0.));
#4348=DIRECTION('',(1.,0.,0.));
#4349=DIRECTION('center_axis',(0.,0.,-1.));
#4350=DIRECTION('ref_axis',(-1.,0.,0.));
#4351=DIRECTION('center_axis',(0.,0.,1.));
#4352=DIRECTION('ref_axis',(-1.,0.,0.));
#4353=DIRECTION('',(0.,-1.,0.));
#4354=DIRECTION('center_axis',(0.,0.,-1.));
#4355=DIRECTION('ref_axis',(0.,-1.,0.));
#4356=DIRECTION('',(1.,0.,0.));
#4357=DIRECTION('center_axis',(0.,0.,-1.));
#4358=DIRECTION('ref_axis',(1.,0.,0.));
#4359=DIRECTION('center_axis',(0.,0.,-1.));
#4360=DIRECTION('ref_axis',(-1.,0.,0.));
#4361=DIRECTION('center_axis',(0.,0.,-1.));
#4362=DIRECTION('ref_axis',(-1.,0.,0.));
#4363=DIRECTION('center_axis',(0.,0.,-1.));
#4364=DIRECTION('ref_axis',(-1.,0.,0.));
#4365=DIRECTION('center_axis',(0.,0.,1.));
#4366=DIRECTION('ref_axis',(-1.,0.,0.));
#4367=DIRECTION('',(0.,0.,-1.));
#4368=DIRECTION('center_axis',(0.,0.,1.));
#4369=DIRECTION('ref_axis',(-1.,0.,0.));
#4370=DIRECTION('',(0.,0.,-1.));
#4371=DIRECTION('center_axis',(0.,0.,1.));
#4372=DIRECTION('ref_axis',(-1.,0.,0.));
#4373=DIRECTION('',(0.,0.,-1.));
#4374=DIRECTION('center_axis',(0.,0.,1.));
#4375=DIRECTION('ref_axis',(-6.16378439625524E-7,-0.99999999999981,0.));
#4376=DIRECTION('center_axis',(0.,0.,1.));
#4377=DIRECTION('ref_axis',(-1.,0.,0.));
#4378=DIRECTION('center_axis',(0.,0.,1.));
#4379=DIRECTION('ref_axis',(0.,1.,0.));
#4380=DIRECTION('',(0.,0.,1.));
#4381=DIRECTION('center_axis',(-3.13843964558348E-16,1.,0.));
#4382=DIRECTION('ref_axis',(-1.,-3.13843964558348E-16,0.));
#4383=DIRECTION('center_axis',(0.,0.,1.));
#4384=DIRECTION('ref_axis',(0.707106781186546,-0.707106781186549,0.));
#4385=DIRECTION('center_axis',(0.,0.,-1.));
#4386=DIRECTION('ref_axis',(0.707106781186546,-0.707106781186549,0.));
#4387=DIRECTION('',(0.,0.,-1.));
#4388=DIRECTION('center_axis',(0.,0.,1.));
#4389=DIRECTION('ref_axis',(-0.707106781186547,-0.707106781186548,0.));
#4390=DIRECTION('center_axis',(0.,0.,-1.));
#4391=DIRECTION('ref_axis',(-0.707106781186547,-0.707106781186548,0.));
#4392=DIRECTION('',(0.,0.,1.));
#4393=DIRECTION('center_axis',(1.,0.,0.));
#4394=DIRECTION('ref_axis',(0.,1.,0.));
#4395=DIRECTION('',(0.,1.,0.));
#4396=DIRECTION('',(0.,0.,-1.));
#4397=DIRECTION('center_axis',(0.,0.,1.));
#4398=DIRECTION('ref_axis',(-0.707106781186549,0.707106781186546,0.));
#4399=DIRECTION('center_axis',(0.,0.,-1.));
#4400=DIRECTION('ref_axis',(-0.707106781186549,0.707106781186546,0.));
#4401=DIRECTION('',(0.,0.,1.));
#4402=DIRECTION('center_axis',(0.,-1.,0.));
#4403=DIRECTION('ref_axis',(1.,0.,0.));
#4404=DIRECTION('',(1.,0.,0.));
#4405=DIRECTION('',(0.,0.,-1.));
#4406=DIRECTION('center_axis',(0.,0.,1.));
#4407=DIRECTION('ref_axis',(0.707106781186551,0.707106781186544,0.));
#4408=DIRECTION('center_axis',(0.,0.,-1.));
#4409=DIRECTION('ref_axis',(0.707106781186551,0.707106781186544,0.));
#4410=DIRECTION('',(0.,0.,1.));
#4411=DIRECTION('center_axis',(-1.,0.,0.));
#4412=DIRECTION('ref_axis',(0.,-1.,0.));
#4413=DIRECTION('',(0.,-1.,0.));
#4414=DIRECTION('center_axis',(0.,0.,1.));
#4415=DIRECTION('ref_axis',(1.,0.,0.));
#4416=DIRECTION('',(0.,0.,-1.));
#4417=DIRECTION('center_axis',(0.,0.,-1.));
#4418=DIRECTION('ref_axis',(1.,0.,0.));
#4419=DIRECTION('center_axis',(0.,0.,1.));
#4420=DIRECTION('ref_axis',(1.,0.,0.));
#4421=DIRECTION('',(0.,0.,-1.));
#4422=DIRECTION('center_axis',(0.,0.,-1.));
#4423=DIRECTION('ref_axis',(1.,0.,0.));
#4424=DIRECTION('center_axis',(0.,0.,1.));
#4425=DIRECTION('ref_axis',(1.,0.,0.));
#4426=DIRECTION('',(0.,0.,-1.));
#4427=DIRECTION('center_axis',(0.,0.,-1.));
#4428=DIRECTION('ref_axis',(1.,0.,0.));
#4429=DIRECTION('center_axis',(0.,0.,1.));
#4430=DIRECTION('ref_axis',(1.,0.,0.));
#4431=DIRECTION('',(0.,0.,-1.));
#4432=DIRECTION('center_axis',(0.,0.,-1.));
#4433=DIRECTION('ref_axis',(1.,0.,0.));
#4434=DIRECTION('center_axis',(0.,0.,1.));
#4435=DIRECTION('ref_axis',(1.,0.,0.));
#4436=DIRECTION('',(0.,0.,-1.));
#4437=DIRECTION('center_axis',(0.,0.,-1.));
#4438=DIRECTION('ref_axis',(1.,0.,0.));
#4439=DIRECTION('center_axis',(0.,0.,1.));
#4440=DIRECTION('ref_axis',(1.,0.,0.));
#4441=DIRECTION('',(0.,0.,-1.));
#4442=DIRECTION('center_axis',(0.,0.,-1.));
#4443=DIRECTION('ref_axis',(1.,0.,0.));
#4444=DIRECTION('center_axis',(7.84055808351099E-18,-1.,0.));
#4445=DIRECTION('ref_axis',(1.,7.84055808351099E-18,0.));
#4446=DIRECTION('',(1.,7.84055808351099E-18,0.));
#4447=DIRECTION('',(0.,0.,1.));
#4448=DIRECTION('',(0.,0.,1.));
#4449=DIRECTION('center_axis',(-1.,0.,0.));
#4450=DIRECTION('ref_axis',(0.,-1.,0.));
#4451=DIRECTION('',(0.,-1.,0.));
#4452=DIRECTION('',(0.,0.,1.));
#4453=DIRECTION('center_axis',(0.,1.,0.));
#4454=DIRECTION('ref_axis',(-1.,0.,0.));
#4455=DIRECTION('',(-1.,0.,0.));
#4456=DIRECTION('',(0.,0.,1.));
#4457=DIRECTION('center_axis',(1.,0.,0.));
#4458=DIRECTION('ref_axis',(0.,1.,0.));
#4459=DIRECTION('',(0.,1.,0.));
#4460=DIRECTION('center_axis',(0.,0.,1.));
#4461=DIRECTION('ref_axis',(1.,0.,0.));
#4462=DIRECTION('axis',(0.,0.,1.));
#4463=DIRECTION('refdir',(1.,0.,0.));
#4464=DIRECTION('center_axis',(-1.,0.,0.));
#4465=DIRECTION('ref_axis',(0.,1.,0.));
#4466=DIRECTION('center_axis',(-1.,0.,0.));
#4467=DIRECTION('ref_axis',(0.,1.,0.));
#4468=DIRECTION('',(-1.,0.,0.));
#4469=DIRECTION('center_axis',(1.,0.,0.));
#4470=DIRECTION('ref_axis',(0.,1.,0.));
#4471=DIRECTION('center_axis',(0.,0.,1.));
#4472=DIRECTION('ref_axis',(1.,0.,0.));
#4473=DIRECTION('center_axis',(0.,0.,1.));
#4474=DIRECTION('ref_axis',(1.,0.,0.));
#4475=DIRECTION('',(0.,0.,1.));
#4476=DIRECTION('center_axis',(0.,0.,-1.));
#4477=DIRECTION('ref_axis',(1.,0.,0.));
#4478=DIRECTION('center_axis',(0.,0.,1.));
#4479=DIRECTION('ref_axis',(1.,0.,0.));
#4480=DIRECTION('center_axis',(0.,0.,1.));
#4481=DIRECTION('ref_axis',(1.,0.,0.));
#4482=DIRECTION('',(0.,0.,1.));
#4483=DIRECTION('center_axis',(0.,0.,-1.));
#4484=DIRECTION('ref_axis',(1.,0.,0.));
#4485=DIRECTION('center_axis',(0.,0.,1.));
#4486=DIRECTION('ref_axis',(0.0406280075260379,-0.999174341646374,0.));
#4487=DIRECTION('center_axis',(0.,0.,-1.));
#4488=DIRECTION('ref_axis',(0.0406280075260379,-0.999174341646374,0.));
#4489=DIRECTION('',(0.,0.,1.));
#4490=DIRECTION('center_axis',(0.,0.,1.));
#4491=DIRECTION('ref_axis',(0.0406280075260379,-0.999174341646374,0.));
#4492=DIRECTION('',(0.,0.,1.));
#4493=DIRECTION('center_axis',(1.,0.,0.));
#4494=DIRECTION('ref_axis',(0.,1.,0.));
#4495=DIRECTION('',(0.,-1.,0.));
#4496=DIRECTION('',(0.,0.,-1.));
#4497=DIRECTION('',(0.,1.,0.));
#4498=DIRECTION('center_axis',(0.,0.,-1.));
#4499=DIRECTION('ref_axis',(1.,0.,0.));
#4500=DIRECTION('',(1.,0.,0.));
#4501=DIRECTION('center_axis',(0.,0.,1.));
#4502=DIRECTION('ref_axis',(-0.0188873279862988,0.999821618510791,0.));
#4503=DIRECTION('center_axis',(0.,0.,-1.));
#4504=DIRECTION('ref_axis',(-0.0188873279862988,0.999821618510791,0.));
#4505=DIRECTION('',(0.,0.,-1.));
#4506=DIRECTION('center_axis',(0.,0.,1.));
#4507=DIRECTION('ref_axis',(-0.0188873279862988,0.999821618510791,0.));
#4508=DIRECTION('',(0.,0.,1.));
#4509=DIRECTION('center_axis',(0.,-1.,0.));
#4510=DIRECTION('ref_axis',(1.,0.,0.));
#4511=DIRECTION('',(1.,0.,0.));
#4512=DIRECTION('',(1.,0.,0.));
#4513=DIRECTION('center_axis',(0.,0.,-1.));
#4514=DIRECTION('ref_axis',(1.,0.,0.));
#4515=DIRECTION('',(0.,1.,0.));
#4516=DIRECTION('center_axis',(0.,-1.,0.));
#4517=DIRECTION('ref_axis',(1.,0.,0.));
#4518=DIRECTION('',(0.,0.,-1.));
#4519=DIRECTION('',(1.,0.,0.));
#4520=DIRECTION('',(0.,0.,1.));
#4521=DIRECTION('',(-1.,0.,0.));
#4522=DIRECTION('center_axis',(1.,0.,0.));
#4523=DIRECTION('ref_axis',(0.,1.,0.));
#4524=DIRECTION('',(0.,-1.,0.));
#4525=DIRECTION('',(0.,0.,1.));
#4526=DIRECTION('',(0.,1.,0.));
#4527=DIRECTION('center_axis',(0.,1.,0.));
#4528=DIRECTION('ref_axis',(1.,0.,0.));
#4529=DIRECTION('',(-1.,0.,0.));
#4530=DIRECTION('',(0.,0.,-1.));
#4531=DIRECTION('',(1.,0.,0.));
#4532=DIRECTION('',(0.,0.,-1.));
#4533=DIRECTION('center_axis',(0.,0.,-1.));
#4534=DIRECTION('ref_axis',(-0.999636054981252,0.0269769824390982,0.));
#4535=DIRECTION('center_axis',(0.,0.,-1.));
#4536=DIRECTION('ref_axis',(-0.999636054981252,0.0269769824390982,0.));
#4537=DIRECTION('center_axis',(0.,0.,1.));
#4538=DIRECTION('ref_axis',(-0.999636054981252,0.0269769824390982,0.));
#4539=DIRECTION('',(0.,0.,-1.));
#4540=DIRECTION('center_axis',(-1.,0.,0.));
#4541=DIRECTION('ref_axis',(0.,1.,0.));
#4542=DIRECTION('',(0.,-1.,0.));
#4543=DIRECTION('',(0.,1.,0.));
#4544=DIRECTION('center_axis',(0.,0.,-1.));
#4545=DIRECTION('ref_axis',(1.,0.,0.));
#4546=DIRECTION('center_axis',(0.,0.,-1.));
#4547=DIRECTION('ref_axis',(-0.993440635608385,-0.114349042505865,0.));
#4548=DIRECTION('center_axis',(0.,0.,1.));
#4549=DIRECTION('ref_axis',(-0.373343693438504,0.927693099343579,0.));
#4550=DIRECTION('center_axis',(0.,0.,-1.));
#4551=DIRECTION('ref_axis',(-0.373343693438504,0.927693099343579,0.));
#4552=DIRECTION('',(0.,0.,-1.));
#4553=DIRECTION('center_axis',(0.,0.,-1.));
#4554=DIRECTION('ref_axis',(-0.373343693438504,0.927693099343579,0.));
#4555=DIRECTION('',(0.,0.,1.));
#4556=DIRECTION('center_axis',(0.,0.,1.));
#4557=DIRECTION('ref_axis',(1.,0.,0.));
#4558=DIRECTION('',(-0.72122897313939,-0.692696736172693,0.));
#4559=DIRECTION('center_axis',(0.,0.,-1.));
#4560=DIRECTION('ref_axis',(-0.919971938749412,0.391984224062204,0.));
#4561=DIRECTION('',(0.,-1.,0.));
#4562=DIRECTION('center_axis',(0.,0.,-1.));
#4563=DIRECTION('ref_axis',(-0.707106781186548,-0.707106781186548,0.));
#4564=DIRECTION('',(1.,0.,0.));
#4565=DIRECTION('center_axis',(0.,0.,-1.));
#4566=DIRECTION('ref_axis',(0.707106781186548,-0.707106781186548,0.));
#4567=DIRECTION('',(0.,1.,0.));
#4568=DIRECTION('center_axis',(0.,0.,-1.));
#4569=DIRECTION('ref_axis',(0.707106781186548,0.707106781186548,0.));
#4570=DIRECTION('',(-1.,0.,0.));
#4571=DIRECTION('center_axis',(-0.692696736172693,0.72122897313939,0.));
#4572=DIRECTION('ref_axis',(-0.72122897313939,-0.692696736172693,0.));
#4573=DIRECTION('',(0.72122897313939,0.692696736172693,0.));
#4574=DIRECTION('',(0.,0.,-1.));
#4575=DIRECTION('center_axis',(0.,0.,1.));
#4576=DIRECTION('ref_axis',(-0.919971938749412,0.391984224062204,0.));
#4577=DIRECTION('center_axis',(0.,0.,-1.));
#4578=DIRECTION('ref_axis',(-0.919971938749412,0.391984224062204,0.));
#4579=DIRECTION('',(0.,0.,1.));
#4580=DIRECTION('center_axis',(0.,0.,1.));
#4581=DIRECTION('ref_axis',(0.707106781186548,0.707106781186548,0.));
#4582=DIRECTION('',(0.,0.,-1.));
#4583=DIRECTION('center_axis',(0.,0.,-1.));
#4584=DIRECTION('ref_axis',(0.707106781186548,0.707106781186548,0.));
#4585=DIRECTION('',(0.,0.,1.));
#4586=DIRECTION('center_axis',(1.,0.,0.));
#4587=DIRECTION('ref_axis',(0.,1.,0.));
#4588=DIRECTION('',(0.,0.,1.));
#4589=DIRECTION('',(0.,-1.,0.));
#4590=DIRECTION('center_axis',(0.,0.,1.));
#4591=DIRECTION('ref_axis',(0.707106781186548,-0.707106781186548,0.));
#4592=DIRECTION('',(0.,0.,-1.));
#4593=DIRECTION('center_axis',(0.,0.,-1.));
#4594=DIRECTION('ref_axis',(0.707106781186548,-0.707106781186548,0.));
#4595=DIRECTION('center_axis',(0.,-1.,0.));
#4596=DIRECTION('ref_axis',(1.,0.,0.));
#4597=DIRECTION('',(0.,0.,1.));
#4598=DIRECTION('',(-1.,0.,0.));
#4599=DIRECTION('center_axis',(0.,0.,1.));
#4600=DIRECTION('ref_axis',(-0.707106781186548,-0.707106781186548,0.));
#4601=DIRECTION('',(0.,0.,-1.));
#4602=DIRECTION('center_axis',(0.,0.,-1.));
#4603=DIRECTION('ref_axis',(-0.707106781186548,-0.707106781186548,0.));
#4604=DIRECTION('center_axis',(0.,0.,1.));
#4605=DIRECTION('ref_axis',(-0.58339426534485,-0.812189098155561,0.));
#4606=DIRECTION('center_axis',(0.,0.,-1.));
#4607=DIRECTION('ref_axis',(-0.58339426534485,-0.812189098155561,0.));
#4608=DIRECTION('',(0.,0.,-1.));
#4609=DIRECTION('center_axis',(0.,0.,-1.));
#4610=DIRECTION('ref_axis',(-0.58339426534485,-0.812189098155561,0.));
#4611=DIRECTION('',(0.,0.,1.));
#4612=DIRECTION('center_axis',(0.,0.,1.));
#4613=DIRECTION('ref_axis',(-1.,0.,0.));
#4614=DIRECTION('',(0.999626951960816,-0.0273122118022077,0.));
#4615=DIRECTION('center_axis',(0.,0.,-1.));
#4616=DIRECTION('ref_axis',(0.604352355458962,-0.796717158376299,0.));
#4617=DIRECTION('',(0.243114373536171,0.969997629574483,0.));
#4618=DIRECTION('center_axis',(0.,0.,-1.));
#4619=DIRECTION('ref_axis',(0.857799723738338,0.51398407947565,0.));
#4620=DIRECTION('',(-0.969997629574482,0.243114373536172,0.));
#4621=DIRECTION('center_axis',(0.,0.,1.));
#4622=DIRECTION('ref_axis',(-0.788388981891611,-0.615177058440827,0.));
#4623=DIRECTION('',(2.28777175626833E-15,1.,0.));
#4624=DIRECTION('center_axis',(0.,0.,-1.));
#4625=DIRECTION('ref_axis',(0.68578999706035,0.72779947783161,0.));
#4626=DIRECTION('center_axis',(0.,0.,1.));
#4627=DIRECTION('ref_axis',(-0.0430297995203082,0.999073789243438,0.));
#4628=DIRECTION('center_axis',(0.,0.,-1.));
#4629=DIRECTION('ref_axis',(-0.837722767892567,-0.546095746325145,0.));
#4630=DIRECTION('',(0.935431583637558,-0.35350778256402,0.));
#4631=DIRECTION('center_axis',(0.,0.,1.));
#4632=DIRECTION('ref_axis',(0.732139568234274,0.681154646630067,0.));
#4633=DIRECTION('',(0.285184744354572,-0.958472566945668,0.));
#4634=DIRECTION('center_axis',(0.,0.,-1.));
#4635=DIRECTION('ref_axis',(-0.597835786669478,-0.801618595204281,0.));
#4636=DIRECTION('',(1.,0.,0.));
#4637=DIRECTION('center_axis',(0.,0.,-1.));
#4638=DIRECTION('ref_axis',(0.707106781186547,-0.707106781186548,0.));
#4639=DIRECTION('',(4.04714693701538E-16,1.,0.));
#4640=DIRECTION('center_axis',(0.,0.,-1.));
#4641=DIRECTION('ref_axis',(0.864861208585662,0.502011045579426,0.));
#4642=DIRECTION('',(-0.868339759206348,0.495969820232503,0.));
#4643=DIRECTION('center_axis',(0.,0.,1.));
#4644=DIRECTION('ref_axis',(-0.896329834978983,-0.443387896684776,0.));
#4645=DIRECTION('center_axis',(0.,0.,-1.));
#4646=DIRECTION('ref_axis',(-0.141567325626748,0.989928629909697,0.));
#4647=DIRECTION('center_axis',(0.,0.,1.));
#4648=DIRECTION('ref_axis',(0.506617792892186,0.862170755665634,0.));
#4649=DIRECTION('',(0.345065644630979,-0.938578553396255,0.));
#4650=DIRECTION('center_axis',(-0.0273122118022077,-0.999626951960816,0.));
#4651=DIRECTION('ref_axis',(0.999626951960816,-0.0273122118022077,0.));
#4652=DIRECTION('',(-0.999626951960816,0.0273122118022077,0.));
#4653=DIRECTION('',(0.,0.,-1.));
#4654=DIRECTION('center_axis',(0.,0.,1.));
#4655=DIRECTION('ref_axis',(0.506617792892186,0.862170755665634,0.));
#4656=DIRECTION('center_axis',(0.,0.,1.));
#4657=DIRECTION('ref_axis',(0.506617792892186,0.862170755665634,0.));
#4658=DIRECTION('',(0.,0.,1.));
#4659=DIRECTION('',(0.,0.,-1.));
#4660=DIRECTION('center_axis',(0.,0.,1.));
#4661=DIRECTION('ref_axis',(1.,0.,0.));
#4662=DIRECTION('center_axis',(0.,0.,1.));
#4663=DIRECTION('ref_axis',(0.114349042505864,0.993440635608385,0.));
#4664=DIRECTION('',(1.,0.,0.));
#4665=DIRECTION('',(0.,1.,0.));
#4666=DIRECTION('center_axis',(0.,0.,-1.));
#4667=DIRECTION('ref_axis',(0.875860449898713,-0.482564474762931,0.));
#4668=DIRECTION('',(-0.722449314813307,-0.691423884115803,0.));
#4669=DIRECTION('center_axis',(0.,0.,-1.));
#4670=DIRECTION('ref_axis',(-0.903891699241852,0.42776137745439,0.));
#4671=DIRECTION('',(0.704350060926401,0.709852795777389,0.));
#4672=DIRECTION('center_axis',(0.,0.,1.));
#4673=DIRECTION('ref_axis',(-0.141567325626748,0.989928629909697,0.));
#4674=DIRECTION('center_axis',(0.,0.,1.));
#4675=DIRECTION('ref_axis',(-0.896329834978983,-0.443387896684776,0.));
#4676=DIRECTION('',(0.868339759206348,-0.495969820232503,0.));
#4677=DIRECTION('center_axis',(0.,0.,-1.));
#4678=DIRECTION('ref_axis',(0.864861208585662,0.502011045579426,0.));
#4679=DIRECTION('',(-4.04714693701538E-16,-1.,0.));
#4680=DIRECTION('center_axis',(0.,0.,-1.));
#4681=DIRECTION('ref_axis',(0.707106781186547,-0.707106781186548,0.));
#4682=DIRECTION('',(-1.,0.,0.));
#4683=DIRECTION('center_axis',(0.,0.,-1.));
#4684=DIRECTION('ref_axis',(-0.597835786669478,-0.801618595204281,0.));
#4685=DIRECTION('',(-0.285184744354572,0.958472566945668,0.));
#4686=DIRECTION('center_axis',(0.,0.,1.));
#4687=DIRECTION('ref_axis',(0.732139568234274,0.681154646630067,0.));
#4688=DIRECTION('',(-0.935431583637558,0.35350778256402,0.));
#4689=DIRECTION('center_axis',(0.,0.,-1.));
#4690=DIRECTION('ref_axis',(-0.837722767892567,-0.546095746325145,0.));
#4691=DIRECTION('center_axis',(0.,0.,-1.));
#4692=DIRECTION('ref_axis',(-0.0430297995203082,0.999073789243438,0.));
#4693=DIRECTION('center_axis',(0.,0.,-1.));
#4694=DIRECTION('ref_axis',(0.68578999706035,0.72779947783161,0.));
#4695=DIRECTION('',(-2.28777175626833E-15,-1.,0.));
#4696=DIRECTION('center_axis',(0.,0.,1.));
#4697=DIRECTION('ref_axis',(-0.788388981891611,-0.615177058440827,0.));
#4698=DIRECTION('',(0.969997629574482,-0.243114373536172,0.));
#4699=DIRECTION('center_axis',(0.,0.,-1.));
#4700=DIRECTION('ref_axis',(0.857799723738338,0.51398407947565,0.));
#4701=DIRECTION('',(-0.243114373536171,-0.969997629574483,0.));
#4702=DIRECTION('center_axis',(0.,0.,-1.));
#4703=DIRECTION('ref_axis',(0.604352355458962,-0.796717158376299,0.));
#4704=DIRECTION('',(-0.345065644630979,0.938578553396255,0.));
#4705=DIRECTION('center_axis',(0.,0.,1.));
#4706=DIRECTION('ref_axis',(-0.141567325626748,0.989928629909697,0.));
#4707=DIRECTION('',(0.,0.,1.));
#4708=DIRECTION('center_axis',(0.,0.,1.));
#4709=DIRECTION('ref_axis',(0.604352355458962,-0.796717158376299,0.));
#4710=DIRECTION('',(0.,0.,1.));
#4711=DIRECTION('center_axis',(0.,0.,1.));
#4712=DIRECTION('ref_axis',(0.857799723738338,0.51398407947565,0.));
#4713=DIRECTION('',(0.,0.,-1.));
#4714=DIRECTION('',(0.,0.,1.));
#4715=DIRECTION('center_axis',(0.243114373536172,0.969997629574482,0.));
#4716=DIRECTION('ref_axis',(-0.969997629574482,0.243114373536172,0.));
#4717=DIRECTION('',(0.,0.,-1.));
#4718=DIRECTION('center_axis',(0.,0.,1.));
#4719=DIRECTION('ref_axis',(-0.788388981891611,-0.615177058440827,0.));
#4720=DIRECTION('',(0.,0.,1.));
#4721=DIRECTION('center_axis',(0.,0.,1.));
#4722=DIRECTION('ref_axis',(0.68578999706035,0.72779947783161,0.));
#4723=DIRECTION('',(0.,0.,-1.));
#4724=DIRECTION('',(0.,0.,1.));
#4725=DIRECTION('center_axis',(1.,-2.28777175626833E-15,0.));
#4726=DIRECTION('ref_axis',(2.28777175626833E-15,1.,0.));
#4727=DIRECTION('center_axis',(0.,0.,1.));
#4728=DIRECTION('ref_axis',(-0.896329834978983,-0.443387896684776,0.));
#4729=DIRECTION('',(0.,0.,-1.));
#4730=DIRECTION('center_axis',(0.,0.,1.));
#4731=DIRECTION('ref_axis',(0.864861208585662,0.502011045579426,0.));
#4732=DIRECTION('',(0.,0.,-1.));
#4733=DIRECTION('',(0.,0.,1.));
#4734=DIRECTION('center_axis',(1.,-4.04714693701538E-16,0.));
#4735=DIRECTION('ref_axis',(4.04714693701538E-16,1.,0.));
#4736=DIRECTION('',(0.,0.,1.));
#4737=DIRECTION('center_axis',(0.,0.,1.));
#4738=DIRECTION('ref_axis',(0.707106781186547,-0.707106781186548,0.));
#4739=DIRECTION('',(0.,0.,-1.));
#4740=DIRECTION('center_axis',(0.,-1.,0.));
#4741=DIRECTION('ref_axis',(1.,0.,0.));
#4742=DIRECTION('',(0.,0.,1.));
#4743=DIRECTION('center_axis',(0.,0.,1.));
#4744=DIRECTION('ref_axis',(-0.597835786669478,-0.801618595204281,0.));
#4745=DIRECTION('',(0.,0.,-1.));
#4746=DIRECTION('center_axis',(-0.958472566945668,-0.285184744354572,0.));
#4747=DIRECTION('ref_axis',(0.285184744354572,-0.958472566945668,0.));
#4748=DIRECTION('',(0.,0.,1.));
#4749=DIRECTION('center_axis',(0.,0.,1.));
#4750=DIRECTION('ref_axis',(0.732139568234274,0.681154646630067,0.));
#4751=DIRECTION('',(0.,0.,-1.));
#4752=DIRECTION('center_axis',(-0.35350778256402,-0.935431583637558,0.));
#4753=DIRECTION('ref_axis',(0.935431583637558,-0.35350778256402,0.));
#4754=DIRECTION('',(0.,0.,1.));
#4755=DIRECTION('center_axis',(0.,0.,1.));
#4756=DIRECTION('ref_axis',(-0.837722767892567,-0.546095746325145,0.));
#4757=DIRECTION('',(0.,0.,-1.));
#4758=DIRECTION('center_axis',(0.969997629574483,-0.243114373536171,0.));
#4759=DIRECTION('ref_axis',(0.243114373536171,0.969997629574483,0.));
#4760=DIRECTION('center_axis',(-0.938578553396255,-0.345065644630979,0.));
#4761=DIRECTION('ref_axis',(0.345065644630979,-0.938578553396255,0.));
#4762=DIRECTION('center_axis',(0.495969820232503,0.868339759206348,0.));
#4763=DIRECTION('ref_axis',(-0.868339759206348,0.495969820232503,0.));
#4764=DIRECTION('center_axis',(0.,0.,1.));
#4765=DIRECTION('ref_axis',(-0.0430297995203082,0.999073789243438,0.));
#4766=DIRECTION('center_axis',(0.,1.,0.));
#4767=DIRECTION('ref_axis',(-1.,0.,0.));
#4768=DIRECTION('center_axis',(-1.,0.,0.));
#4769=DIRECTION('ref_axis',(0.,-1.,0.));
#4770=DIRECTION('center_axis',(0.,0.,-1.));
#4771=DIRECTION('ref_axis',(0.875860449898713,-0.482564474762931,0.));
#4772=DIRECTION('center_axis',(0.,0.,1.));
#4773=DIRECTION('ref_axis',(0.875860449898713,-0.482564474762931,0.));
#4774=DIRECTION('',(0.,0.,-1.));
#4775=DIRECTION('',(0.,0.,-1.));
#4776=DIRECTION('center_axis',(-0.709852795777389,0.704350060926401,0.));
#4777=DIRECTION('ref_axis',(0.704350060926401,0.709852795777389,0.));
#4778=DIRECTION('',(-0.704350060926401,-0.709852795777389,0.));
#4779=DIRECTION('',(0.,0.,-1.));
#4780=DIRECTION('center_axis',(0.,0.,-1.));
#4781=DIRECTION('ref_axis',(-0.903891699241852,0.42776137745439,0.));
#4782=DIRECTION('center_axis',(0.,0.,1.));
#4783=DIRECTION('ref_axis',(-0.903891699241852,0.42776137745439,0.));
#4784=DIRECTION('',(0.,0.,-1.));
#4785=DIRECTION('center_axis',(0.691423884115803,-0.722449314813307,0.));
#4786=DIRECTION('ref_axis',(-0.722449314813307,-0.691423884115803,0.));
#4787=DIRECTION('',(0.722449314813307,0.691423884115803,0.));
#4788=DIRECTION('center_axis',(0.,0.,1.));
#4789=DIRECTION('ref_axis',(0.114349042505864,0.993440635608385,0.));
#4790=DIRECTION('center_axis',(0.,0.,1.));
#4791=DIRECTION('ref_axis',(1.,0.,0.));
#4792=DIRECTION('axis',(0.,0.,1.));
#4793=DIRECTION('refdir',(1.,0.,0.));
#4794=DIRECTION('center_axis',(0.,0.,1.));
#4795=DIRECTION('ref_axis',(1.,0.,0.));
#4796=DIRECTION('center_axis',(0.,0.,1.));
#4797=DIRECTION('ref_axis',(1.,0.,0.));
#4798=DIRECTION('',(0.,0.,-1.));
#4799=DIRECTION('center_axis',(0.,0.,-1.));
#4800=DIRECTION('ref_axis',(1.,0.,0.));
#4801=DIRECTION('center_axis',(0.,0.,1.));
#4802=DIRECTION('ref_axis',(-1.,4.53695835489693E-16,0.));
#4803=DIRECTION('center_axis',(0.,0.,-1.));
#4804=DIRECTION('ref_axis',(-1.,4.53695835489693E-16,0.));
#4805=DIRECTION('',(0.,0.,-1.));
#4806=DIRECTION('center_axis',(0.,0.,1.));
#4807=DIRECTION('ref_axis',(-1.,4.53695835489693E-16,0.));
#4808=DIRECTION('',(0.,0.,1.));
#4809=DIRECTION('center_axis',(0.841178461122478,-0.540757613486504,0.));
#4810=DIRECTION('ref_axis',(-0.540757613486504,-0.841178461122478,0.));
#4811=DIRECTION('',(0.540757613486504,0.841178461122478,0.));
#4812=DIRECTION('',(0.,0.,1.));
#4813=DIRECTION('',(-0.540757613486504,-0.841178461122478,0.));
#4814=DIRECTION('center_axis',(0.841178461122478,0.540757613486504,0.));
#4815=DIRECTION('ref_axis',(0.540757613486504,-0.841178461122478,0.));
#4816=DIRECTION('',(0.540757613486504,-0.841178461122478,0.));
#4817=DIRECTION('',(0.,0.,-1.));
#4818=DIRECTION('',(-0.540757613486504,0.841178461122478,0.));
#4819=DIRECTION('center_axis',(0.,0.,1.));
#4820=DIRECTION('ref_axis',(1.,0.,0.));
#4821=DIRECTION('',(0.,1.,0.));
#4822=DIRECTION('center_axis',(-1.,0.,0.));
#4823=DIRECTION('ref_axis',(0.,1.,0.));
#4824=DIRECTION('',(0.,0.,-1.));
#4825=DIRECTION('',(0.,1.,0.));
#4826=DIRECTION('',(0.,0.,1.));
#4827=DIRECTION('',(0.,1.,0.));
#4828=DIRECTION('center_axis',(0.,0.,-1.));
#4829=DIRECTION('ref_axis',(-0.707106781186546,0.707106781186549,0.));
#4830=DIRECTION('',(0.,0.,1.));
#4831=DIRECTION('center_axis',(0.,0.,1.));
#4832=DIRECTION('ref_axis',(-0.707106781186546,0.707106781186549,0.));
#4833=DIRECTION('center_axis',(0.,0.,1.));
#4834=DIRECTION('ref_axis',(-0.707106781186546,0.707106781186549,0.));
#4835=DIRECTION('center_axis',(9.25185853854297E-17,1.,0.));
#4836=DIRECTION('ref_axis',(1.,-9.25185853854297E-17,0.));
#4837=DIRECTION('',(0.,0.,-1.));
#4838=DIRECTION('',(1.,-9.25185853854297E-17,0.));
#4839=DIRECTION('',(1.,-9.25185853854297E-17,0.));
#4840=DIRECTION('center_axis',(0.,0.,-1.));
#4841=DIRECTION('ref_axis',(0.707106781186546,0.707106781186549,0.));
#4842=DIRECTION('',(0.,0.,1.));
#4843=DIRECTION('center_axis',(0.,0.,1.));
#4844=DIRECTION('ref_axis',(0.707106781186546,0.707106781186549,0.));
#4845=DIRECTION('center_axis',(0.,0.,1.));
#4846=DIRECTION('ref_axis',(0.707106781186546,0.707106781186549,0.));
#4847=DIRECTION('center_axis',(0.,0.,-1.));
#4848=DIRECTION('ref_axis',(-1.,0.,0.));
#4849=DIRECTION('',(0.540757613486504,-0.841178461122478,0.));
#4850=DIRECTION('center_axis',(0.,0.,1.));
#4851=DIRECTION('ref_axis',(1.,4.53695835489693E-16,0.));
#4852=DIRECTION('',(-0.540757613486504,-0.841178461122478,0.));
#4853=DIRECTION('',(0.,-1.,0.));
#4854=DIRECTION('center_axis',(0.,0.,1.));
#4855=DIRECTION('ref_axis',(-1.,0.,0.));
#4856=DIRECTION('center_axis',(0.,0.,1.));
#4857=DIRECTION('ref_axis',(0.707106781186548,-0.707106781186548,0.));
#4858=DIRECTION('',(0.,0.,-1.));
#4859=DIRECTION('center_axis',(0.,0.,1.));
#4860=DIRECTION('ref_axis',(0.707106781186548,-0.707106781186548,0.));
#4861=DIRECTION('',(0.,0.,1.));
#4862=DIRECTION('',(0.,0.,1.));
#4863=DIRECTION('center_axis',(0.,0.,-1.));
#4864=DIRECTION('ref_axis',(0.707106781186548,-0.707106781186548,0.));
#4865=DIRECTION('center_axis',(0.,0.,1.));
#4866=DIRECTION('ref_axis',(0.707106781186548,0.707106781186548,0.));
#4867=DIRECTION('',(0.,0.,1.));
#4868=DIRECTION('center_axis',(0.,0.,-1.));
#4869=DIRECTION('ref_axis',(0.707106781186548,0.707106781186548,0.));
#4870=DIRECTION('',(0.,0.,-1.));
#4871=DIRECTION('',(0.,0.,-1.));
#4872=DIRECTION('center_axis',(0.,0.,1.));
#4873=DIRECTION('ref_axis',(0.707106781186548,0.707106781186548,0.));
#4874=DIRECTION('center_axis',(0.,-1.,0.));
#4875=DIRECTION('ref_axis',(1.,0.,0.));
#4876=DIRECTION('',(0.,0.,1.));
#4877=DIRECTION('',(-1.,0.,0.));
#4878=DIRECTION('',(1.,0.,0.));
#4879=DIRECTION('center_axis',(0.,1.,0.));
#4880=DIRECTION('ref_axis',(-1.,0.,0.));
#4881=DIRECTION('',(0.,0.,-1.));
#4882=DIRECTION('',(-1.,0.,0.));
#4883=DIRECTION('',(1.,0.,0.));
#4884=DIRECTION('center_axis',(0.,0.,1.));
#4885=DIRECTION('ref_axis',(-0.707106781186548,-0.707106781186548,0.));
#4886=DIRECTION('center_axis',(0.,0.,-1.));
#4887=DIRECTION('ref_axis',(-0.707106781186548,-0.707106781186548,0.));
#4888=DIRECTION('',(0.,0.,-1.));
#4889=DIRECTION('center_axis',(0.,0.,1.));
#4890=DIRECTION('ref_axis',(-0.707106781186548,-0.707106781186548,0.));
#4891=DIRECTION('center_axis',(-1.,0.,0.));
#4892=DIRECTION('ref_axis',(0.,-1.,0.));
#4893=DIRECTION('',(0.,0.,1.));
#4894=DIRECTION('',(0.,1.,0.));
#4895=DIRECTION('center_axis',(0.,0.,1.));
#4896=DIRECTION('ref_axis',(-0.707106781186548,0.707106781186548,0.));
#4897=DIRECTION('center_axis',(0.,0.,-1.));
#4898=DIRECTION('ref_axis',(-0.707106781186548,0.707106781186548,0.));
#4899=DIRECTION('center_axis',(0.,0.,1.));
#4900=DIRECTION('ref_axis',(-0.707106781186548,0.707106781186548,0.));
#4901=DIRECTION('center_axis',(0.,0.,1.));
#4902=DIRECTION('ref_axis',(1.,0.,0.));
#4903=DIRECTION('',(0.540757613486504,0.841178461122478,0.));
#4904=DIRECTION('center_axis',(0.,0.,-1.));
#4905=DIRECTION('ref_axis',(1.,4.53695835489693E-16,0.));
#4906=DIRECTION('',(-0.540757613486504,0.841178461122478,0.));
#4907=DIRECTION('',(0.,-1.,0.));
#4908=DIRECTION('center_axis',(0.,0.,1.));
#4909=DIRECTION('ref_axis',(0.707106781186546,-0.707106781186549,0.));
#4910=DIRECTION('',(-1.,0.,0.));
#4911=DIRECTION('center_axis',(0.,0.,1.));
#4912=DIRECTION('ref_axis',(-0.707106781186546,-0.707106781186549,0.));
#4913=DIRECTION('center_axis',(0.,0.,-1.));
#4914=DIRECTION('ref_axis',(-1.,0.,0.));
#4915=DIRECTION('center_axis',(0.,0.,-1.));
#4916=DIRECTION('ref_axis',(-1.,0.,0.));
#4917=DIRECTION('',(0.,0.,-1.));
#4918=DIRECTION('center_axis',(0.,0.,-1.));
#4919=DIRECTION('ref_axis',(1.,4.53695835489693E-16,0.));
#4920=DIRECTION('',(0.,0.,1.));
#4921=DIRECTION('',(0.,0.,-1.));
#4922=DIRECTION('center_axis',(0.841178461122478,0.540757613486504,0.));
#4923=DIRECTION('ref_axis',(0.540757613486504,-0.841178461122478,0.));
#4924=DIRECTION('center_axis',(0.841178461122478,-0.540757613486504,0.));
#4925=DIRECTION('ref_axis',(-0.540757613486504,-0.841178461122478,0.));
#4926=DIRECTION('center_axis',(1.,0.,0.));
#4927=DIRECTION('ref_axis',(0.,1.,0.));
#4928=DIRECTION('',(0.,-1.,0.));
#4929=DIRECTION('center_axis',(0.,0.,1.));
#4930=DIRECTION('ref_axis',(1.,0.,0.));
#4931=DIRECTION('center_axis',(0.,0.,1.));
#4932=DIRECTION('ref_axis',(1.,0.,0.));
#4933=DIRECTION('',(0.,0.,1.));
#4934=DIRECTION('center_axis',(0.,0.,-1.));
#4935=DIRECTION('ref_axis',(1.,0.,0.));
#4936=DIRECTION('center_axis',(0.,0.,1.));
#4937=DIRECTION('ref_axis',(1.,0.,0.));
#4938=DIRECTION('center_axis',(0.,0.,-1.));
#4939=DIRECTION('ref_axis',(-0.707106781186546,-0.707106781186549,0.));
#4940=DIRECTION('',(0.,0.,-1.));
#4941=DIRECTION('center_axis',(0.,0.,1.));
#4942=DIRECTION('ref_axis',(-0.707106781186546,-0.707106781186549,0.));
#4943=DIRECTION('center_axis',(0.,0.,-1.));
#4944=DIRECTION('ref_axis',(-1.,0.,0.));
#4945=DIRECTION('',(-1.,0.,0.));
#4946=DIRECTION('center_axis',(0.,0.,1.));
#4947=DIRECTION('ref_axis',(0.707106781186546,-0.707106781186549,0.));
#4948=DIRECTION('',(0.,-1.,0.));
#4949=DIRECTION('center_axis',(0.,-1.,0.));
#4950=DIRECTION('ref_axis',(-1.,0.,0.));
#4951=DIRECTION('',(0.,0.,1.));
#4952=DIRECTION('center_axis',(0.,0.,-1.));
#4953=DIRECTION('ref_axis',(0.707106781186546,-0.707106781186549,0.));
#4954=DIRECTION('',(0.,0.,-1.));
#4955=DIRECTION('center_axis',(1.,0.,0.));
#4956=DIRECTION('ref_axis',(0.,-1.,0.));
#4957=DIRECTION('axis',(0.,0.,1.));
#4958=DIRECTION('refdir',(1.,0.,0.));
#4959=DIRECTION('center_axis',(1.,0.,0.));
#4960=DIRECTION('ref_axis',(0.,-1.,0.));
#4961=DIRECTION('center_axis',(1.,0.,0.));
#4962=DIRECTION('ref_axis',(0.,-1.,0.));
#4963=DIRECTION('',(1.,0.,0.));
#4964=DIRECTION('center_axis',(-1.,0.,0.));
#4965=DIRECTION('ref_axis',(0.,-1.,0.));
#4966=DIRECTION('center_axis',(0.,0.,-1.));
#4967=DIRECTION('ref_axis',(-1.,0.,0.));
#4968=DIRECTION('center_axis',(0.,0.,-1.));
#4969=DIRECTION('ref_axis',(-1.,0.,0.));
#4970=DIRECTION('',(0.,0.,-1.));
#4971=DIRECTION('center_axis',(0.,0.,1.));
#4972=DIRECTION('ref_axis',(-1.,0.,0.));
#4973=DIRECTION('center_axis',(0.,0.,-1.));
#4974=DIRECTION('ref_axis',(-1.,0.,0.));
#4975=DIRECTION('center_axis',(0.,0.,-1.));
#4976=DIRECTION('ref_axis',(-1.,0.,0.));
#4977=DIRECTION('',(0.,0.,-1.));
#4978=DIRECTION('center_axis',(-2.48352699516729E-9,0.,1.));
#4979=DIRECTION('ref_axis',(-1.,0.,-2.48352699516729E-9));
#4980=DIRECTION('center_axis',(0.,0.,1.));
#4981=DIRECTION('ref_axis',(1.,0.,0.));
#4982=DIRECTION('',(-1.,0.,0.));
#4983=DIRECTION('',(0.,1.,0.));
#4984=DIRECTION('',(1.,0.,0.));
#4985=DIRECTION('',(0.,1.,0.));
#4986=DIRECTION('center_axis',(0.,1.,0.));
#4987=DIRECTION('ref_axis',(0.,0.,1.));
#4988=DIRECTION('',(-1.,0.,0.));
#4989=DIRECTION('',(0.,0.,1.));
#4990=DIRECTION('',(0.,0.,-1.));
#4991=DIRECTION('center_axis',(0.,0.,1.));
#4992=DIRECTION('ref_axis',(1.,0.,0.));
#4993=DIRECTION('',(-1.,0.,0.));
#4994=DIRECTION('',(0.,1.,0.));
#4995=DIRECTION('',(1.,0.,0.));
#4996=DIRECTION('',(0.,1.,0.));
#4997=DIRECTION('center_axis',(0.,1.,0.));
#4998=DIRECTION('ref_axis',(0.,0.,1.));
#4999=DIRECTION('',(-1.,0.,0.));
#5000=DIRECTION('',(0.,0.,1.));
#5001=DIRECTION('',(0.,0.,-1.));
#5002=DIRECTION('center_axis',(0.,0.,-1.));
#5003=DIRECTION('ref_axis',(-1.,0.,0.));
#5004=DIRECTION('',(1.,0.,0.));
#5005=DIRECTION('',(0.,1.,0.));
#5006=DIRECTION('',(-1.,0.,0.));
#5007=DIRECTION('',(0.,1.,0.));
#5008=DIRECTION('center_axis',(0.,1.,0.));
#5009=DIRECTION('ref_axis',(0.,0.,1.));
#5010=DIRECTION('',(0.,0.,-1.));
#5011=DIRECTION('',(-1.,0.,-2.48352699516729E-9));
#5012=DIRECTION('',(0.,0.,1.));
#5013=DIRECTION('',(1.,0.,0.));
#5014=DIRECTION('',(0.,0.,1.));
#5015=DIRECTION('',(1.,0.,0.));
#5016=DIRECTION('',(0.,0.,1.));
#5017=DIRECTION('',(1.,0.,0.));
#5018=DIRECTION('',(0.,0.,-1.));
#5019=DIRECTION('center_axis',(0.,1.,0.));
#5020=DIRECTION('ref_axis',(0.,0.,1.));
#5021=DIRECTION('',(0.,0.,1.));
#5022=DIRECTION('',(-1.,0.,0.));
#5023=DIRECTION('',(0.,0.,-1.));
#5024=DIRECTION('',(0.,0.,1.));
#5025=DIRECTION('',(-1.,0.,0.));
#5026=DIRECTION('',(0.,0.,1.));
#5027=DIRECTION('',(0.,0.,-1.));
#5028=DIRECTION('center_axis',(1.,0.,0.));
#5029=DIRECTION('ref_axis',(0.,0.,-1.));
#5030=DIRECTION('',(0.,0.,-1.));
#5031=DIRECTION('',(0.,1.,0.));
#5032=DIRECTION('',(0.,1.,0.));
#5033=DIRECTION('center_axis',(0.,0.,-1.));
#5034=DIRECTION('ref_axis',(-1.,0.,0.));
#5035=DIRECTION('',(-1.,0.,0.));
#5036=DIRECTION('',(0.,1.,0.));
#5037=DIRECTION('center_axis',(-1.,0.,0.));
#5038=DIRECTION('ref_axis',(0.,0.,1.));
#5039=DIRECTION('',(0.,0.,1.));
#5040=DIRECTION('',(0.,1.,0.));
#5041=DIRECTION('center_axis',(0.,0.,-1.));
#5042=DIRECTION('ref_axis',(-1.,0.,0.));
#5043=DIRECTION('',(-1.,0.,0.));
#5044=DIRECTION('',(0.,1.,0.));
#5045=DIRECTION('center_axis',(1.,0.,0.));
#5046=DIRECTION('ref_axis',(0.,0.,-1.));
#5047=DIRECTION('',(0.,0.,-1.));
#5048=DIRECTION('',(0.,1.,0.));
#5049=DIRECTION('center_axis',(0.,0.,-1.));
#5050=DIRECTION('ref_axis',(-1.,0.,0.));
#5051=DIRECTION('',(-1.,0.,0.));
#5052=DIRECTION('',(0.,1.,0.));
#5053=DIRECTION('center_axis',(-1.,0.,0.));
#5054=DIRECTION('ref_axis',(0.,0.,1.));
#5055=DIRECTION('',(0.,0.,1.));
#5056=DIRECTION('',(0.,1.,0.));
#5057=DIRECTION('center_axis',(0.,0.,-1.));
#5058=DIRECTION('ref_axis',(-1.,0.,0.));
#5059=DIRECTION('',(-1.,0.,0.));
#5060=DIRECTION('',(0.,1.,0.));
#5061=DIRECTION('center_axis',(1.,0.,0.));
#5062=DIRECTION('ref_axis',(0.,0.,-1.));
#5063=DIRECTION('',(0.,0.,-1.));
#5064=DIRECTION('',(0.,1.,0.));
#5065=DIRECTION('center_axis',(0.,0.,1.));
#5066=DIRECTION('ref_axis',(1.,0.,0.));
#5067=DIRECTION('',(1.,0.,0.));
#5068=DIRECTION('',(0.,1.,0.));
#5069=DIRECTION('center_axis',(-1.,0.,0.));
#5070=DIRECTION('ref_axis',(0.,0.,1.));
#5071=DIRECTION('',(0.,0.,1.));
#5072=DIRECTION('',(0.,1.,0.));
#5073=DIRECTION('center_axis',(0.,0.,1.));
#5074=DIRECTION('ref_axis',(1.,0.,0.));
#5075=DIRECTION('',(1.,0.,0.));
#5076=DIRECTION('',(0.,1.,0.));
#5077=DIRECTION('center_axis',(-1.,0.,0.));
#5078=DIRECTION('ref_axis',(0.,0.,1.));
#5079=DIRECTION('',(0.,0.,1.));
#5080=DIRECTION('',(0.,1.,0.));
#5081=DIRECTION('center_axis',(0.,0.,1.));
#5082=DIRECTION('ref_axis',(1.,0.,0.));
#5083=DIRECTION('',(1.,0.,0.));
#5084=DIRECTION('',(0.,1.,0.));
#5085=DIRECTION('center_axis',(-1.,0.,0.));
#5086=DIRECTION('ref_axis',(0.,0.,1.));
#5087=DIRECTION('',(0.,0.,1.));
#5088=DIRECTION('',(0.,1.,0.));
#5089=DIRECTION('center_axis',(2.48352699516729E-9,0.,-1.));
#5090=DIRECTION('ref_axis',(-1.,0.,-2.48352699516729E-9));
#5091=DIRECTION('',(-1.,0.,-2.48352699516729E-9));
#5092=DIRECTION('center_axis',(0.,1.,0.));
#5093=DIRECTION('ref_axis',(1.,0.,0.));
#5094=DIRECTION('',(0.,0.,1.));
#5095=DIRECTION('',(1.,0.,0.));
#5096=DIRECTION('',(0.,0.,1.));
#5097=DIRECTION('',(1.,0.,0.));
#5098=DIRECTION('',(0.,0.,1.));
#5099=DIRECTION('',(1.,0.,0.));
#5100=DIRECTION('',(0.,0.,1.));
#5101=DIRECTION('',(1.,0.,0.));
#5102=CARTESIAN_POINT('',(0.,0.,0.));
#5103=CARTESIAN_POINT('',(0.,0.,0.));
#5104=CARTESIAN_POINT('Origin',(13.6999997161329,43.725,3.));
#5105=CARTESIAN_POINT('',(12.6999997161329,24.0284271247462,3.));
#5106=CARTESIAN_POINT('',(13.6999997161329,24.0284271247462,2.));
#5107=CARTESIAN_POINT('Origin',(13.6999997161329,24.0284271247462,3.));
#5108=CARTESIAN_POINT('',(13.6999997161329,25.2,2.));
#5109=CARTESIAN_POINT('',(13.6999997161329,43.725,2.));
#5110=CARTESIAN_POINT('',(12.6999997161329,25.2,3.));
#5111=CARTESIAN_POINT('Origin',(13.6999997161329,25.2,3.));
#5112=CARTESIAN_POINT('',(12.6999997161329,43.725,3.));
#5113=CARTESIAN_POINT('Ctrl Pts',(11.6999997161329,21.2,2.));
#5114=CARTESIAN_POINT('Ctrl Pts',(11.7008603806127,21.2024343267609,2.));
#5115=CARTESIAN_POINT('Ctrl Pts',(11.7017210559111,21.2048686943986,2.00000412395171));
#5116=CARTESIAN_POINT('Ctrl Pts',(11.8004106964579,21.4840015937751,2.00063821727988));
#5117=CARTESIAN_POINT('Ctrl Pts',(11.9980243779986,22.0389656751407,2.09746330713295));
#5118=CARTESIAN_POINT('Ctrl Pts',(12.2721608293339,22.6854596751381,2.3924195019068));
#5119=CARTESIAN_POINT('Ctrl Pts',(12.4635041626461,23.098517317623,2.62064508133708));
#5120=CARTESIAN_POINT('Ctrl Pts',(12.581885423073,23.4010209994156,2.76911509961986));
#5121=CARTESIAN_POINT('Ctrl Pts',(12.6480975201187,23.6149837346909,2.86187205840919));
#5122=CARTESIAN_POINT('Ctrl Pts',(12.6904222428694,23.8257813518657,2.93939327053531));
#5123=CARTESIAN_POINT('Ctrl Pts',(12.6999997161329,23.9618617139184,2.98117245864448));
#5124=CARTESIAN_POINT('Ctrl Pts',(12.6999997161329,24.0284271247462,3.));
#5125=CARTESIAN_POINT('Ctrl Pts',(11.6999997161329,21.2,2.));
#5126=CARTESIAN_POINT('Ctrl Pts',(11.7010232707996,21.202204995428,2.00000764576018));
#5127=CARTESIAN_POINT('Ctrl Pts',(11.7020499006045,21.2044033794691,1.99999303889085));
#5128=CARTESIAN_POINT('Ctrl Pts',(11.8195325958742,21.4567019593898,2.00138640698245));
#5129=CARTESIAN_POINT('Ctrl Pts',(12.0544493586039,21.960878108066,2.05927536980002));
#5130=CARTESIAN_POINT('Ctrl Pts',(12.3540754842207,22.6038653748991,2.25130950707345));
#5131=CARTESIAN_POINT('Ctrl Pts',(12.5366692212142,23.0495702701549,2.41133648563803));
#5132=CARTESIAN_POINT('Ctrl Pts',(12.6362091261764,23.376031409675,2.52081068517575));
#5133=CARTESIAN_POINT('Ctrl Pts',(12.6848983235755,23.604430821224,2.59140846215027));
#5134=CARTESIAN_POINT('Ctrl Pts',(12.7081963326046,23.8239106963233,2.65204836190905));
#5135=CARTESIAN_POINT('Ctrl Pts',(12.705628659836,23.9618915862524,2.68557010497969));
#5136=CARTESIAN_POINT('Ctrl Pts',(12.6999997161329,24.0284271247462,2.70080069965811));
#5137=CARTESIAN_POINT('Ctrl Pts',(11.6999997161329,21.2,2.));
#5138=CARTESIAN_POINT('Ctrl Pts',(11.7013110388875,21.2017971527259,2.00000201710051));
#5139=CARTESIAN_POINT('Ctrl Pts',(11.7026228225938,21.2035933723468,1.99999804465328));
#5140=CARTESIAN_POINT('Ctrl Pts',(11.853025369442,21.4095527306961,2.00036309438672));
#5141=CARTESIAN_POINT('Ctrl Pts',(12.1537816195462,21.8219050997258,2.01351495470016));
#5142=CARTESIAN_POINT('Ctrl Pts',(12.5372458348907,22.4150579128203,2.05965142634501));
#5143=CARTESIAN_POINT('Ctrl Pts',(12.7667564923812,22.8872338919674,2.10104908837754));
#5144=CARTESIAN_POINT('Ctrl Pts',(12.8875393706453,23.256360222654,2.13087425898017));
#5145=CARTESIAN_POINT('Ctrl Pts',(12.9440065129522,23.5225017105043,2.15072669293375));
#5146=CARTESIAN_POINT('Ctrl Pts',(12.9673894787333,23.7831474629801,2.16828975488979));
#5147=CARTESIAN_POINT('Ctrl Pts',(12.960159652921,23.9484899478257,2.17825113640815));
#5148=CARTESIAN_POINT('Ctrl Pts',(12.951147156319,24.0284271247462,2.18282198007453));
#5149=CARTESIAN_POINT('Ctrl Pts',(11.6999997161329,21.2,2.));
#5150=CARTESIAN_POINT('Ctrl Pts',(11.701598214183,21.2013904745811,2.));
#5151=CARTESIAN_POINT('Ctrl Pts',(11.7031963148198,21.2027825943459,2.));
#5152=CARTESIAN_POINT('Ctrl Pts',(11.8865013080695,21.3622898678546,2.));
#5153=CARTESIAN_POINT('Ctrl Pts',(12.2533635317361,21.681827413738,2.));
#5154=CARTESIAN_POINT('Ctrl Pts',(12.7522450994185,22.1887111435644,2.));
#5155=CARTESIAN_POINT('Ctrl Pts',(13.088991063065,22.6549484070771,2.));
#5156=CARTESIAN_POINT('Ctrl Pts',(13.2910133735753,23.06210707562,2.));
#5157=CARTESIAN_POINT('Ctrl Pts',(13.400713263872,23.3758986183453,2.));
#5158=CARTESIAN_POINT('Ctrl Pts',(13.4670201835425,23.7022497510567,2.));
#5159=CARTESIAN_POINT('Ctrl Pts',(13.4782998936038,23.9205532789723,2.));
#5160=CARTESIAN_POINT('Ctrl Pts',(13.4756002408765,24.0284271247462,2.));
#5161=CARTESIAN_POINT('Ctrl Pts',(11.6999997161329,21.2,2.));
#5162=CARTESIAN_POINT('Ctrl Pts',(11.7017210450929,21.2012171633807,2.));
#5163=CARTESIAN_POINT('Ctrl Pts',(11.7034423956893,21.2024342839764,2.));
#5164=CARTESIAN_POINT('Ctrl Pts',(11.9008216767824,21.3420133633644,2.));
#5165=CARTESIAN_POINT('Ctrl Pts',(12.2960490398641,21.6217918397324,2.));
#5166=CARTESIAN_POINT('Ctrl Pts',(12.8443219425347,22.0917061905244,2.));
#5167=CARTESIAN_POINT('Ctrl Pts',(13.2270086091592,22.5554959371338,2.));
#5168=CARTESIAN_POINT('Ctrl Pts',(13.463771130013,22.9789262785045,2.));
#5169=CARTESIAN_POINT('Ctrl Pts',(13.5961953241044,23.3131677748304,2.));
#5170=CARTESIAN_POINT('Ctrl Pts',(13.680844769606,23.6676195735025,2.));
#5171=CARTESIAN_POINT('Ctrl Pts',(13.6999997161329,23.9086093852561,2.));
#5172=CARTESIAN_POINT('Ctrl Pts',(13.6999997161329,24.0284271247462,2.));
#5173=CARTESIAN_POINT('',(11.6999997161329,21.2,2.));
#5174=CARTESIAN_POINT('Ctrl Pts',(12.6999997161329,24.0284271247462,3.));
#5175=CARTESIAN_POINT('Ctrl Pts',(12.6999997161329,23.9618617139184,2.98117245864448));
#5176=CARTESIAN_POINT('Ctrl Pts',(12.6904222428694,23.8257813518657,2.93939327053531));
#5177=CARTESIAN_POINT('Ctrl Pts',(12.6480975201187,23.6149837346909,2.86187205840919));
#5178=CARTESIAN_POINT('Ctrl Pts',(12.581885423073,23.4010209994156,2.76911509961986));
#5179=CARTESIAN_POINT('Ctrl Pts',(12.4635041626461,23.098517317623,2.62064508133708));
#5180=CARTESIAN_POINT('Ctrl Pts',(12.2721608293339,22.6854596751381,2.3924195019068));
#5181=CARTESIAN_POINT('Ctrl Pts',(11.9980243779986,22.0389656751407,2.09746330713295));
#5182=CARTESIAN_POINT('Ctrl Pts',(11.8004106964579,21.4840015937751,2.00063821727988));
#5183=CARTESIAN_POINT('Ctrl Pts',(11.7017210559111,21.2048686943986,2.00000412395171));
#5184=CARTESIAN_POINT('Ctrl Pts',(11.7008603806127,21.2024343267609,2.));
#5185=CARTESIAN_POINT('Ctrl Pts',(11.6999997161329,21.2,2.));
#5186=CARTESIAN_POINT('Ctrl Pts',(11.6999997161329,21.2,2.));
#5187=CARTESIAN_POINT('Ctrl Pts',(11.7017210450929,21.2012171633807,2.));
#5188=CARTESIAN_POINT('Ctrl Pts',(11.7034423956893,21.2024342839764,2.));
#5189=CARTESIAN_POINT('Ctrl Pts',(11.9008216767824,21.3420133633644,2.));
#5190=CARTESIAN_POINT('Ctrl Pts',(12.2960490398641,21.6217918397324,2.));
#5191=CARTESIAN_POINT('Ctrl Pts',(12.8443219425347,22.0917061905244,2.));
#5192=CARTESIAN_POINT('Ctrl Pts',(13.2270086091592,22.5554959371338,2.));
#5193=CARTESIAN_POINT('Ctrl Pts',(13.463771130013,22.9789262785045,2.));
#5194=CARTESIAN_POINT('Ctrl Pts',(13.5961953241044,23.3131677748304,2.));
#5195=CARTESIAN_POINT('Ctrl Pts',(13.680844769606,23.6676195735025,2.));
#5196=CARTESIAN_POINT('Ctrl Pts',(13.6999997161329,23.9086093852561,2.));
#5197=CARTESIAN_POINT('Ctrl Pts',(13.6999997161329,24.0284271247462,2.));
#5198=CARTESIAN_POINT('Origin',(11.6999997161329,21.2,4.));
#5199=CARTESIAN_POINT('',(12.6999997161329,24.2,4.));
#5200=CARTESIAN_POINT('Origin',(12.6999997161329,21.2,4.));
#5201=CARTESIAN_POINT('',(11.6999997161329,23.2,4.));
#5202=CARTESIAN_POINT('Origin',(11.6999997161329,24.2,4.));
#5203=CARTESIAN_POINT('Origin',(11.6999997161329,21.2,4.));
#5204=CARTESIAN_POINT('Origin',(12.6999997161329,23.2,11.));
#5205=CARTESIAN_POINT('',(12.6999997161329,25.2,11.));
#5206=CARTESIAN_POINT('',(12.6999997161329,25.2,5.5));
#5207=CARTESIAN_POINT('',(12.6999997161329,117.8,11.));
#5208=CARTESIAN_POINT('',(12.6999997161329,35.8,11.));
#5209=CARTESIAN_POINT('',(12.6999997161329,117.8,13.));
#5210=CARTESIAN_POINT('',(12.6999997161329,117.8,5.5));
#5211=CARTESIAN_POINT('',(12.6999997161329,52.0284271247462,13.));
#5212=CARTESIAN_POINT('',(12.6999997161329,35.8,13.));
#5213=CARTESIAN_POINT('',(12.6999997161329,43.0173241863184,13.));
#5214=CARTESIAN_POINT('',(12.6999997161329,35.8,13.));
#5215=CARTESIAN_POINT('',(12.6999997161329,40.3715728752538,12.));
#5216=CARTESIAN_POINT('Origin',(12.6999997161329,40.3715728752538,16.));
#5217=CARTESIAN_POINT('',(12.6999997161329,24.2,12.));
#5218=CARTESIAN_POINT('',(12.6999997161329,47.3499999999998,12.));
#5219=CARTESIAN_POINT('',(12.6999997161329,24.2,6.5));
#5220=CARTESIAN_POINT('Origin',(57.1000002838671,92.025,3.));
#5221=CARTESIAN_POINT('',(57.1000002838671,24.0284271247462,2.));
#5222=CARTESIAN_POINT('',(58.1000002838671,24.0284271247462,3.));
#5223=CARTESIAN_POINT('Origin',(57.1000002838671,24.0284271247462,3.));
#5224=CARTESIAN_POINT('',(58.1000002838671,25.2,3.));
#5225=CARTESIAN_POINT('',(58.1000002838671,92.025,3.));
#5226=CARTESIAN_POINT('',(57.1000002838671,25.2,2.));
#5227=CARTESIAN_POINT('Origin',(57.1000002838671,25.2,3.));
#5228=CARTESIAN_POINT('',(57.1000002838671,92.025,2.));
#5229=CARTESIAN_POINT('Ctrl Pts',(58.1000002838671,24.0284271247462,3.));
#5230=CARTESIAN_POINT('Ctrl Pts',(58.1000002838671,23.762165481435,2.9246898345779));
#5231=CARTESIAN_POINT('Ctrl Pts',(58.1998723182821,23.4169494320962,2.78674954245774));
#5232=CARTESIAN_POINT('Ctrl Pts',(58.4135546640301,22.9338126590346,2.52888471718471));
#5233=CARTESIAN_POINT('Ctrl Pts',(58.5335159889156,22.6669469075085,2.38896261931932));
#5234=CARTESIAN_POINT('Ctrl Pts',(58.6650323252374,22.3636531312704,2.24541371860473));
#5235=CARTESIAN_POINT('Ctrl Pts',(58.8049402764386,22.0150317890889,2.11582075355167));
#5236=CARTESIAN_POINT('Ctrl Pts',(58.950273625414,21.6236439698641,2.02319271366759));
#5237=CARTESIAN_POINT('Ctrl Pts',(59.0485059989368,21.3456744611473,2.00038583325879));
#5238=CARTESIAN_POINT('Ctrl Pts',(59.0982789214435,21.204868437885,2.00000336913348));
#5239=CARTESIAN_POINT('Ctrl Pts',(59.0991396193873,21.2024343267609,2.));
#5240=CARTESIAN_POINT('Ctrl Pts',(59.1000002838672,21.2,2.));
#5241=CARTESIAN_POINT('Ctrl Pts',(58.1000002838671,24.0284271247462,2.70080069965812));
#5242=CARTESIAN_POINT('Ctrl Pts',(58.0767787902358,23.7628462257494,2.63990555703069));
#5243=CARTESIAN_POINT('Ctrl Pts',(58.1397680431459,23.3938008793174,2.53010312197492));
#5244=CARTESIAN_POINT('Ctrl Pts',(58.3361288527126,22.8717364956697,2.3466894000206));
#5245=CARTESIAN_POINT('Ctrl Pts',(58.455538068527,22.5907403688831,2.25068211657522));
#5246=CARTESIAN_POINT('Ctrl Pts',(58.595136693296,22.2832724766155,2.15557255966296));
#5247=CARTESIAN_POINT('Ctrl Pts',(58.7520393600297,21.9462612715806,2.0723998338657));
#5248=CARTESIAN_POINT('Ctrl Pts',(58.9215504262786,21.5833142132037,2.01439043417502));
#5249=CARTESIAN_POINT('Ctrl Pts',(59.0386745913365,21.3317973538672,2.00024769631234));
#5250=CARTESIAN_POINT('Ctrl Pts',(59.0979513050081,21.2044048191185,2.00000198508831));
#5251=CARTESIAN_POINT('Ctrl Pts',(59.0989756832958,21.2022024861171,2.));
#5252=CARTESIAN_POINT('Ctrl Pts',(59.1000002838672,21.2,2.));
#5253=CARTESIAN_POINT('Ctrl Pts',(57.8487553475333,24.0284271247462,2.18293896170206));
#5254=CARTESIAN_POINT('Ctrl Pts',(57.812948496179,23.7084748740856,2.16459638841365));
#5255=CARTESIAN_POINT('Ctrl Pts',(57.8800390656294,23.2627348927822,2.13288440954679));
#5256=CARTESIAN_POINT('Ctrl Pts',(58.1257998434289,22.6981977610221,2.08436746087579));
#5257=CARTESIAN_POINT('Ctrl Pts',(58.276710266202,22.4120067750445,2.0599402154388));
#5258=CARTESIAN_POINT('Ctrl Pts',(58.4546434479198,22.1188335277929,2.03654181169346));
#5259=CARTESIAN_POINT('Ctrl Pts',(58.6551135458919,21.8185777999246,2.01674142609709));
#5260=CARTESIAN_POINT('Ctrl Pts',(58.8719172351648,21.512770657687,2.00325889606589));
#5261=CARTESIAN_POINT('Ctrl Pts',(59.021538283103,21.3075209533235,2.00005185696478));
#5262=CARTESIAN_POINT('Ctrl Pts',(59.097377195651,21.2035933864455,2.00000051813289));
#5263=CARTESIAN_POINT('Ctrl Pts',(59.0986887951358,21.2017967649903,2.));
#5264=CARTESIAN_POINT('Ctrl Pts',(59.1000002838672,21.2,2.));
#5265=CARTESIAN_POINT('Ctrl Pts',(57.3243997591236,24.0284271247462,2.00000000000001));
#5266=CARTESIAN_POINT('Ctrl Pts',(57.3137343807475,23.5968575686894,2.00019419182121));
#5267=CARTESIAN_POINT('Ctrl Pts',(57.4737189598155,23.0472377957542,1.99996978896209));
#5268=CARTESIAN_POINT('Ctrl Pts',(57.8467206530874,22.4687940157294,2.00015052708477));
#5269=CARTESIAN_POINT('Ctrl Pts',(58.0599610839187,22.1958905338392,2.00014668929371));
#5270=CARTESIAN_POINT('Ctrl Pts',(58.2974729670364,21.9357026023827,2.00014106122587));
#5271=CARTESIAN_POINT('Ctrl Pts',(58.5534754704264,21.6853550768654,2.00009487499747));
#5272=CARTESIAN_POINT('Ctrl Pts',(58.82197256998,21.442288051879,2.00005484767346));
#5273=CARTESIAN_POINT('Ctrl Pts',(59.0043712003178,21.2832535025573,2.00000571889405));
#5274=CARTESIAN_POINT('Ctrl Pts',(59.0968034328354,21.2027818501107,1.99999993519938));
#5275=CARTESIAN_POINT('Ctrl Pts',(59.0984019069757,21.2013910438636,2.));
#5276=CARTESIAN_POINT('Ctrl Pts',(59.1000002838672,21.2,2.));
#5277=CARTESIAN_POINT('Ctrl Pts',(57.1000002838672,24.0284271247462,2.00000000000001));
#5278=CARTESIAN_POINT('Ctrl Pts',(57.1000002838672,23.549156166786,2.00000000000001));
#5279=CARTESIAN_POINT('Ctrl Pts',(57.299744352697,22.9550486687054,2.));
#5280=CARTESIAN_POINT('Ctrl Pts',(57.7271090441931,22.3705569773461,2.00000000000001));
#5281=CARTESIAN_POINT('Ctrl Pts',(57.9670316939641,22.1033072974145,2.));
#5282=CARTESIAN_POINT('Ctrl Pts',(58.2300643666076,21.8572273390292,2.));
#5283=CARTESIAN_POINT('Ctrl Pts',(58.50988026901,21.628259098978,2.));
#5284=CARTESIAN_POINT('Ctrl Pts',(58.8005469669608,21.4120802092248,2.));
#5285=CARTESIAN_POINT('Ctrl Pts',(58.9970117140063,21.2728530732772,2.));
#5286=CARTESIAN_POINT('Ctrl Pts',(59.0965575590198,21.2024340498809,2.));
#5287=CARTESIAN_POINT('Ctrl Pts',(59.0982789549071,21.2012171633807,2.));
#5288=CARTESIAN_POINT('Ctrl Pts',(59.1000002838672,21.2,2.));
#5289=CARTESIAN_POINT('',(59.1000002838672,21.2,2.));
#5290=CARTESIAN_POINT('Ctrl Pts',(57.1000002838672,24.0284271247462,2.00000000000001));
#5291=CARTESIAN_POINT('Ctrl Pts',(57.1000002838672,23.549156166786,2.00000000000001));
#5292=CARTESIAN_POINT('Ctrl Pts',(57.299744352697,22.9550486687054,2.));
#5293=CARTESIAN_POINT('Ctrl Pts',(57.7271090441931,22.3705569773461,2.00000000000001));
#5294=CARTESIAN_POINT('Ctrl Pts',(57.9670316939641,22.1033072974145,2.));
#5295=CARTESIAN_POINT('Ctrl Pts',(58.2300643666076,21.8572273390292,2.));
#5296=CARTESIAN_POINT('Ctrl Pts',(58.50988026901,21.628259098978,2.));
#5297=CARTESIAN_POINT('Ctrl Pts',(58.8005469669608,21.4120802092248,2.));
#5298=CARTESIAN_POINT('Ctrl Pts',(58.9970117140063,21.2728530732772,2.));
#5299=CARTESIAN_POINT('Ctrl Pts',(59.0965575590198,21.2024340498809,2.));
#5300=CARTESIAN_POINT('Ctrl Pts',(59.0982789549071,21.2012171633807,2.));
#5301=CARTESIAN_POINT('Ctrl Pts',(59.1000002838672,21.2,2.));
#5302=CARTESIAN_POINT('Ctrl Pts',(59.1000002838672,21.2,2.));
#5303=CARTESIAN_POINT('Ctrl Pts',(59.0991396193873,21.2024343267609,2.));
#5304=CARTESIAN_POINT('Ctrl Pts',(59.0982789214435,21.204868437885,2.00000336913348));
#5305=CARTESIAN_POINT('Ctrl Pts',(59.0485059989368,21.3456744611473,2.00038583325879));
#5306=CARTESIAN_POINT('Ctrl Pts',(58.950273625414,21.6236439698641,2.02319271366759));
#5307=CARTESIAN_POINT('Ctrl Pts',(58.8049402764386,22.0150317890889,2.11582075355167));
#5308=CARTESIAN_POINT('Ctrl Pts',(58.6650323252374,22.3636531312704,2.24541371860473));
#5309=CARTESIAN_POINT('Ctrl Pts',(58.5335159889156,22.6669469075085,2.38896261931932));
#5310=CARTESIAN_POINT('Ctrl Pts',(58.4135546640301,22.9338126590346,2.52888471718471));
#5311=CARTESIAN_POINT('Ctrl Pts',(58.1998723182821,23.4169494320962,2.78674954245774));
#5312=CARTESIAN_POINT('Ctrl Pts',(58.1000002838671,23.762165481435,2.9246898345779));
#5313=CARTESIAN_POINT('Ctrl Pts',(58.1000002838671,24.0284271247462,3.));
#5314=CARTESIAN_POINT('Origin',(35.4,64.25,2.));
#5315=CARTESIAN_POINT('',(70.8,0.,2.));
#5316=CARTESIAN_POINT('',(70.8,128.5,2.));
#5317=CARTESIAN_POINT('',(70.8,5.55111512312578E-16,2.));
#5318=CARTESIAN_POINT('',(0.,128.5,2.));
#5319=CARTESIAN_POINT('',(70.8,128.5,2.));
#5320=CARTESIAN_POINT('',(0.,0.,2.));
#5321=CARTESIAN_POINT('',(0.,128.5,2.));
#5322=CARTESIAN_POINT('',(0.,0.,2.));
#5323=CARTESIAN_POINT('',(7.1,21.2,2.));
#5324=CARTESIAN_POINT('',(21.25,21.2,2.));
#5325=CARTESIAN_POINT('',(1.1,27.2,2.));
#5326=CARTESIAN_POINT('Origin',(7.1,27.2,2.));
#5327=CARTESIAN_POINT('',(1.1,115.8,2.));
#5328=CARTESIAN_POINT('',(1.1,90.025,2.));
#5329=CARTESIAN_POINT('',(7.1,121.8,2.));
#5330=CARTESIAN_POINT('Origin',(7.1,115.8,2.));
#5331=CARTESIAN_POINT('',(63.7,121.8,2.));
#5332=CARTESIAN_POINT('',(49.55,121.8,2.));
#5333=CARTESIAN_POINT('',(69.7,115.8,2.));
#5334=CARTESIAN_POINT('Origin',(63.7,115.8,2.));
#5335=CARTESIAN_POINT('',(69.7,27.2,2.));
#5336=CARTESIAN_POINT('',(69.7,45.725,2.));
#5337=CARTESIAN_POINT('',(63.7,21.2,2.));
#5338=CARTESIAN_POINT('Origin',(63.7,27.2,2.));
#5339=CARTESIAN_POINT('',(21.25,21.2,2.));
#5340=CARTESIAN_POINT('',(39.1999998580664,25.2,2.));
#5341=CARTESIAN_POINT('',(16.66,16.5,2.));
#5342=CARTESIAN_POINT('Origin',(20.16,16.5,2.));
#5343=CARTESIAN_POINT('',(5.9,3.,2.));
#5344=CARTESIAN_POINT('Origin',(7.5,3.,2.));
#5345=CARTESIAN_POINT('',(61.7,125.5,2.));
#5346=CARTESIAN_POINT('Origin',(63.3,125.5,2.));
#5347=CARTESIAN_POINT('',(61.7,3.,2.));
#5348=CARTESIAN_POINT('Origin',(63.3,3.,2.));
#5349=CARTESIAN_POINT('',(5.9,125.5,2.));
#5350=CARTESIAN_POINT('Origin',(7.5,125.5,2.));
#5351=CARTESIAN_POINT('',(31.9001,16.5,2.));
#5352=CARTESIAN_POINT('Origin',(35.4001,16.5,2.));
#5353=CARTESIAN_POINT('Origin',(11.6999997161329,24.2,6.5));
#5354=CARTESIAN_POINT('',(11.6999997161329,23.2,13.));
#5355=CARTESIAN_POINT('',(11.6999997161329,23.2,6.5));
#5356=CARTESIAN_POINT('Origin',(11.6999997161329,24.2,12.));
#5357=CARTESIAN_POINT('Origin',(11.6999997161329,47.3499999999998,12.));
#5358=CARTESIAN_POINT('',(11.6999997161329,40.3715728752538,13.));
#5359=CARTESIAN_POINT('Origin',(11.6999997161329,40.3715728752538,12.));
#5360=CARTESIAN_POINT('',(11.6999997161329,47.3499999999998,13.));
#5361=CARTESIAN_POINT('Origin',(11.6999997161329,40.3715728752538,16.));
#5362=CARTESIAN_POINT('',(11.6999997161151,41.5830705521706,13.2555012518084));
#5363=CARTESIAN_POINT('Ctrl Pts',(12.6999997161329,43.0173241863184,13.));
#5364=CARTESIAN_POINT('Ctrl Pts',(12.6999997161329,42.6859647572732,13.));
#5365=CARTESIAN_POINT('Ctrl Pts',(12.6279050739075,42.3666971559171,13.0050749169474));
#5366=CARTESIAN_POINT('Ctrl Pts',(12.4762136793542,41.9393306664901,13.0251578873069));
#5367=CARTESIAN_POINT('Ctrl Pts',(12.4005535312701,41.7805155841017,13.0372720528175));
#5368=CARTESIAN_POINT('Ctrl Pts',(12.2807955726594,41.6014086467441,13.0622122401446));
#5369=CARTESIAN_POINT('Ctrl Pts',(12.2335690374137,41.5415602039813,13.0728652591958));
#5370=CARTESIAN_POINT('Ctrl Pts',(12.1479714252935,41.4686937199339,13.0950013216594));
#5371=CARTESIAN_POINT('Ctrl Pts',(12.1117241363799,41.4451739572476,13.1049521104181));
#5372=CARTESIAN_POINT('Ctrl Pts',(12.0410552460925,41.4205494562184,13.1260840323506));
#5373=CARTESIAN_POINT('Ctrl Pts',(12.0095290176799,41.4162262745838,13.1360546442722));
#5374=CARTESIAN_POINT('Ctrl Pts',(11.9435716083608,41.4212959256114,13.1581867838584));
#5375=CARTESIAN_POINT('Ctrl Pts',(11.9113474425322,41.4310938075838,13.1696669881182));
#5376=CARTESIAN_POINT('Ctrl Pts',(11.8257482984262,41.4709113818595,13.201675282389));
#5377=CARTESIAN_POINT('Ctrl Pts',(11.7662407900026,41.5155112950954,13.2256787266381));
#5378=CARTESIAN_POINT('Ctrl Pts',(11.6999997161329,41.5830705521343,13.2555012517924));
#5379=CARTESIAN_POINT('Origin',(11.6999997161329,40.3715728752538,16.));
#5380=CARTESIAN_POINT('Origin',(21.25,21.2,4.));
#5381=CARTESIAN_POINT('',(7.1,23.2,4.));
#5382=CARTESIAN_POINT('',(21.25,23.2,4.));
#5383=CARTESIAN_POINT('Origin',(7.1,21.2,4.));
#5384=CARTESIAN_POINT('Origin',(7.1,23.2,2.));
#5385=CARTESIAN_POINT('',(7.1,23.2,13.));
#5386=CARTESIAN_POINT('',(12.6999997161329,23.2,13.));
#5387=CARTESIAN_POINT('',(7.1,23.2,11.));
#5388=CARTESIAN_POINT('',(7.1,23.2,11.));
#5389=CARTESIAN_POINT('',(7.1,23.2,2.));
#5390=CARTESIAN_POINT('Origin',(7.89999985806606,71.4999999999996,13.));
#5391=CARTESIAN_POINT('',(3.1,40.3715728752538,13.));
#5392=CARTESIAN_POINT('',(3.09999999999997,40.3715728752538,13.));
#5393=CARTESIAN_POINT('',(3.1,27.2,13.));
#5394=CARTESIAN_POINT('',(3.10000000000001,115.8,13.));
#5395=CARTESIAN_POINT('Origin',(7.09999753448776,27.1999975344878,13.));
#5396=CARTESIAN_POINT('',(11.,35.8,13.));
#5397=CARTESIAN_POINT('Origin',(9.7,35.8,13.));
#5398=CARTESIAN_POINT('Origin',(3.09999999999997,40.3715728752538,16.));
#5399=CARTESIAN_POINT('',(10.1,43.2,15.));
#5400=CARTESIAN_POINT('Ctrl Pts',(10.1,43.2,15.));
#5401=CARTESIAN_POINT('Ctrl Pts',(10.1071709815417,43.1927561937877,14.9795114220226));
#5402=CARTESIAN_POINT('Ctrl Pts',(10.1145477007745,43.1853062613117,14.959148326075));
#5403=CARTESIAN_POINT('Ctrl Pts',(10.2584521191844,43.0400033194763,14.5748874482171));
#5404=CARTESIAN_POINT('Ctrl Pts',(10.4627670885112,42.8342189809961,14.2551840089196));
#5405=CARTESIAN_POINT('Ctrl Pts',(10.9846968399221,42.3080832327468,13.6625509834836));
#5406=CARTESIAN_POINT('Ctrl Pts',(11.350191471331,41.9398399060148,13.4129891149961));
#5407=CARTESIAN_POINT('Ctrl Pts',(11.6999997161052,41.5830705521625,13.2555012518048));
#5408=CARTESIAN_POINT('',(3.09999999999997,43.2,15.));
#5409=CARTESIAN_POINT('',(3.09999999999997,43.2,15.));
#5410=CARTESIAN_POINT('Origin',(3.1,40.3715728752538,16.));
#5411=CARTESIAN_POINT('Origin',(12.931575963275,35.8,15.9910487193892));
#5412=CARTESIAN_POINT('',(10.1,49.2,15.));
#5413=CARTESIAN_POINT('Ctrl Pts',(10.1,49.2,15.));
#5414=CARTESIAN_POINT('Ctrl Pts',(10.1345170270543,49.2348675636038,14.9013796373291));
#5415=CARTESIAN_POINT('Ctrl Pts',(10.173891934693,49.2746027552211,14.805460809055));
#5416=CARTESIAN_POINT('Ctrl Pts',(10.3845667639487,49.4870845341434,14.3580494325092));
#5417=CARTESIAN_POINT('Ctrl Pts',(10.6157838205745,49.7199313420015,14.0555392275082));
#5418=CARTESIAN_POINT('Ctrl Pts',(11.1676995483532,50.276639394766,13.5257379384979));
#5419=CARTESIAN_POINT('Ctrl Pts',(11.5367493473579,50.6486447501055,13.3100844684935));
#5420=CARTESIAN_POINT('Ctrl Pts',(12.0491821965669,51.1747965437532,13.117956399448));
#5421=CARTESIAN_POINT('Ctrl Pts',(12.2142424371667,51.3455099569542,13.0741737085299));
#5422=CARTESIAN_POINT('Ctrl Pts',(12.4356563164176,51.587904727363,13.0313777546596));
#5423=CARTESIAN_POINT('Ctrl Pts',(12.5042753974756,51.6651869190219,13.0209845474733));
#5424=CARTESIAN_POINT('Ctrl Pts',(12.5969842223025,51.7852567839981,13.0096022484134));
#5425=CARTESIAN_POINT('Ctrl Pts',(12.6258453765667,51.8251843735806,13.0065620963236));
#5426=CARTESIAN_POINT('Ctrl Pts',(12.6759383852754,51.9139824037135,13.0018542506808));
#5427=CARTESIAN_POINT('Ctrl Pts',(12.6999997161329,51.961216605567,13.));
#5428=CARTESIAN_POINT('Ctrl Pts',(12.6999997161329,52.0284271247462,13.));
#5429=CARTESIAN_POINT('',(10.1,43.2,15.));
#5430=CARTESIAN_POINT('Origin',(59.1000002838671,24.2,6.5));
#5431=CARTESIAN_POINT('',(58.1000002838671,24.2,12.));
#5432=CARTESIAN_POINT('',(58.1000002838671,24.2,4.));
#5433=CARTESIAN_POINT('',(58.1000002838671,24.2,6.5));
#5434=CARTESIAN_POINT('',(59.1000002838671,23.2,4.));
#5435=CARTESIAN_POINT('Origin',(59.1000002838671,24.2,4.));
#5436=CARTESIAN_POINT('',(59.1000002838671,23.2,13.));
#5437=CARTESIAN_POINT('',(59.1000002838671,23.2,6.5));
#5438=CARTESIAN_POINT('Origin',(59.1000002838671,24.2,12.));
#5439=CARTESIAN_POINT('Origin',(59.1000002838672,21.2,4.));
#5440=CARTESIAN_POINT('Origin',(59.1000002838672,21.2,4.));
#5441=CARTESIAN_POINT('Origin',(58.1000002838671,21.2,4.));
#5442=CARTESIAN_POINT('Origin',(59.1000002838671,95.6499999999998,12.));
#5443=CARTESIAN_POINT('',(59.1000002838671,40.3715728752538,13.));
#5444=CARTESIAN_POINT('',(59.1000002838671,95.6499999999998,13.));
#5445=CARTESIAN_POINT('',(58.1000002838671,40.3715728752538,12.));
#5446=CARTESIAN_POINT('Origin',(59.1000002838671,40.3715728752538,12.));
#5447=CARTESIAN_POINT('',(58.1000002838671,95.6499999999998,12.));
#5448=CARTESIAN_POINT('Origin',(59.1000002838671,40.3715728752538,16.));
#5449=CARTESIAN_POINT('',(59.1000002838849,41.5830705521706,13.2555012518084));
#5450=CARTESIAN_POINT('',(58.1000002838671,43.0173241863184,13.));
#5451=CARTESIAN_POINT('Ctrl Pts',(59.1000002838671,41.5830705521343,13.2555012517924));
#5452=CARTESIAN_POINT('Ctrl Pts',(59.0427963368629,41.5247282588482,13.2297473494355));
#5453=CARTESIAN_POINT('Ctrl Pts',(58.9914011188731,41.4842725016139,13.2086914537677));
#5454=CARTESIAN_POINT('Ctrl Pts',(58.9088731616338,41.4384747167789,13.1769994769367));
#5455=CARTESIAN_POINT('Ctrl Pts',(58.8710484876462,41.423999806834,13.1632370647595));
#5456=CARTESIAN_POINT('Ctrl Pts',(58.7990486628857,41.41588515973,13.1388413827871));
#5457=CARTESIAN_POINT('Ctrl Pts',(58.7675128366758,41.4189240194119,13.1287582880859));
#5458=CARTESIAN_POINT('Ctrl Pts',(58.7029152229153,41.4389540995215,13.1092373895812));
#5459=CARTESIAN_POINT('Ctrl Pts',(58.6719450022042,41.4562261666333,13.1005082834377));
#5460=CARTESIAN_POINT('Ctrl Pts',(58.5976485658865,41.5112309099486,13.0806398989544));
#5461=CARTESIAN_POINT('Ctrl Pts',(58.5564996958305,41.5563569963439,13.0708017503358));
#5462=CARTESIAN_POINT('Ctrl Pts',(58.4507216926258,41.6942250113977,13.0472112666345));
#5463=CARTESIAN_POINT('Ctrl Pts',(58.3846608756619,41.8148560496827,13.0352386641955));
#5464=CARTESIAN_POINT('Ctrl Pts',(58.2555115958187,42.1125270912577,13.0152276961311));
#5465=CARTESIAN_POINT('Ctrl Pts',(58.1983328212469,42.2947009315386,13.0089916217326));
#5466=CARTESIAN_POINT('Ctrl Pts',(58.1217465669426,42.6521140131234,13.0015196274238));
#5467=CARTESIAN_POINT('Ctrl Pts',(58.1000002838671,42.8355977134148,13.));
#5468=CARTESIAN_POINT('Ctrl Pts',(58.1000002838671,43.0173241863184,13.));
#5469=CARTESIAN_POINT('Origin',(58.1000002838671,40.3715728752538,16.));
#5470=CARTESIAN_POINT('Origin',(59.1000002838671,40.3715728752538,16.));
#5471=CARTESIAN_POINT('Origin',(58.1000002838672,119.8,11.));
#5472=CARTESIAN_POINT('',(58.1000002838671,52.0284271247462,13.));
#5473=CARTESIAN_POINT('',(58.1000002838671,35.8,13.));
#5474=CARTESIAN_POINT('',(58.1000002838672,117.8,13.));
#5475=CARTESIAN_POINT('',(58.1000002838671,35.8,13.));
#5476=CARTESIAN_POINT('',(58.1000002838672,117.8,11.));
#5477=CARTESIAN_POINT('',(58.1000002838672,117.8,5.5));
#5478=CARTESIAN_POINT('',(58.1000002838671,25.2,11.));
#5479=CARTESIAN_POINT('',(58.1000002838671,35.8,11.));
#5480=CARTESIAN_POINT('',(58.1000002838671,25.2,1.));
#5481=CARTESIAN_POINT('Origin',(57.868424036725,35.8,15.9910487193892));
#5482=CARTESIAN_POINT('',(60.7,43.2,15.));
#5483=CARTESIAN_POINT('Ctrl Pts',(59.1000002838948,41.5830705521625,13.2555012518048));
#5484=CARTESIAN_POINT('Ctrl Pts',(59.449808528669,41.9398399060148,13.4129891149961));
#5485=CARTESIAN_POINT('Ctrl Pts',(59.8153031600778,42.3080832327468,13.6625509834836));
#5486=CARTESIAN_POINT('Ctrl Pts',(60.3372329114888,42.8342189809961,14.2551840089196));
#5487=CARTESIAN_POINT('Ctrl Pts',(60.5415478808155,43.0400033194763,14.5748874482171));
#5488=CARTESIAN_POINT('Ctrl Pts',(60.6854522992255,43.1853062613117,14.959148326075));
#5489=CARTESIAN_POINT('Ctrl Pts',(60.6928290184583,43.1927561937877,14.9795114220226));
#5490=CARTESIAN_POINT('Ctrl Pts',(60.7,43.2,15.));
#5491=CARTESIAN_POINT('',(60.7,49.2,15.));
#5492=CARTESIAN_POINT('',(60.7,43.2,15.));
#5493=CARTESIAN_POINT('Ctrl Pts',(60.7,49.2,15.));
#5494=CARTESIAN_POINT('Ctrl Pts',(60.6928290184583,49.2072438062124,14.9795114220226));
#5495=CARTESIAN_POINT('Ctrl Pts',(60.6854522992255,49.2146937386884,14.959148326075));
#5496=CARTESIAN_POINT('Ctrl Pts',(60.5415478808156,49.3599966805237,14.5748874482171));
#5497=CARTESIAN_POINT('Ctrl Pts',(60.3372329114888,49.5657810190039,14.2551840089196));
#5498=CARTESIAN_POINT('Ctrl Pts',(59.7903977382346,50.117022890676,13.6342717457953));
#5499=CARTESIAN_POINT('Ctrl Pts',(59.3893377020118,50.520875601994,13.3735515074635));
#5500=CARTESIAN_POINT('Ctrl Pts',(58.8271564995947,51.0958589819786,13.1411451198654));
#5501=CARTESIAN_POINT('Ctrl Pts',(58.6444222237189,51.2836467268957,13.0883263667855));
#5502=CARTESIAN_POINT('Ctrl Pts',(58.3988377595913,51.5493462158825,13.0371269423792));
#5503=CARTESIAN_POINT('Ctrl Pts',(58.3223474762976,51.633907107789,13.0247671304445));
#5504=CARTESIAN_POINT('Ctrl Pts',(58.2183882212882,51.7643649394327,13.0113253534733));
#5505=CARTESIAN_POINT('Ctrl Pts',(58.1859367356998,51.8075024368216,13.007760397434));
#5506=CARTESIAN_POINT('Ctrl Pts',(58.1430371625934,51.8793741270811,13.0036091681805));
#5507=CARTESIAN_POINT('Ctrl Pts',(58.1297970571546,51.9043372622304,13.0024371647417));
#5508=CARTESIAN_POINT('Ctrl Pts',(58.1084315195808,51.9602085071615,13.0006455064565));
#5509=CARTESIAN_POINT('Ctrl Pts',(58.1000002838671,51.9909983626039,13.));
#5510=CARTESIAN_POINT('Ctrl Pts',(58.1000002838671,52.0284271247462,13.));
#5511=CARTESIAN_POINT('Origin',(65.7,25.2,0.));
#5512=CARTESIAN_POINT('',(63.7,25.2,11.));
#5513=CARTESIAN_POINT('',(63.7,25.2,11.));
#5514=CARTESIAN_POINT('',(63.7,25.2,0.));
#5515=CARTESIAN_POINT('',(63.7,25.2,0.));
#5516=CARTESIAN_POINT('',(7.1,25.2,0.));
#5517=CARTESIAN_POINT('',(65.7,25.2,0.));
#5518=CARTESIAN_POINT('',(7.1,25.2,11.));
#5519=CARTESIAN_POINT('',(7.1,25.2,0.));
#5520=CARTESIAN_POINT('',(63.7,25.2,11.));
#5521=CARTESIAN_POINT('Origin',(7.1,23.2,2.));
#5522=CARTESIAN_POINT('',(63.7,23.2,4.));
#5523=CARTESIAN_POINT('',(21.25,23.2,4.));
#5524=CARTESIAN_POINT('',(63.7,23.2,11.));
#5525=CARTESIAN_POINT('',(63.7,23.2,2.));
#5526=CARTESIAN_POINT('',(63.7,23.2,13.));
#5527=CARTESIAN_POINT('',(63.7,23.2,11.));
#5528=CARTESIAN_POINT('',(58.1000002838671,23.2,13.));
#5529=CARTESIAN_POINT('Origin',(21.25,21.2,4.));
#5530=CARTESIAN_POINT('Origin',(63.7,21.2,4.));
#5531=CARTESIAN_POINT('Origin',(10.1,52.0284271247462,16.));
#5532=CARTESIAN_POINT('',(3.1,52.0284271247462,13.));
#5533=CARTESIAN_POINT('',(10.1,52.0284271247462,13.));
#5534=CARTESIAN_POINT('',(3.09999999999997,49.2,15.));
#5535=CARTESIAN_POINT('Origin',(3.1,52.0284271247462,16.));
#5536=CARTESIAN_POINT('',(10.1,49.2,15.));
#5537=CARTESIAN_POINT('Origin',(7.89999985806606,71.4999999999996,13.));
#5538=CARTESIAN_POINT('',(12.6999997161328,119.8,13.));
#5539=CARTESIAN_POINT('',(12.6999997161329,35.8,13.));
#5540=CARTESIAN_POINT('',(7.1,119.8,13.));
#5541=CARTESIAN_POINT('',(12.6999997161328,119.8,13.));
#5542=CARTESIAN_POINT('',(3.10000000000002,115.8,13.));
#5543=CARTESIAN_POINT('Origin',(7.1,115.8,13.));
#5544=CARTESIAN_POINT('',(3.10000000000001,115.8,13.));
#5545=CARTESIAN_POINT('',(11.,110.94,13.));
#5546=CARTESIAN_POINT('Origin',(9.69999999999999,110.94,13.));
#5547=CARTESIAN_POINT('Origin',(62.9000001419339,71.4999999999996,13.));
#5548=CARTESIAN_POINT('',(67.7,52.0284271247462,13.));
#5549=CARTESIAN_POINT('',(60.7,52.0284271247462,13.));
#5550=CARTESIAN_POINT('',(67.7,115.8,13.));
#5551=CARTESIAN_POINT('',(67.7,115.8,13.));
#5552=CARTESIAN_POINT('',(63.7,119.8,13.));
#5553=CARTESIAN_POINT('Origin',(63.7,115.8,13.));
#5554=CARTESIAN_POINT('',(58.1000002838672,119.8,13.));
#5555=CARTESIAN_POINT('',(58.1000002838672,119.8,13.));
#5556=CARTESIAN_POINT('',(58.1000002838671,35.8,13.));
#5557=CARTESIAN_POINT('',(62.4,110.94,13.));
#5558=CARTESIAN_POINT('Origin',(61.1,110.94,13.));
#5559=CARTESIAN_POINT('Origin',(62.9000001419339,71.4999999999996,13.));
#5560=CARTESIAN_POINT('',(67.7,27.2,13.));
#5561=CARTESIAN_POINT('Origin',(63.7000024655122,27.1999975344878,13.));
#5562=CARTESIAN_POINT('',(67.7,40.3715728752538,13.));
#5563=CARTESIAN_POINT('',(67.7,115.8,13.));
#5564=CARTESIAN_POINT('',(67.7,40.3715728752538,13.));
#5565=CARTESIAN_POINT('',(62.4,35.8,13.));
#5566=CARTESIAN_POINT('Origin',(61.1,35.8,13.));
#5567=CARTESIAN_POINT('Origin',(67.7,40.3715728752538,16.));
#5568=CARTESIAN_POINT('',(67.7,43.2,15.));
#5569=CARTESIAN_POINT('Origin',(67.7,40.3715728752538,16.));
#5570=CARTESIAN_POINT('',(67.7,43.2,15.));
#5571=CARTESIAN_POINT('Origin',(60.7,52.0284271247462,16.));
#5572=CARTESIAN_POINT('',(67.7,49.2,15.));
#5573=CARTESIAN_POINT('Origin',(67.7,52.0284271247462,16.));
#5574=CARTESIAN_POINT('',(60.7,49.2,15.));
#5575=CARTESIAN_POINT('Origin',(6.59999999999997,46.2,15.));
#5576=CARTESIAN_POINT('',(3.09999999999997,49.2,15.));
#5577=CARTESIAN_POINT('',(9.14999999999997,46.3,15.));
#5578=CARTESIAN_POINT('Origin',(7.39999999999997,46.3,15.));
#5579=CARTESIAN_POINT('Origin',(3.1,115.8,2.));
#5580=CARTESIAN_POINT('',(3.10000000000001,115.8,4.));
#5581=CARTESIAN_POINT('',(3.10000000000001,115.8,2.));
#5582=CARTESIAN_POINT('',(3.1,27.2,4.));
#5583=CARTESIAN_POINT('',(3.1,90.025,4.));
#5584=CARTESIAN_POINT('',(3.1,27.2,11.));
#5585=CARTESIAN_POINT('',(3.1,27.2,2.));
#5586=CARTESIAN_POINT('',(3.1,27.2,11.));
#5587=CARTESIAN_POINT('Origin',(64.2,46.2,15.));
#5588=CARTESIAN_POINT('',(67.7,49.2,15.));
#5589=CARTESIAN_POINT('',(65.15,46.3,15.));
#5590=CARTESIAN_POINT('Origin',(63.4,46.3,15.));
#5591=CARTESIAN_POINT('Origin',(63.7,115.8,4.));
#5592=CARTESIAN_POINT('',(63.7,119.8,4.));
#5593=CARTESIAN_POINT('Origin',(63.7,121.8,4.));
#5594=CARTESIAN_POINT('',(67.7,115.8,4.));
#5595=CARTESIAN_POINT('Origin',(63.7,115.8,4.));
#5596=CARTESIAN_POINT('Origin',(69.7,115.8,4.));
#5597=CARTESIAN_POINT('Origin',(69.7,45.725,4.));
#5598=CARTESIAN_POINT('',(67.7,27.2,4.));
#5599=CARTESIAN_POINT('Origin',(69.7,27.2,4.));
#5600=CARTESIAN_POINT('',(67.7,45.725,4.));
#5601=CARTESIAN_POINT('Origin',(63.7,27.2,4.));
#5602=CARTESIAN_POINT('Origin',(63.7,27.2,4.));
#5603=CARTESIAN_POINT('Origin',(7.1,27.2,4.));
#5604=CARTESIAN_POINT('Origin',(1.1,27.2,4.));
#5605=CARTESIAN_POINT('Origin',(7.1,27.2,4.));
#5606=CARTESIAN_POINT('Origin',(1.1,90.025,4.));
#5607=CARTESIAN_POINT('Origin',(1.1,115.8,4.));
#5608=CARTESIAN_POINT('Origin',(7.1,115.8,4.));
#5609=CARTESIAN_POINT('',(7.1,119.8,4.));
#5610=CARTESIAN_POINT('Origin',(7.1,121.8,4.));
#5611=CARTESIAN_POINT('Origin',(7.1,115.8,4.));
#5612=CARTESIAN_POINT('Origin',(49.55,121.8,4.));
#5613=CARTESIAN_POINT('',(49.55,119.8,4.));
#5614=CARTESIAN_POINT('Origin',(63.7,27.2,2.));
#5615=CARTESIAN_POINT('',(67.7,27.2,11.));
#5616=CARTESIAN_POINT('',(67.7,27.2,2.));
#5617=CARTESIAN_POINT('Origin',(63.7,27.2,11.));
#5618=CARTESIAN_POINT('Origin',(67.7,27.2,2.));
#5619=CARTESIAN_POINT('',(67.7,27.2,11.));
#5620=CARTESIAN_POINT('',(67.7,115.8,2.));
#5621=CARTESIAN_POINT('Origin',(63.7,115.8,2.));
#5622=CARTESIAN_POINT('',(63.7,119.8,2.));
#5623=CARTESIAN_POINT('Origin',(56.1000002838671,95.65,13.));
#5624=CARTESIAN_POINT('',(56.1000002838672,117.8,11.));
#5625=CARTESIAN_POINT('Origin',(56.1000002838672,117.8,13.));
#5626=CARTESIAN_POINT('',(56.1000002838672,119.8,11.));
#5627=CARTESIAN_POINT('Origin',(56.1000002838672,119.8,13.));
#5628=CARTESIAN_POINT('',(56.1000002838671,95.65,11.));
#5629=CARTESIAN_POINT('Origin',(14.6999997161329,47.35,13.));
#5630=CARTESIAN_POINT('',(14.6999997161329,117.8,11.));
#5631=CARTESIAN_POINT('Origin',(14.6999997161329,117.8,13.));
#5632=CARTESIAN_POINT('',(14.6999997161329,119.8,11.));
#5633=CARTESIAN_POINT('',(14.6999997161329,47.35,11.));
#5634=CARTESIAN_POINT('Origin',(14.6999997161329,119.8,13.));
#5635=CARTESIAN_POINT('Origin',(35.4,71.5,11.));
#5636=CARTESIAN_POINT('',(7.1,119.8,11.));
#5637=CARTESIAN_POINT('',(7.1,117.8,11.));
#5638=CARTESIAN_POINT('Origin',(9.69999999999999,110.94,11.));
#5639=CARTESIAN_POINT('',(11.,110.94,11.));
#5640=CARTESIAN_POINT('',(11.,110.94,11.));
#5641=CARTESIAN_POINT('Origin',(9.69999999999999,110.94,11.));
#5642=CARTESIAN_POINT('Origin',(9.7,35.8,11.));
#5643=CARTESIAN_POINT('',(11.,35.8,11.));
#5644=CARTESIAN_POINT('',(11.,35.8,11.));
#5645=CARTESIAN_POINT('Origin',(9.7,35.8,11.));
#5646=CARTESIAN_POINT('Origin',(7.39999999999997,46.3,11.));
#5647=CARTESIAN_POINT('',(9.14999999999997,46.3,11.));
#5648=CARTESIAN_POINT('',(9.14999999999997,46.3,11.));
#5649=CARTESIAN_POINT('Origin',(7.39999999999997,46.3,11.));
#5650=CARTESIAN_POINT('Origin',(7.09999753448776,27.1999975344878,11.));
#5651=CARTESIAN_POINT('Origin',(7.1,27.2,11.));
#5652=CARTESIAN_POINT('Origin',(7.89999985806606,71.4999999999996,11.));
#5653=CARTESIAN_POINT('',(5.1,27.2,11.));
#5654=CARTESIAN_POINT('',(5.10000000000001,115.8,11.));
#5655=CARTESIAN_POINT('',(5.1,27.2,11.));
#5656=CARTESIAN_POINT('',(7.1,117.8,11.));
#5657=CARTESIAN_POINT('Origin',(7.1,115.8,11.));
#5658=CARTESIAN_POINT('',(7.1,117.8,11.));
#5659=CARTESIAN_POINT('Origin',(7.1,27.2,11.));
#5660=CARTESIAN_POINT('Origin',(62.9000001419339,71.4999999999996,11.));
#5661=CARTESIAN_POINT('',(65.7,115.8,11.));
#5662=CARTESIAN_POINT('',(65.7,27.2,11.));
#5663=CARTESIAN_POINT('',(65.7,115.8,11.));
#5664=CARTESIAN_POINT('Origin',(63.7,27.2,11.));
#5665=CARTESIAN_POINT('',(63.7,117.8,11.));
#5666=CARTESIAN_POINT('',(7.1,117.8,11.));
#5667=CARTESIAN_POINT('Origin',(63.7,115.8,11.));
#5668=CARTESIAN_POINT('',(65.15,46.3,11.));
#5669=CARTESIAN_POINT('Origin',(63.4,46.3,11.));
#5670=CARTESIAN_POINT('',(62.4,35.8,11.));
#5671=CARTESIAN_POINT('Origin',(61.1,35.8,11.));
#5672=CARTESIAN_POINT('',(62.4,110.94,11.));
#5673=CARTESIAN_POINT('Origin',(61.1,110.94,11.));
#5674=CARTESIAN_POINT('Origin',(61.1,35.8,11.));
#5675=CARTESIAN_POINT('',(62.4,35.8,11.));
#5676=CARTESIAN_POINT('Origin',(63.4,46.3,11.));
#5677=CARTESIAN_POINT('',(65.15,46.3,11.));
#5678=CARTESIAN_POINT('Origin',(61.1,110.94,11.));
#5679=CARTESIAN_POINT('',(62.4,110.94,11.));
#5680=CARTESIAN_POINT('Origin',(63.7000024655122,27.1999975344878,11.));
#5681=CARTESIAN_POINT('Origin',(7.1,27.2,2.));
#5682=CARTESIAN_POINT('Origin',(7.1,115.8,2.));
#5683=CARTESIAN_POINT('',(7.1,119.8,2.));
#5684=CARTESIAN_POINT('Origin',(63.7,119.8,2.));
#5685=CARTESIAN_POINT('Origin',(63.7,27.2,0.));
#5686=CARTESIAN_POINT('',(65.7,27.2,0.));
#5687=CARTESIAN_POINT('Origin',(63.7,27.2,0.));
#5688=CARTESIAN_POINT('',(65.7,27.2,0.));
#5689=CARTESIAN_POINT('Origin',(7.1,27.2,0.));
#5690=CARTESIAN_POINT('',(5.1,27.2,0.));
#5691=CARTESIAN_POINT('Origin',(7.1,27.2,0.));
#5692=CARTESIAN_POINT('',(5.1,27.2,0.));
#5693=CARTESIAN_POINT('Origin',(5.1,25.2,0.));
#5694=CARTESIAN_POINT('',(5.1,115.8,0.));
#5695=CARTESIAN_POINT('',(5.1,25.2,0.));
#5696=CARTESIAN_POINT('',(5.1,115.8,0.));
#5697=CARTESIAN_POINT('Origin',(7.1,115.8,0.));
#5698=CARTESIAN_POINT('',(7.1,117.8,0.));
#5699=CARTESIAN_POINT('Origin',(7.1,115.8,0.));
#5700=CARTESIAN_POINT('',(7.1,117.8,0.));
#5701=CARTESIAN_POINT('Origin',(5.1,117.8,0.));
#5702=CARTESIAN_POINT('',(63.7,117.8,0.));
#5703=CARTESIAN_POINT('',(5.1,117.8,0.));
#5704=CARTESIAN_POINT('',(63.7,117.8,0.));
#5705=CARTESIAN_POINT('Origin',(63.7,115.8,0.));
#5706=CARTESIAN_POINT('',(65.7,115.8,0.));
#5707=CARTESIAN_POINT('Origin',(63.7,115.8,0.));
#5708=CARTESIAN_POINT('',(65.7,115.8,0.));
#5709=CARTESIAN_POINT('Origin',(65.7,117.8,0.));
#5710=CARTESIAN_POINT('',(65.7,117.8,0.));
#5711=CARTESIAN_POINT('Origin',(35.4001,16.5,0.));
#5712=CARTESIAN_POINT('',(31.9001,16.5,0.));
#5713=CARTESIAN_POINT('',(31.9001,16.5,0.));
#5714=CARTESIAN_POINT('Origin',(35.4001,16.5,0.));
#5715=CARTESIAN_POINT('Origin',(7.5,125.5,0.));
#5716=CARTESIAN_POINT('',(5.9,125.5,0.));
#5717=CARTESIAN_POINT('',(5.9,125.5,0.));
#5718=CARTESIAN_POINT('Origin',(7.5,125.5,0.));
#5719=CARTESIAN_POINT('Origin',(63.3,3.,0.));
#5720=CARTESIAN_POINT('',(61.7,3.,0.));
#5721=CARTESIAN_POINT('',(61.7,3.,0.));
#5722=CARTESIAN_POINT('Origin',(63.3,3.,0.));
#5723=CARTESIAN_POINT('Origin',(63.3,125.5,0.));
#5724=CARTESIAN_POINT('',(61.7,125.5,0.));
#5725=CARTESIAN_POINT('',(61.7,125.5,0.));
#5726=CARTESIAN_POINT('Origin',(63.3,125.5,0.));
#5727=CARTESIAN_POINT('Origin',(7.5,3.,0.));
#5728=CARTESIAN_POINT('',(5.9,3.,0.));
#5729=CARTESIAN_POINT('',(5.9,3.,0.));
#5730=CARTESIAN_POINT('Origin',(7.5,3.,0.));
#5731=CARTESIAN_POINT('Origin',(20.16,16.5,0.));
#5732=CARTESIAN_POINT('',(16.66,16.5,0.));
#5733=CARTESIAN_POINT('',(16.66,16.5,0.));
#5734=CARTESIAN_POINT('Origin',(20.16,16.5,0.));
#5735=CARTESIAN_POINT('Origin',(0.,0.,0.));
#5736=CARTESIAN_POINT('',(0.,0.,0.));
#5737=CARTESIAN_POINT('',(70.8,5.55111512312578E-16,0.));
#5738=CARTESIAN_POINT('',(0.,0.,0.));
#5739=CARTESIAN_POINT('',(70.8,5.55111512312578E-16,0.));
#5740=CARTESIAN_POINT('',(0.,0.,0.));
#5741=CARTESIAN_POINT('Origin',(0.,128.5,0.));
#5742=CARTESIAN_POINT('',(0.,128.5,0.));
#5743=CARTESIAN_POINT('',(0.,128.5,0.));
#5744=CARTESIAN_POINT('',(0.,128.5,0.));
#5745=CARTESIAN_POINT('Origin',(70.8,128.5,0.));
#5746=CARTESIAN_POINT('',(70.8,128.5,0.));
#5747=CARTESIAN_POINT('',(70.8,128.5,0.));
#5748=CARTESIAN_POINT('',(70.8,128.5,0.));
#5749=CARTESIAN_POINT('Origin',(70.8,5.55111512312578E-16,0.));
#5750=CARTESIAN_POINT('',(70.8,5.55111512312578E-16,0.));
#5751=CARTESIAN_POINT('Origin',(35.4,64.25,0.));
#5752=CARTESIAN_POINT('',(0.,0.,0.));
#5753=CARTESIAN_POINT('Origin',(12.3674306144972,-8.44104206267233,-8.5));
#5754=CARTESIAN_POINT('',(12.3674306144972,-12.4410420626723,-8.5));
#5755=CARTESIAN_POINT('Origin',(12.3674306144972,-8.44104206267233,-8.5));
#5756=CARTESIAN_POINT('',(10.3674306144972,-12.4410420626723,-8.5));
#5757=CARTESIAN_POINT('',(12.3674306144972,-12.4410420626723,-8.5));
#5758=CARTESIAN_POINT('Origin',(10.3674306144972,-8.44104206267233,-8.5));
#5759=CARTESIAN_POINT('Origin',(9.36743061449718,-19.4910420626723,-17.5));
#5760=CARTESIAN_POINT('',(7.96743061449718,-19.4910420626723,-17.5));
#5761=CARTESIAN_POINT('Origin',(9.36743061449718,-19.4910420626723,-17.5));
#5762=CARTESIAN_POINT('',(7.96743061449718,-19.4910420626723,-15.5));
#5763=CARTESIAN_POINT('',(7.96743061449718,-19.4910420626723,-17.5));
#5764=CARTESIAN_POINT('Origin',(9.36743061449718,-19.4910420626723,-15.5));
#5765=CARTESIAN_POINT('Origin',(15.3674306144972,-13.4910420626723,-17.5));
#5766=CARTESIAN_POINT('',(13.9674306144972,-13.4910420626723,-17.5));
#5767=CARTESIAN_POINT('Origin',(15.3674306144972,-13.4910420626723,-17.5));
#5768=CARTESIAN_POINT('',(13.9674306144972,-13.4910420626723,-15.5));
#5769=CARTESIAN_POINT('',(13.9674306144972,-13.4910420626723,-17.5));
#5770=CARTESIAN_POINT('Origin',(15.3674306144972,-13.4910420626723,-15.5));
#5771=CARTESIAN_POINT('Origin',(12.054848073722,-16.8036246034475,-17.5));
#5772=CARTESIAN_POINT('',(12.3674306144972,-24.4910420626723,-17.5));
#5773=CARTESIAN_POINT('',(4.36743061449718,-16.4910420626723,-17.5));
#5774=CARTESIAN_POINT('Origin',(12.054848073722,-16.8036246034475,-17.5));
#5775=CARTESIAN_POINT('',(12.3674306144972,-24.4910420626723,-15.5));
#5776=CARTESIAN_POINT('',(12.3674306144972,-24.4910420626723,-17.5));
#5777=CARTESIAN_POINT('',(4.36743061449718,-16.4910420626723,-15.5));
#5778=CARTESIAN_POINT('Origin',(12.054848073722,-16.8036246034475,-15.5));
#5779=CARTESIAN_POINT('',(4.36743061449718,-16.4910420626723,-17.5));
#5780=CARTESIAN_POINT('Origin',(12.3674306144972,-24.4910420626723,-17.5));
#5781=CARTESIAN_POINT('',(12.3674306144972,-16.4910420626723,-17.5));
#5782=CARTESIAN_POINT('',(12.3674306144972,-16.4910420626723,-17.5));
#5783=CARTESIAN_POINT('',(12.3674306144972,-16.4910420626723,-15.5));
#5784=CARTESIAN_POINT('',(12.3674306144972,-16.4910420626723,0.));
#5785=CARTESIAN_POINT('',(12.3674306144972,-16.4910420626723,-15.5));
#5786=CARTESIAN_POINT('Origin',(8.36425440180913,-20.4942182753604,-15.5));
#5787=CARTESIAN_POINT('',(2.31584250815315,-16.4910420626723,-15.5));
#5788=CARTESIAN_POINT('Origin',(12.5157542592536,-16.3427184179159,-17.5));
#5789=CARTESIAN_POINT('',(12.3674306144972,-8.49104206267233,-17.5));
#5790=CARTESIAN_POINT('',(20.3674306144972,-16.4910420626723,-17.5));
#5791=CARTESIAN_POINT('Origin',(12.5157542592536,-16.3427184179159,-17.5));
#5792=CARTESIAN_POINT('',(12.3674306144972,-8.49104206267233,-15.5));
#5793=CARTESIAN_POINT('',(12.3674306144972,-8.49104206267233,-17.5));
#5794=CARTESIAN_POINT('',(20.3674306144972,-16.4910420626723,-15.5));
#5795=CARTESIAN_POINT('Origin',(12.5157542592536,-16.3427184179159,-15.5));
#5796=CARTESIAN_POINT('',(20.3674306144972,-16.4910420626723,-17.5));
#5797=CARTESIAN_POINT('Origin',(12.3674306144972,-16.4910420626723,-17.5));
#5798=CARTESIAN_POINT('',(12.3674306144972,-16.4910420626723,-17.5));
#5799=CARTESIAN_POINT('',(12.3674306144972,-16.4910420626723,-15.5));
#5800=CARTESIAN_POINT('Origin',(16.3681310363,-12.4903416408695,-15.5));
#5801=CARTESIAN_POINT('',(12.3674306144972,-14.4906918517709,-15.5));
#5802=CARTESIAN_POINT('Origin',(-3.73256938550282,-16.4910420626723,0.));
#5803=CARTESIAN_POINT('',(12.3674306144972,-16.4910420626723,1.));
#5804=CARTESIAN_POINT('',(12.3674306144972,-16.4910420626723,0.));
#5805=CARTESIAN_POINT('',(-3.73256938550282,-16.4910420626723,1.));
#5806=CARTESIAN_POINT('',(12.3674306144972,-16.4910420626723,1.));
#5807=CARTESIAN_POINT('',(-3.73256938550282,-16.4910420626723,-17.5));
#5808=CARTESIAN_POINT('',(-3.73256938550282,-16.4910420626723,0.));
#5809=CARTESIAN_POINT('',(12.3674306144972,-16.4910420626723,-17.5));
#5810=CARTESIAN_POINT('Origin',(12.3674306144972,-16.4910420626723,0.));
#5811=CARTESIAN_POINT('',(12.3674306144972,-0.391042062672327,-17.5));
#5812=CARTESIAN_POINT('',(12.3674306144972,-0.391042062672329,-17.5));
#5813=CARTESIAN_POINT('',(12.3674306144972,-0.391042062672329,1.));
#5814=CARTESIAN_POINT('',(12.3674306144972,-0.391042062672329,0.));
#5815=CARTESIAN_POINT('',(12.3674306144972,-16.4910420626723,1.));
#5816=CARTESIAN_POINT('Origin',(-1.8233380602432,-14.4910420626723,0.));
#5817=CARTESIAN_POINT('',(10.3674306144972,-14.4910420626723,0.));
#5818=CARTESIAN_POINT('',(-1.8233380602432,-14.4910420626723,0.));
#5819=CARTESIAN_POINT('',(1.22321373725246,-14.4910420626723,0.));
#5820=CARTESIAN_POINT('',(10.3674306144972,-14.4910420626723,-17.5));
#5821=CARTESIAN_POINT('',(10.3674306144972,-14.4910420626723,0.));
#5822=CARTESIAN_POINT('',(-1.8233380602432,-14.4910420626723,-17.5));
#5823=CARTESIAN_POINT('',(10.3674306144972,-14.4910420626723,-17.5));
#5824=CARTESIAN_POINT('',(-1.8233380602432,-14.4910420626723,0.));
#5825=CARTESIAN_POINT('Origin',(10.7055451314348,-14.8291565796099,0.));
#5826=CARTESIAN_POINT('',(10.3674306144972,-2.30027338793195,0.));
#5827=CARTESIAN_POINT('Origin',(10.7055451314348,-14.8291565796099,0.));
#5828=CARTESIAN_POINT('',(10.3674306144972,-2.30027338793195,-17.5));
#5829=CARTESIAN_POINT('Origin',(10.7055451314348,-14.8291565796099,-17.5));
#5830=CARTESIAN_POINT('',(10.3674306144972,-2.30027338793195,0.));
#5831=CARTESIAN_POINT('Origin',(10.3674306144972,-14.4910420626723,0.));
#5832=CARTESIAN_POINT('',(10.3674306144972,-11.4422095227978,0.));
#5833=CARTESIAN_POINT('',(10.3674306144972,-2.30027338793195,-17.5));
#5834=CARTESIAN_POINT('Origin',(4.26976553474812,-8.39337698292327,-17.5));
#5835=CARTESIAN_POINT('Origin',(10.7055451314348,-14.8291565796099,-17.5));
#5836=CARTESIAN_POINT('Origin',(11.1564768275796,-11.1821836859956,1.));
#5837=CARTESIAN_POINT('',(11.017937480345,-11.0379378913677,8.));
#5838=CARTESIAN_POINT('',(11.1564768275796,-10.9821836859956,8.));
#5839=CARTESIAN_POINT('Origin',(11.1564768275796,-11.1821836859956,8.));
#5840=CARTESIAN_POINT('',(11.1564768275796,-10.9821836859956,1.));
#5841=CARTESIAN_POINT('',(11.1564768275796,-10.9821836859956,1.));
#5842=CARTESIAN_POINT('',(11.017937480345,-11.0379378913677,1.));
#5843=CARTESIAN_POINT('Origin',(11.1564768275796,-11.1821836859956,1.));
#5844=CARTESIAN_POINT('',(11.017937480345,-11.0379378913677,1.));
#5845=CARTESIAN_POINT('Origin',(9.43799402483753,-13.3395536341,8.));
#5846=CARTESIAN_POINT('',(7.06146049630327,-14.8378943485502,8.));
#5847=CARTESIAN_POINT('',(6.99999984353781,-14.8969235822045,8.));
#5848=CARTESIAN_POINT('',(6.99999984353781,-14.9821401431781,8.));
#5849=CARTESIAN_POINT('Origin',(7.19999984353781,-14.9821401431781,8.));
#5850=CARTESIAN_POINT('',(6.99999984353781,-15.4969235822045,8.));
#5851=CARTESIAN_POINT('',(6.99999984353781,-15.6969235822045,8.));
#5852=CARTESIAN_POINT('',(7.19999984353781,-15.6969235822045,8.));
#5853=CARTESIAN_POINT('Origin',(7.19999984353781,-15.4969235822045,8.));
#5854=CARTESIAN_POINT('',(11.6759882061373,-15.6969235822045,8.));
#5855=CARTESIAN_POINT('',(11.0759882061373,-15.6969235822045,8.));
#5856=CARTESIAN_POINT('',(11.8759882061373,-15.4969235822045,8.));
#5857=CARTESIAN_POINT('Origin',(11.6759882061373,-15.4969235822045,8.));
#5858=CARTESIAN_POINT('',(11.8759882061373,-11.1821836859956,8.));
#5859=CARTESIAN_POINT('',(11.8759882061373,-10.9821836859956,8.));
#5860=CARTESIAN_POINT('',(11.6759882061373,-10.9821836859956,8.));
#5861=CARTESIAN_POINT('Origin',(11.6759882061373,-11.1821836859956,8.));
#5862=CARTESIAN_POINT('',(11.0759882061373,-10.9821836859956,8.));
#5863=CARTESIAN_POINT('Origin',(11.0759882061373,-10.9821836859956,1.));
#5864=CARTESIAN_POINT('',(7.06146049630327,-14.8378943485502,1.));
#5865=CARTESIAN_POINT('',(9.9524623873481,-12.0612621710062,1.));
#5866=CARTESIAN_POINT('',(7.06146049630327,-14.8378943485502,1.));
#5867=CARTESIAN_POINT('Origin',(7.19999984353781,-14.9821401431781,1.));
#5868=CARTESIAN_POINT('',(6.99999984353781,-14.9821401431781,1.));
#5869=CARTESIAN_POINT('Origin',(7.19999984353781,-14.9821401431781,1.));
#5870=CARTESIAN_POINT('',(6.99999984353781,-14.9821401431781,1.));
#5871=CARTESIAN_POINT('Origin',(11.6759882061373,-11.1821836859956,1.));
#5872=CARTESIAN_POINT('',(11.8759882061373,-11.1821836859956,1.));
#5873=CARTESIAN_POINT('',(11.8759882061373,-11.1821836859956,1.));
#5874=CARTESIAN_POINT('',(11.6759882061373,-10.9821836859956,1.));
#5875=CARTESIAN_POINT('Origin',(11.6759882061373,-11.1821836859956,1.));
#5876=CARTESIAN_POINT('',(11.6759882061373,-10.9821836859956,1.));
#5877=CARTESIAN_POINT('Origin',(11.8759882061373,-15.6969235822045,1.));
#5878=CARTESIAN_POINT('',(11.8759882061373,-15.4969235822045,1.));
#5879=CARTESIAN_POINT('',(11.8759882061373,-15.4969235822045,1.));
#5880=CARTESIAN_POINT('',(11.8759882061373,-12.0451502825639,1.));
#5881=CARTESIAN_POINT('Origin',(11.6759882061373,-15.4969235822045,1.));
#5882=CARTESIAN_POINT('',(11.6759882061373,-15.6969235822045,1.));
#5883=CARTESIAN_POINT('',(11.6759882061373,-15.6969235822045,1.));
#5884=CARTESIAN_POINT('Origin',(11.6759882061373,-15.4969235822045,1.));
#5885=CARTESIAN_POINT('Origin',(6.99999984353781,-15.6969235822045,1.));
#5886=CARTESIAN_POINT('',(7.19999984353781,-15.6969235822045,1.));
#5887=CARTESIAN_POINT('',(7.19999984353781,-15.6969235822045,1.));
#5888=CARTESIAN_POINT('',(5.63488268914296,-15.6969235822045,1.));
#5889=CARTESIAN_POINT('Origin',(7.19999984353781,-15.4969235822045,1.));
#5890=CARTESIAN_POINT('',(6.99999984353781,-15.4969235822045,1.));
#5891=CARTESIAN_POINT('',(6.99999984353781,-15.4969235822045,1.));
#5892=CARTESIAN_POINT('Origin',(7.19999984353781,-15.4969235822045,1.));
#5893=CARTESIAN_POINT('Origin',(9.02985173094816,-2.99381371045491,1.));
#5894=CARTESIAN_POINT('',(9.02438928858772,-3.19373910084707,3.));
#5895=CARTESIAN_POINT('',(8.84213602026891,-3.0628268393811,3.));
#5896=CARTESIAN_POINT('Origin',(9.02985173094816,-2.99381371045491,3.));
#5897=CARTESIAN_POINT('',(8.84213602026891,-3.0628268393811,1.));
#5898=CARTESIAN_POINT('',(8.84213602026891,-3.0628268393811,1.));
#5899=CARTESIAN_POINT('',(9.02438928858772,-3.19373910084707,1.));
#5900=CARTESIAN_POINT('Origin',(9.02985173094816,-2.99381371045491,1.));
#5901=CARTESIAN_POINT('',(9.02438928858772,-3.19373910084707,1.));
#5902=CARTESIAN_POINT('Origin',(4.47014378470027,-8.34890184100954,3.));
#5903=CARTESIAN_POINT('',(11.2585469964579,-3.25478166117139,3.));
#5904=CARTESIAN_POINT('',(11.4189887193558,-3.25916531480248,3.));
#5905=CARTESIAN_POINT('',(11.4580089647332,-3.10347914548646,3.));
#5906=CARTESIAN_POINT('Origin',(11.2640094388183,-3.05485627077923,3.));
#5907=CARTESIAN_POINT('',(11.5288829231119,-2.82070042440165,3.));
#5908=CARTESIAN_POINT('',(11.5775057978191,-2.62670089848676,3.));
#5909=CARTESIAN_POINT('',(11.3835062719042,-2.57807802377952,3.));
#5910=CARTESIAN_POINT('Origin',(11.334883397197,-2.77207754969442,3.));
#5911=CARTESIAN_POINT('',(9.90021881428422,-2.20631577401862,3.));
#5912=CARTESIAN_POINT('',(9.74884168899145,-2.16837552152604,3.));
#5913=CARTESIAN_POINT('',(9.74884168899145,-2.01231624810372,3.));
#5914=CARTESIAN_POINT('Origin',(9.94884168899145,-2.01231624810372,3.));
#5915=CARTESIAN_POINT('',(9.74884168899145,-1.40831525961573,3.));
#5916=CARTESIAN_POINT('',(9.74884168899145,-1.19780402847109,3.));
#5917=CARTESIAN_POINT('',(9.53696485701866,-1.20866821891067,3.));
#5918=CARTESIAN_POINT('Origin',(9.54884168899145,-1.40831525961573,3.));
#5919=CARTESIAN_POINT('',(-2.63012012147282,-13.4408296358661,3.));
#5920=CARTESIAN_POINT('Origin',(10.306308774907,-14.141177228275,3.));
#5921=CARTESIAN_POINT('',(-2.50111412359045,-13.6387276461473,3.));
#5922=CARTESIAN_POINT('Origin',(-2.43041256707765,-13.4516413294198,3.));
#5923=CARTESIAN_POINT('',(-1.75185300235213,-13.9218799815649,3.));
#5924=CARTESIAN_POINT('',(-1.65912883451637,-13.9569212561328,3.));
#5925=CARTESIAN_POINT('',(-1.6308600454758,-14.0519293494215,3.));
#5926=CARTESIAN_POINT('Origin',(-1.82255455886493,-14.1089662982924,3.));
#5927=CARTESIAN_POINT('',(-1.24253732124028,-15.3570366024189,3.));
#5928=CARTESIAN_POINT('',(-1.19999997317791,-15.499999653548,3.));
#5929=CARTESIAN_POINT('',(-1.05084280785114,-15.499999653548,3.));
#5930=CARTESIAN_POINT('Origin',(-1.05084280785114,-15.299999653548,3.));
#5931=CARTESIAN_POINT('',(-0.499999993294477,-15.499999653548,3.));
#5932=CARTESIAN_POINT('',(-0.299999993294477,-15.499999653548,3.));
#5933=CARTESIAN_POINT('',(-0.299999993294477,-15.299999653548,3.));
#5934=CARTESIAN_POINT('Origin',(-0.499999993294477,-15.299999653548,3.));
#5935=CARTESIAN_POINT('',(-0.299999993294477,-13.301495024276,3.));
#5936=CARTESIAN_POINT('',(-0.299999993294477,-13.1854044792045,3.));
#5937=CARTESIAN_POINT('',(-0.400806029247976,-13.1278270724347,3.));
#5938=CARTESIAN_POINT('Origin',(-0.499999993294477,-13.301495024276,3.));
#5939=CARTESIAN_POINT('',(-1.38382045819916,-12.5663584946761,3.));
#5940=CARTESIAN_POINT('',(-1.50000002235174,-12.5000001862645,3.));
#5941=CARTESIAN_POINT('',(-1.48285767472618,-12.3661500257256,3.));
#5942=CARTESIAN_POINT('Origin',(-1.28462649415266,-12.3926905428348,3.));
#5943=CARTESIAN_POINT('',(8.38071638329411,-2.27429876196228,3.));
#5944=CARTESIAN_POINT('Origin',(10.2139219382653,-13.9321931605314,3.));
#5945=CARTESIAN_POINT('',(8.59950034638296,-2.40285780641132,3.));
#5946=CARTESIAN_POINT('Origin',(8.41178463570371,-2.47187093533752,3.));
#5947=CARTESIAN_POINT('',(8.88890458408635,-3.19003733296452,3.));
#5948=CARTESIAN_POINT('Origin',(8.88890458408635,-3.19003733296452,1.));
#5949=CARTESIAN_POINT('',(11.2585469964579,-3.25478166117139,1.));
#5950=CARTESIAN_POINT('',(6.65208874826287,-3.12892214619339,1.));
#5951=CARTESIAN_POINT('',(11.2585469964579,-3.25478166117139,1.));
#5952=CARTESIAN_POINT('Origin',(8.41178463570371,-2.47187093533752,1.));
#5953=CARTESIAN_POINT('',(8.59950034638296,-2.40285780641132,1.));
#5954=CARTESIAN_POINT('',(8.38071638329411,-2.27429876196228,1.));
#5955=CARTESIAN_POINT('Origin',(8.41178463570371,-2.47187093533752,1.));
#5956=CARTESIAN_POINT('',(8.59950034638296,-2.40285780641132,1.));
#5957=CARTESIAN_POINT('',(8.38071638329411,-2.27429876196228,1.));
#5958=CARTESIAN_POINT('Origin',(4.26976553474812,-8.39337698292327,1.));
#5959=CARTESIAN_POINT('Origin',(10.7055451314348,-14.82915657961,1.));
#5960=CARTESIAN_POINT('',(8.07287687044269,-10.9821836859956,1.));
#5961=CARTESIAN_POINT('',(6.99999984353781,-11.6451502825639,1.));
#5962=CARTESIAN_POINT('',(3.83438226526144,-5.516485302597,1.));
#5963=CARTESIAN_POINT('',(7.16577669088701,-8.85218662819651,1.));
#5964=CARTESIAN_POINT('Origin',(5.01602951938131,-7.6677609416494,1.));
#5965=CARTESIAN_POINT('',(5.06530012688077,-10.8624586771841,1.));
#5966=CARTESIAN_POINT('',(6.52460677882094,-9.46582163606342,1.));
#5967=CARTESIAN_POINT('',(1.60594332819337,-7.76233391886092,1.));
#5968=CARTESIAN_POINT('Origin',(3.79594066443323,-8.79873714942179,1.));
#5969=CARTESIAN_POINT('',(2.1089604358148,-7.2553869900862,1.));
#5970=CARTESIAN_POINT('',(-1.48285767472618,-12.3661500257256,1.));
#5971=CARTESIAN_POINT('Origin',(10.2139219382653,-13.9321931605314,1.));
#5972=CARTESIAN_POINT('',(-1.38382045819916,-12.5663584946761,1.));
#5973=CARTESIAN_POINT('Origin',(-1.28462649415266,-12.3926905428348,1.));
#5974=CARTESIAN_POINT('',(-0.400806029247976,-13.1278270724347,1.));
#5975=CARTESIAN_POINT('',(0.390941462227689,-13.5800496694694,1.));
#5976=CARTESIAN_POINT('',(-0.299999993294477,-13.301495024276,1.));
#5977=CARTESIAN_POINT('Origin',(-0.499999993294477,-13.301495024276,1.));
#5978=CARTESIAN_POINT('',(-0.299999993294477,-15.299999653548,1.));
#5979=CARTESIAN_POINT('',(-0.299999993294476,-11.9466883182356,1.));
#5980=CARTESIAN_POINT('',(-0.499999993294477,-15.499999653548,1.));
#5981=CARTESIAN_POINT('Origin',(-0.499999993294477,-15.299999653548,1.));
#5982=CARTESIAN_POINT('',(-1.05084280785114,-15.499999653548,1.));
#5983=CARTESIAN_POINT('',(1.5348827807851,-15.499999653548,1.));
#5984=CARTESIAN_POINT('',(-1.24253732124028,-15.3570366024189,1.));
#5985=CARTESIAN_POINT('Origin',(-1.05084280785114,-15.299999653548,1.));
#5986=CARTESIAN_POINT('',(-1.6308600454758,-14.0519293494215,1.));
#5987=CARTESIAN_POINT('',(-2.17840381676308,-12.2116987817992,1.));
#5988=CARTESIAN_POINT('',(-1.75185300235213,-13.9218799815649,1.));
#5989=CARTESIAN_POINT('Origin',(-1.82255455886493,-14.1089662982924,1.));
#5990=CARTESIAN_POINT('',(-2.50111412359045,-13.6387276461473,1.));
#5991=CARTESIAN_POINT('',(-0.474069581441765,-14.4047655197745,1.));
#5992=CARTESIAN_POINT('',(-2.63012012147282,-13.4408296358661,1.));
#5993=CARTESIAN_POINT('Origin',(-2.43041256707765,-13.4516413294198,1.));
#5994=CARTESIAN_POINT('',(9.53696485701866,-1.20866821891067,1.));
#5995=CARTESIAN_POINT('Origin',(10.306308774907,-14.141177228275,1.));
#5996=CARTESIAN_POINT('',(9.74884168899145,-1.40831525961573,1.));
#5997=CARTESIAN_POINT('Origin',(9.54884168899145,-1.40831525961573,1.));
#5998=CARTESIAN_POINT('',(9.74884168899145,-2.01231624810372,1.));
#5999=CARTESIAN_POINT('',(9.74884168899144,-5.28087625222466,1.));
#6000=CARTESIAN_POINT('',(9.90021881428422,-2.20631577401862,1.));
#6001=CARTESIAN_POINT('Origin',(9.94884168899145,-2.01231624810372,1.));
#6002=CARTESIAN_POINT('',(11.3835062719042,-2.57807802377952,1.));
#6003=CARTESIAN_POINT('',(8.81954602636626,-1.93546244425583,1.));
#6004=CARTESIAN_POINT('',(11.5288829231119,-2.82070042440165,1.));
#6005=CARTESIAN_POINT('Origin',(11.334883397197,-2.77207754969442,1.));
#6006=CARTESIAN_POINT('',(11.4580089647332,-3.10347914548646,1.));
#6007=CARTESIAN_POINT('',(10.6023368985048,-6.5175096030938,1.));
#6008=CARTESIAN_POINT('Origin',(11.2640094388183,-3.05485627077923,1.));
#6009=CARTESIAN_POINT('',(9.28368945889642,-4.26385219244791,1.));
#6010=CARTESIAN_POINT('Origin',(10.2139219382653,-13.9321931605314,1.));
#6011=CARTESIAN_POINT('',(-1.48285767472618,-12.3661500257256,1.));
#6012=CARTESIAN_POINT('Origin',(11.2640094388183,-3.05485627077923,1.));
#6013=CARTESIAN_POINT('',(11.4580089647332,-3.10347914548646,1.));
#6014=CARTESIAN_POINT('Origin',(11.334883397197,-2.77207754969442,1.));
#6015=CARTESIAN_POINT('',(11.5288829231119,-2.82070042440165,1.));
#6016=CARTESIAN_POINT('',(11.3835062719042,-2.57807802377952,1.));
#6017=CARTESIAN_POINT('Origin',(11.5775057978191,-2.62670089848676,1.));
#6018=CARTESIAN_POINT('',(9.90021881428422,-2.20631577401862,1.));
#6019=CARTESIAN_POINT('Origin',(9.94884168899145,-2.01231624810372,1.));
#6020=CARTESIAN_POINT('',(9.74884168899145,-2.01231624810372,1.));
#6021=CARTESIAN_POINT('Origin',(9.54884168899145,-1.40831525961573,1.));
#6022=CARTESIAN_POINT('',(9.74884168899145,-1.40831525961573,1.));
#6023=CARTESIAN_POINT('',(9.53696485701866,-1.20866821891067,1.));
#6024=CARTESIAN_POINT('Origin',(9.74884168899145,-2.16837552152604,1.));
#6025=CARTESIAN_POINT('Origin',(-1.28462649415266,-12.3926905428348,1.));
#6026=CARTESIAN_POINT('',(-1.38382045819916,-12.5663584946761,1.));
#6027=CARTESIAN_POINT('Origin',(-0.499999993294477,-13.301495024276,1.));
#6028=CARTESIAN_POINT('',(-0.299999993294477,-13.301495024276,1.));
#6029=CARTESIAN_POINT('',(-0.400806029247976,-13.1278270724347,1.));
#6030=CARTESIAN_POINT('Origin',(-0.299999993294477,-15.499999653548,1.));
#6031=CARTESIAN_POINT('',(-0.299999993294477,-15.299999653548,1.));
#6032=CARTESIAN_POINT('Origin',(-0.499999993294477,-15.299999653548,1.));
#6033=CARTESIAN_POINT('',(-0.499999993294477,-15.499999653548,1.));
#6034=CARTESIAN_POINT('Origin',(-1.19999997317791,-15.499999653548,1.));
#6035=CARTESIAN_POINT('',(-1.05084280785114,-15.499999653548,1.));
#6036=CARTESIAN_POINT('Origin',(-1.05084280785114,-15.299999653548,1.));
#6037=CARTESIAN_POINT('',(-1.24253732124028,-15.3570366024189,1.));
#6038=CARTESIAN_POINT('Origin',(-1.65912883451637,-13.9569212561328,1.));
#6039=CARTESIAN_POINT('',(-1.6308600454758,-14.0519293494215,1.));
#6040=CARTESIAN_POINT('Origin',(-1.82255455886493,-14.1089662982924,1.));
#6041=CARTESIAN_POINT('',(-1.75185300235213,-13.9218799815649,1.));
#6042=CARTESIAN_POINT('Origin',(-2.63721822841846,-13.5872927137191,1.));
#6043=CARTESIAN_POINT('',(-2.50111412359045,-13.6387276461473,1.));
#6044=CARTESIAN_POINT('Origin',(-2.43041256707765,-13.4516413294198,1.));
#6045=CARTESIAN_POINT('',(-2.63012012147282,-13.4408296358661,1.));
#6046=CARTESIAN_POINT('Origin',(11.4189887193558,-3.25916531480248,1.));
#6047=CARTESIAN_POINT('Origin',(8.54326467489653,-2.24989677996822,1.));
#6048=CARTESIAN_POINT('Origin',(-0.299999993294476,-13.1854044792045,1.));
#6049=CARTESIAN_POINT('Origin',(10.306308774907,-14.141177228275,1.));
#6050=CARTESIAN_POINT('Origin',(11.8759882061373,-10.9821836859956,1.));
#6051=CARTESIAN_POINT('Origin',(6.99999984353781,-14.8969235822045,1.));
#6052=CARTESIAN_POINT('Origin',(5.01602951938131,-7.6677609416494,1.));
#6053=CARTESIAN_POINT('',(7.16577669088701,-8.85218662819651,0.));
#6054=CARTESIAN_POINT('',(3.83438226526144,-5.516485302597,0.));
#6055=CARTESIAN_POINT('Origin',(5.01602951938131,-7.6677609416494,0.));
#6056=CARTESIAN_POINT('',(7.16577669088701,-8.85218662819651,1.));
#6057=CARTESIAN_POINT('',(3.83438226526144,-5.516485302597,1.));
#6058=CARTESIAN_POINT('Origin',(1.60594332819337,-7.76233391886092,1.));
#6059=CARTESIAN_POINT('',(1.60594332819337,-7.76233391886092,0.));
#6060=CARTESIAN_POINT('',(2.1089604358148,-7.2553869900862,0.));
#6061=CARTESIAN_POINT('',(1.60594332819337,-7.76233391886092,1.));
#6062=CARTESIAN_POINT('Origin',(3.79594066443323,-8.79873714942179,1.));
#6063=CARTESIAN_POINT('',(5.06530012688077,-10.8624586771841,0.));
#6064=CARTESIAN_POINT('Origin',(3.79594066443323,-8.79873714942179,0.));
#6065=CARTESIAN_POINT('',(5.06530012688077,-10.8624586771841,1.));
#6066=CARTESIAN_POINT('Origin',(7.16577669088701,-8.85218662819651,1.));
#6067=CARTESIAN_POINT('',(6.52460677882094,-9.46582163606342,0.));
#6068=CARTESIAN_POINT('Origin',(10.7055451314348,-14.82915657961,0.));
#6069=CARTESIAN_POINT('Origin',(4.26976553474812,-8.39337698292327,0.));
#6070=CARTESIAN_POINT('',(0.,0.,0.));
#6071=CARTESIAN_POINT('Origin',(-29.5,-2.22044604925031E-15,40.));
#6072=CARTESIAN_POINT('',(-31.75,-1.94490051944216E-15,40.));
#6073=CARTESIAN_POINT('Origin',(-29.5,-2.22044604925031E-15,40.));
#6074=CARTESIAN_POINT('',(-31.75,-1.94490051944216E-15,36.));
#6075=CARTESIAN_POINT('',(-31.75,-2.49599157905847E-15,40.));
#6076=CARTESIAN_POINT('Origin',(-29.5,-2.22044604925031E-15,36.));
#6077=CARTESIAN_POINT('Origin',(-30.2447670189348,-4.44089209850063E-15,
40.));
#6078=CARTESIAN_POINT('',(-33.6094808634248,-2.16303045394602,36.));
#6079=CARTESIAN_POINT('',(-33.6094808634248,2.16303045394601,36.));
#6080=CARTESIAN_POINT('Origin',(-30.2447670189348,-4.44089209850063E-15,
36.));
#6081=CARTESIAN_POINT('',(-33.6094808634248,-2.16303045394602,40.));
#6082=CARTESIAN_POINT('',(-33.6094808634248,-2.16303045394602,40.));
#6083=CARTESIAN_POINT('',(-33.6094808634248,2.16303045394601,40.));
#6084=CARTESIAN_POINT('Origin',(-30.2447670189348,-4.44089209850063E-15,
40.));
#6085=CARTESIAN_POINT('',(-33.6094808634248,2.16303045394601,40.));
#6086=CARTESIAN_POINT('Origin',(-26.,14.,40.));
#6087=CARTESIAN_POINT('',(-26.,14.,40.));
#6088=CARTESIAN_POINT('',(-35.0000005215406,0.,40.));
#6089=CARTESIAN_POINT('',(-26.,14.,36.));
#6090=CARTESIAN_POINT('',(-26.,14.,0.));
#6091=CARTESIAN_POINT('',(-35.0000005215406,0.,36.));
#6092=CARTESIAN_POINT('Origin',(-35.0000005215406,0.,40.));
#6093=CARTESIAN_POINT('',(-26.,-14.,36.));
#6094=CARTESIAN_POINT('',(-26.,-14.,36.));
#6095=CARTESIAN_POINT('',(-26.,-14.,40.));
#6096=CARTESIAN_POINT('',(-26.,-14.,0.));
#6097=CARTESIAN_POINT('',(-26.,-14.,40.));
#6098=CARTESIAN_POINT('Origin',(-30.5000002607703,0.,36.));
#6099=CARTESIAN_POINT('',(-26.,8.,36.));
#6100=CARTESIAN_POINT('Origin',(-24.,-14.,40.));
#6101=CARTESIAN_POINT('',(-24.,13.,40.));
#6102=CARTESIAN_POINT('',(-24.,13.,2.));
#6103=CARTESIAN_POINT('',(-24.,13.,40.));
#6104=CARTESIAN_POINT('',(-24.,-13.,40.));
#6105=CARTESIAN_POINT('',(-24.,-7.,40.));
#6106=CARTESIAN_POINT('',(-24.,-13.,2.));
#6107=CARTESIAN_POINT('',(-24.,-13.,40.));
#6108=CARTESIAN_POINT('',(-24.,-7.,2.));
#6109=CARTESIAN_POINT('Origin',(-23.,13.,40.));
#6110=CARTESIAN_POINT('',(-23.,14.,2.));
#6111=CARTESIAN_POINT('',(-23.,14.,40.));
#6112=CARTESIAN_POINT('',(-23.,14.,40.));
#6113=CARTESIAN_POINT('Origin',(-23.,13.,40.));
#6114=CARTESIAN_POINT('Origin',(-23.,13.,2.));
#6115=CARTESIAN_POINT('Origin',(-24.,14.,40.));
#6116=CARTESIAN_POINT('',(23.,14.,40.));
#6117=CARTESIAN_POINT('',(23.,14.,2.));
#6118=CARTESIAN_POINT('',(23.,14.,40.));
#6119=CARTESIAN_POINT('',(-12.,14.,40.));
#6120=CARTESIAN_POINT('',(-12.,14.,2.));
#6121=CARTESIAN_POINT('Origin',(23.,13.,40.));
#6122=CARTESIAN_POINT('',(24.,13.,2.));
#6123=CARTESIAN_POINT('',(24.,13.,40.));
#6124=CARTESIAN_POINT('',(24.,13.,40.));
#6125=CARTESIAN_POINT('Origin',(23.,13.,40.));
#6126=CARTESIAN_POINT('Origin',(23.,13.,2.));
#6127=CARTESIAN_POINT('Origin',(30.5000002607703,0.,36.));
#6128=CARTESIAN_POINT('',(26.,14.,36.));
#6129=CARTESIAN_POINT('',(33.6094808634248,2.16303045394601,36.));
#6130=CARTESIAN_POINT('',(35.0000005215406,0.,36.));
#6131=CARTESIAN_POINT('',(33.6094808634248,-2.16303045394602,36.));
#6132=CARTESIAN_POINT('Origin',(30.2447670189348,-4.44089209850063E-15,
36.));
#6133=CARTESIAN_POINT('',(26.,-14.,36.));
#6134=CARTESIAN_POINT('',(26.,-14.,36.));
#6135=CARTESIAN_POINT('',(26.,-8.,36.));
#6136=CARTESIAN_POINT('',(31.75,-1.94490051944216E-15,36.));
#6137=CARTESIAN_POINT('Origin',(29.5,-2.22044604925031E-15,36.));
#6138=CARTESIAN_POINT('Origin',(24.,-14.,0.));
#6139=CARTESIAN_POINT('',(24.,-16.,40.));
#6140=CARTESIAN_POINT('',(24.,-16.,0.));
#6141=CARTESIAN_POINT('',(24.,-16.,0.));
#6142=CARTESIAN_POINT('',(26.,-14.,0.));
#6143=CARTESIAN_POINT('Origin',(24.,-14.,0.));
#6144=CARTESIAN_POINT('',(26.,-14.,0.));
#6145=CARTESIAN_POINT('',(26.,-14.,40.));
#6146=CARTESIAN_POINT('',(26.,-14.,0.));
#6147=CARTESIAN_POINT('Origin',(24.,-14.,40.));
#6148=CARTESIAN_POINT('Origin',(24.,14.,0.));
#6149=CARTESIAN_POINT('',(24.,16.,0.));
#6150=CARTESIAN_POINT('',(24.,16.,40.));
#6151=CARTESIAN_POINT('',(24.,16.,0.));
#6152=CARTESIAN_POINT('',(26.,14.,40.));
#6153=CARTESIAN_POINT('Origin',(24.,14.,40.));
#6154=CARTESIAN_POINT('',(26.,14.,0.));
#6155=CARTESIAN_POINT('',(26.,14.,0.));
#6156=CARTESIAN_POINT('',(26.,14.,0.));
#6157=CARTESIAN_POINT('Origin',(24.,14.,0.));
#6158=CARTESIAN_POINT('Origin',(-26.,-16.,0.));
#6159=CARTESIAN_POINT('',(-24.,-16.,0.));
#6160=CARTESIAN_POINT('',(-24.,-16.,40.));
#6161=CARTESIAN_POINT('',(-24.,-16.,0.));
#6162=CARTESIAN_POINT('',(26.,-16.,0.));
#6163=CARTESIAN_POINT('',(26.,-16.,40.));
#6164=CARTESIAN_POINT('Origin',(26.,16.,0.));
#6165=CARTESIAN_POINT('',(-24.,16.,40.));
#6166=CARTESIAN_POINT('',(-24.,16.,0.));
#6167=CARTESIAN_POINT('',(-24.,16.,0.));
#6168=CARTESIAN_POINT('',(-26.,16.,40.));
#6169=CARTESIAN_POINT('',(-26.,16.,0.));
#6170=CARTESIAN_POINT('Origin',(-24.,-14.,0.));
#6171=CARTESIAN_POINT('Origin',(-24.,-14.,40.));
#6172=CARTESIAN_POINT('',(-26.,-14.,0.));
#6173=CARTESIAN_POINT('',(-26.,-14.,0.));
#6174=CARTESIAN_POINT('Origin',(-24.,-14.,0.));
#6175=CARTESIAN_POINT('Origin',(-26.,16.,0.));
#6176=CARTESIAN_POINT('',(-26.,14.,0.));
#6177=CARTESIAN_POINT('',(-26.,14.,0.));
#6178=CARTESIAN_POINT('',(-26.,-16.,0.));
#6179=CARTESIAN_POINT('Origin',(-24.,14.,0.));
#6180=CARTESIAN_POINT('Origin',(-24.,14.,40.));
#6181=CARTESIAN_POINT('Origin',(-24.,14.,0.));
#6182=CARTESIAN_POINT('Origin',(0.,0.,40.));
#6183=CARTESIAN_POINT('',(33.6094808634248,-2.16303045394602,40.));
#6184=CARTESIAN_POINT('',(26.,-14.,40.));
#6185=CARTESIAN_POINT('',(33.6094808634248,2.16303045394601,40.));
#6186=CARTESIAN_POINT('Origin',(30.2447670189348,-4.44089209850063E-15,
40.));
#6187=CARTESIAN_POINT('',(35.0000005215406,0.,40.));
#6188=CARTESIAN_POINT('',(24.,-13.,40.));
#6189=CARTESIAN_POINT('',(24.,7.,40.));
#6190=CARTESIAN_POINT('',(23.,-14.,40.));
#6191=CARTESIAN_POINT('Origin',(23.,-13.,40.));
#6192=CARTESIAN_POINT('',(-23.,-14.,40.));
#6193=CARTESIAN_POINT('',(12.,-14.,40.));
#6194=CARTESIAN_POINT('Origin',(-23.,-13.,40.));
#6195=CARTESIAN_POINT('',(31.75,-1.94490051944216E-15,40.));
#6196=CARTESIAN_POINT('Origin',(29.5,-2.22044604925031E-15,40.));
#6197=CARTESIAN_POINT('Origin',(29.5,-2.22044604925031E-15,40.));
#6198=CARTESIAN_POINT('',(31.75,-2.49599157905847E-15,40.));
#6199=CARTESIAN_POINT('Origin',(30.2447670189348,-4.44089209850063E-15,
40.));
#6200=CARTESIAN_POINT('',(33.6094808634248,2.16303045394601,40.));
#6201=CARTESIAN_POINT('',(33.6094808634248,-2.16303045394602,40.));
#6202=CARTESIAN_POINT('Origin',(26.,14.,40.));
#6203=CARTESIAN_POINT('Origin',(35.0000005215406,0.,40.));
#6204=CARTESIAN_POINT('Origin',(26.,-16.,0.));
#6205=CARTESIAN_POINT('',(26.,16.,0.));
#6206=CARTESIAN_POINT('Origin',(0.,0.,0.));
#6207=CARTESIAN_POINT('',(-8.,9.79717439317883E-16,0.));
#6208=CARTESIAN_POINT('Origin',(0.,0.,0.));
#6209=CARTESIAN_POINT('',(-8.,9.79717439317883E-16,2.));
#6210=CARTESIAN_POINT('',(-8.,-9.79717439317883E-16,0.));
#6211=CARTESIAN_POINT('Origin',(0.,0.,2.));
#6212=CARTESIAN_POINT('Origin',(0.,0.,0.));
#6213=CARTESIAN_POINT('Origin',(-23.,-13.,40.));
#6214=CARTESIAN_POINT('',(-23.,-14.,2.));
#6215=CARTESIAN_POINT('',(-23.,-14.,40.));
#6216=CARTESIAN_POINT('Origin',(-23.,-13.,2.));
#6217=CARTESIAN_POINT('Origin',(0.,0.,2.));
#6218=CARTESIAN_POINT('',(23.,-14.,2.));
#6219=CARTESIAN_POINT('',(12.,-14.,2.));
#6220=CARTESIAN_POINT('',(24.,-13.,2.));
#6221=CARTESIAN_POINT('Origin',(23.,-13.,2.));
#6222=CARTESIAN_POINT('',(24.,7.,2.));
#6223=CARTESIAN_POINT('Origin',(24.,-14.,40.));
#6224=CARTESIAN_POINT('',(23.,-14.,40.));
#6225=CARTESIAN_POINT('Origin',(23.,-13.,40.));
#6226=CARTESIAN_POINT('',(24.,-13.,40.));
#6227=CARTESIAN_POINT('Origin',(24.,14.,40.));
#6228=CARTESIAN_POINT('',(0.,0.,0.));
#6229=CARTESIAN_POINT('Origin',(94.,11.5,20.5000000298023));
#6230=CARTESIAN_POINT('',(94.,13.25,20.5000000298023));
#6231=CARTESIAN_POINT('Origin',(94.,11.5,20.5000000298023));
#6232=CARTESIAN_POINT('',(97.,13.25,20.5000000298023));
#6233=CARTESIAN_POINT('',(94.,13.25,20.5000000298023));
#6234=CARTESIAN_POINT('Origin',(97.,11.5,20.5000000298023));
#6235=CARTESIAN_POINT('Origin',(83.5,10.5,18.0000000298023));
#6236=CARTESIAN_POINT('',(86.5,10.5,18.0000000298023));
#6237=CARTESIAN_POINT('Origin',(83.5,10.5,18.0000000298023));
#6238=CARTESIAN_POINT('',(86.5,10.5,16.0000002384186));
#6239=CARTESIAN_POINT('',(86.5,10.5,18.0000000298023));
#6240=CARTESIAN_POINT('Origin',(83.5,10.5,16.0000002384186));
#6241=CARTESIAN_POINT('Origin',(4.6,10.,2.00000002980232));
#6242=CARTESIAN_POINT('',(6.1,10.,2.00000002980232));
#6243=CARTESIAN_POINT('Origin',(4.6,10.,2.00000002980232));
#6244=CARTESIAN_POINT('',(6.1,10.,1.51495145594982E-8));
#6245=CARTESIAN_POINT('',(6.1,10.,2.00000002980232));
#6246=CARTESIAN_POINT('Origin',(4.6,10.,1.14242240667473E-8));
#6247=CARTESIAN_POINT('Origin',(79.,2.,-5.00000007450581));
#6248=CARTESIAN_POINT('',(97.,2.,-5.00000007450581));
#6249=CARTESIAN_POINT('',(79.,2.,-5.00000007450581));
#6250=CARTESIAN_POINT('',(63.75,2.,-5.00000007450581));
#6251=CARTESIAN_POINT('',(97.,7.,-5.00000007450581));
#6252=CARTESIAN_POINT('',(97.,2.,-5.00000007450581));
#6253=CARTESIAN_POINT('',(79.,7.,-5.00000007450581));
#6254=CARTESIAN_POINT('',(79.,7.,-5.00000007450581));
#6255=CARTESIAN_POINT('',(79.,2.,-5.00000007450581));
#6256=CARTESIAN_POINT('Origin',(88.,7.,-6.00000002235174));
#6257=CARTESIAN_POINT('',(97.,7.,-6.99999997019768));
#6258=CARTESIAN_POINT('',(79.,7.,-6.99999997019768));
#6259=CARTESIAN_POINT('',(97.,7.,-6.99999997019768));
#6260=CARTESIAN_POINT('',(79.,7.,-6.99999997019768));
#6261=CARTESIAN_POINT('',(97.,7.,-6.99999997019768));
#6262=CARTESIAN_POINT('Origin',(37.,2.,-5.00000007450581));
#6263=CARTESIAN_POINT('',(47.,2.,-5.00000007450581));
#6264=CARTESIAN_POINT('',(37.,2.,-5.00000007450581));
#6265=CARTESIAN_POINT('',(42.75,2.,-5.00000007450581));
#6266=CARTESIAN_POINT('',(47.,7.,-5.00000007450581));
#6267=CARTESIAN_POINT('',(47.,2.,-5.00000007450581));
#6268=CARTESIAN_POINT('',(37.,7.,-5.00000007450581));
#6269=CARTESIAN_POINT('',(37.,7.,-5.00000007450581));
#6270=CARTESIAN_POINT('',(37.,2.,-5.00000007450581));
#6271=CARTESIAN_POINT('Origin',(42.,7.,-6.00000002235174));
#6272=CARTESIAN_POINT('',(47.,7.,-6.99999997019768));
#6273=CARTESIAN_POINT('',(37.,7.,-6.99999997019768));
#6274=CARTESIAN_POINT('',(47.,7.,-6.99999997019768));
#6275=CARTESIAN_POINT('',(37.,7.,-6.99999997019768));
#6276=CARTESIAN_POINT('',(47.,7.,-6.99999997019768));
#6277=CARTESIAN_POINT('Origin',(97.,2.,16.0000002384186));
#6278=CARTESIAN_POINT('',(12.,2.,16.0000002384186));
#6279=CARTESIAN_POINT('',(97.,2.,16.0000002384186));
#6280=CARTESIAN_POINT('',(72.75,2.,16.0000002384186));
#6281=CARTESIAN_POINT('',(12.,16.,16.0000002384186));
#6282=CARTESIAN_POINT('',(12.,2.,16.0000002384186));
#6283=CARTESIAN_POINT('',(97.,16.,16.0000002384186));
#6284=CARTESIAN_POINT('',(12.,16.,16.0000002384186));
#6285=CARTESIAN_POINT('',(97.,2.,16.0000002384186));
#6286=CARTESIAN_POINT('Origin',(48.5,16.,14.0000000149012));
#6287=CARTESIAN_POINT('',(12.,16.,2.98023250522306E-8));
#6288=CARTESIAN_POINT('',(12.,16.,9.00000002980232));
#6289=CARTESIAN_POINT('',(0.,16.,0.));
#6290=CARTESIAN_POINT('',(12.,16.,2.98023239420075E-8));
#6291=CARTESIAN_POINT('',(0.,16.,2.00000002980232));
#6292=CARTESIAN_POINT('',(0.,16.,0.));
#6293=CARTESIAN_POINT('',(10.,16.,2.00000002980232));
#6294=CARTESIAN_POINT('',(0.,16.,2.00000002980232));
#6295=CARTESIAN_POINT('',(10.,16.,18.0000000298023));
#6296=CARTESIAN_POINT('',(10.,16.,2.00000002980232));
#6297=CARTESIAN_POINT('',(94.,16.,18.0000000298023));
#6298=CARTESIAN_POINT('',(10.,16.,18.0000000298023));
#6299=CARTESIAN_POINT('',(94.,16.,28.0000000298023));
#6300=CARTESIAN_POINT('',(94.,16.,18.0000000298023));
#6301=CARTESIAN_POINT('',(97.,16.,28.0000000298023));
#6302=CARTESIAN_POINT('',(94.,16.,28.0000000298023));
#6303=CARTESIAN_POINT('',(97.,16.,28.0000000298023));
#6304=CARTESIAN_POINT('Origin',(48.5,2.,10.5000000298023));
#6305=CARTESIAN_POINT('',(79.,2.,9.00000002980232));
#6306=CARTESIAN_POINT('',(79.,2.,-6.99999997019768));
#6307=CARTESIAN_POINT('',(47.,2.,9.00000002980232));
#6308=CARTESIAN_POINT('',(79.,2.,9.00000002980232));
#6309=CARTESIAN_POINT('',(47.,2.,9.00000002980232));
#6310=CARTESIAN_POINT('',(37.,2.,9.00000002980232));
#6311=CARTESIAN_POINT('',(37.,2.,-6.99999997019768));
#6312=CARTESIAN_POINT('',(12.,2.,9.00000002980232));
#6313=CARTESIAN_POINT('',(37.,2.,9.00000002980232));
#6314=CARTESIAN_POINT('',(12.,2.,13.2500001341105));
#6315=CARTESIAN_POINT('',(97.,2.,28.0000000298023));
#6316=CARTESIAN_POINT('Origin',(12.,0.,9.00000002980232));
#6317=CARTESIAN_POINT('',(12.,0.,9.00000002980232));
#6318=CARTESIAN_POINT('',(12.,0.,2.98023239420075E-8));
#6319=CARTESIAN_POINT('',(12.,0.,9.00000002980232));
#6320=CARTESIAN_POINT('',(12.,0.,2.98023239420075E-8));
#6321=CARTESIAN_POINT('',(12.,0.,9.00000002980232));
#6322=CARTESIAN_POINT('Origin',(37.,0.,9.00000002980232));
#6323=CARTESIAN_POINT('',(37.,0.,9.00000002980232));
#6324=CARTESIAN_POINT('',(37.,0.,9.00000002980232));
#6325=CARTESIAN_POINT('',(37.,0.,9.00000002980232));
#6326=CARTESIAN_POINT('Origin',(37.,0.,-6.99999997019768));
#6327=CARTESIAN_POINT('',(37.,0.,-6.99999997019768));
#6328=CARTESIAN_POINT('',(37.,0.,-6.99999997019768));
#6329=CARTESIAN_POINT('',(37.,0.,-6.99999997019768));
#6330=CARTESIAN_POINT('Origin',(47.,0.,-6.99999997019768));
#6331=CARTESIAN_POINT('',(47.,0.,-6.99999997019768));
#6332=CARTESIAN_POINT('',(47.,0.,-6.99999997019768));
#6333=CARTESIAN_POINT('',(47.,0.,-6.99999997019768));
#6334=CARTESIAN_POINT('Origin',(47.,0.,9.00000002980232));
#6335=CARTESIAN_POINT('',(47.,0.,9.00000002980232));
#6336=CARTESIAN_POINT('',(47.,0.,9.00000002980232));
#6337=CARTESIAN_POINT('',(47.,0.,9.00000002980232));
#6338=CARTESIAN_POINT('Origin',(79.,0.,9.00000002980232));
#6339=CARTESIAN_POINT('',(79.,0.,9.00000002980232));
#6340=CARTESIAN_POINT('',(79.,0.,9.00000002980232));
#6341=CARTESIAN_POINT('',(79.,0.,9.00000002980232));
#6342=CARTESIAN_POINT('Origin',(79.,0.,-6.99999997019768));
#6343=CARTESIAN_POINT('',(79.,0.,-6.99999997019768));
#6344=CARTESIAN_POINT('',(79.,0.,-6.99999997019768));
#6345=CARTESIAN_POINT('',(79.,0.,-6.99999997019768));
#6346=CARTESIAN_POINT('Origin',(97.,0.,-6.99999997019768));
#6347=CARTESIAN_POINT('',(97.,0.,-6.99999997019768));
#6348=CARTESIAN_POINT('',(97.,0.,-6.99999997019768));
#6349=CARTESIAN_POINT('',(97.,0.,-6.99999997019768));
#6350=CARTESIAN_POINT('Origin',(97.,0.,28.0000000298023));
#6351=CARTESIAN_POINT('',(97.,0.,28.0000000298023));
#6352=CARTESIAN_POINT('',(97.,0.,28.0000000298023));
#6353=CARTESIAN_POINT('',(97.,0.,28.0000000298023));
#6354=CARTESIAN_POINT('Origin',(94.,0.,28.0000000298023));
#6355=CARTESIAN_POINT('',(94.,0.,28.0000000298023));
#6356=CARTESIAN_POINT('',(94.,0.,28.0000000298023));
#6357=CARTESIAN_POINT('',(94.,0.,28.0000000298023));
#6358=CARTESIAN_POINT('Origin',(94.,0.,18.0000000298023));
#6359=CARTESIAN_POINT('',(94.,0.,18.0000000298023));
#6360=CARTESIAN_POINT('',(94.,0.,18.0000000298023));
#6361=CARTESIAN_POINT('',(94.,0.,18.0000000298023));
#6362=CARTESIAN_POINT('Origin',(10.,0.,18.0000000298023));
#6363=CARTESIAN_POINT('',(10.,0.,18.0000000298023));
#6364=CARTESIAN_POINT('',(10.,0.,18.0000000298023));
#6365=CARTESIAN_POINT('',(10.,0.,18.0000000298023));
#6366=CARTESIAN_POINT('Origin',(10.,0.,2.00000002980232));
#6367=CARTESIAN_POINT('',(10.,0.,2.00000002980232));
#6368=CARTESIAN_POINT('',(10.,0.,2.00000002980232));
#6369=CARTESIAN_POINT('',(10.,0.,2.00000002980232));
#6370=CARTESIAN_POINT('Origin',(0.,0.,2.00000002980232));
#6371=CARTESIAN_POINT('',(0.,0.,2.00000002980232));
#6372=CARTESIAN_POINT('',(0.,0.,2.00000002980232));
#6373=CARTESIAN_POINT('',(0.,0.,2.00000002980232));
#6374=CARTESIAN_POINT('Origin',(0.,0.,0.));
#6375=CARTESIAN_POINT('',(0.,0.,0.));
#6376=CARTESIAN_POINT('',(0.,0.,0.));
#6377=CARTESIAN_POINT('',(0.,0.,0.));
#6378=CARTESIAN_POINT('Origin',(12.,0.,2.98023239420075E-8));
#6379=CARTESIAN_POINT('',(12.,0.,2.98023239420075E-8));
#6380=CARTESIAN_POINT('Origin',(48.5,0.,10.5000000298023));
#6381=CARTESIAN_POINT('',(0.,0.,0.));
#6382=CARTESIAN_POINT('',(0.,0.,0.));
#6383=CARTESIAN_POINT('',(0.,0.,0.));
#6384=CARTESIAN_POINT('',(0.,0.,0.));
#6385=UNCERTAINTY_MEASURE_WITH_UNIT(LENGTH_MEASURE(0.01),#6397,
'DISTANCE_ACCURACY_VALUE',
'Maximum model space distance between geometric entities at asserted c
onnectivities');
#6386=UNCERTAINTY_MEASURE_WITH_UNIT(LENGTH_MEASURE(0.01),#6397,
'DISTANCE_ACCURACY_VALUE',
'Maximum model space distance between geometric entities at asserted c
onnectivities');
#6387=UNCERTAINTY_MEASURE_WITH_UNIT(LENGTH_MEASURE(0.01),#6397,
'DISTANCE_ACCURACY_VALUE',
'Maximum model space distance between geometric entities at asserted c
onnectivities');
#6388=UNCERTAINTY_MEASURE_WITH_UNIT(LENGTH_MEASURE(0.01),#6397,
'DISTANCE_ACCURACY_VALUE',
'Maximum model space distance between geometric entities at asserted c
onnectivities');
#6389=UNCERTAINTY_MEASURE_WITH_UNIT(LENGTH_MEASURE(0.01),#6397,
'DISTANCE_ACCURACY_VALUE',
'Maximum model space distance between geometric entities at asserted c
onnectivities');
#6390=UNCERTAINTY_MEASURE_WITH_UNIT(LENGTH_MEASURE(0.01),#6397,
'DISTANCE_ACCURACY_VALUE',
'Maximum model space distance between geometric entities at asserted c
onnectivities');
#6391=(
GEOMETRIC_REPRESENTATION_CONTEXT(3)
GLOBAL_UNCERTAINTY_ASSIGNED_CONTEXT((#6385))
GLOBAL_UNIT_ASSIGNED_CONTEXT((#6397,#6399,#6400))
REPRESENTATION_CONTEXT('','3D')
);
#6392=(
GEOMETRIC_REPRESENTATION_CONTEXT(3)
GLOBAL_UNCERTAINTY_ASSIGNED_CONTEXT((#6386))
GLOBAL_UNIT_ASSIGNED_CONTEXT((#6397,#6399,#6400))
REPRESENTATION_CONTEXT('','3D')
);
#6393=(
GEOMETRIC_REPRESENTATION_CONTEXT(3)
GLOBAL_UNCERTAINTY_ASSIGNED_CONTEXT((#6387))
GLOBAL_UNIT_ASSIGNED_CONTEXT((#6397,#6399,#6400))
REPRESENTATION_CONTEXT('','3D')
);
#6394=(
GEOMETRIC_REPRESENTATION_CONTEXT(3)
GLOBAL_UNCERTAINTY_ASSIGNED_CONTEXT((#6388))
GLOBAL_UNIT_ASSIGNED_CONTEXT((#6397,#6399,#6400))
REPRESENTATION_CONTEXT('','3D')
);
#6395=(
GEOMETRIC_REPRESENTATION_CONTEXT(3)
GLOBAL_UNCERTAINTY_ASSIGNED_CONTEXT((#6389))
GLOBAL_UNIT_ASSIGNED_CONTEXT((#6397,#6399,#6400))
REPRESENTATION_CONTEXT('','3D')
);
#6396=(
GEOMETRIC_REPRESENTATION_CONTEXT(3)
GLOBAL_UNCERTAINTY_ASSIGNED_CONTEXT((#6390))
GLOBAL_UNIT_ASSIGNED_CONTEXT((#6397,#6399,#6400))
REPRESENTATION_CONTEXT('','3D')
);
#6397=(
LENGTH_UNIT()
NAMED_UNIT(*)
SI_UNIT(.MILLI.,.METRE.)
);
#6398=(
LENGTH_UNIT()
NAMED_UNIT(*)
SI_UNIT($,.METRE.)
);
#6399=(
NAMED_UNIT(*)
PLANE_ANGLE_UNIT()
SI_UNIT($,.RADIAN.)
);
#6400=(
NAMED_UNIT(*)
SI_UNIT($,.STERADIAN.)
SOLID_ANGLE_UNIT()
);
#6401=SHAPE_DEFINITION_REPRESENTATION(#6406,#6415);
#6402=SHAPE_DEFINITION_REPRESENTATION(#6407,#6416);
#6403=SHAPE_DEFINITION_REPRESENTATION(#6408,#6417);
#6404=SHAPE_DEFINITION_REPRESENTATION(#6409,#6418);
#6405=SHAPE_DEFINITION_REPRESENTATION(#6410,#6419);
#6406=PRODUCT_DEFINITION_SHAPE('',$,#6421);
#6407=PRODUCT_DEFINITION_SHAPE('',$,#6422);
#6408=PRODUCT_DEFINITION_SHAPE('',$,#6423);
#6409=PRODUCT_DEFINITION_SHAPE('',$,#6424);
#6410=PRODUCT_DEFINITION_SHAPE('',$,#6425);
#6411=PRODUCT_DEFINITION_SHAPE($,$,#23);
#6412=PRODUCT_DEFINITION_SHAPE($,$,#24);
#6413=PRODUCT_DEFINITION_SHAPE($,$,#25);
#6414=PRODUCT_DEFINITION_SHAPE($,$,#26);
#6415=SHAPE_REPRESENTATION('',(#3668,#4031,#4032,#4033,#4034),#6391);
#6416=SHAPE_REPRESENTATION('',(#3669),#6392);
#6417=SHAPE_REPRESENTATION('',(#3825),#6393);
#6418=SHAPE_REPRESENTATION('',(#3940),#6394);
#6419=SHAPE_REPRESENTATION('',(#3997),#6395);
#6420=PRODUCT_DEFINITION_CONTEXT('part definition',#6437,'design');
#6421=PRODUCT_DEFINITION('Rackglow','Rackglow v3',#6426,#6420);
#6422=PRODUCT_DEFINITION('Control Panel','Control Panel',#6427,#6420);
#6423=PRODUCT_DEFINITION('Curved Light Holder','Curved Light Holder',#6428,
#6420);
#6424=PRODUCT_DEFINITION('Plug Cover','Plug Cover',#6429,#6420);
#6425=PRODUCT_DEFINITION('Power Cover','Power Cover',#6430,#6420);
#6426=PRODUCT_DEFINITION_FORMATION('',$,#6439);
#6427=PRODUCT_DEFINITION_FORMATION('',$,#6440);
#6428=PRODUCT_DEFINITION_FORMATION('',$,#6441);
#6429=PRODUCT_DEFINITION_FORMATION('',$,#6442);
#6430=PRODUCT_DEFINITION_FORMATION('',$,#6443);
#6431=PRODUCT_RELATED_PRODUCT_CATEGORY('Rackglow v3','Rackglow v3',(#6439));
#6432=PRODUCT_RELATED_PRODUCT_CATEGORY('Control Panel','Control Panel',
(#6440));
#6433=PRODUCT_RELATED_PRODUCT_CATEGORY('Curved Light Holder',
'Curved Light Holder',(#6441));
#6434=PRODUCT_RELATED_PRODUCT_CATEGORY('Plug Cover','Plug Cover',(#6442));
#6435=PRODUCT_RELATED_PRODUCT_CATEGORY('Power Cover','Power Cover',(#6443));
#6436=APPLICATION_PROTOCOL_DEFINITION('international standard',
'automotive_design',2009,#6437);
#6437=APPLICATION_CONTEXT(
'Core Data for Automotive Mechanical Design Process');
#6438=PRODUCT_CONTEXT('part definition',#6437,'mechanical');
#6439=PRODUCT('Rackglow','Rackglow v3',$,(#6438));
#6440=PRODUCT('Control Panel','Control Panel',$,(#6438));
#6441=PRODUCT('Curved Light Holder','Curved Light Holder',$,(#6438));
#6442=PRODUCT('Plug Cover','Plug Cover',$,(#6438));
#6443=PRODUCT('Power Cover','Power Cover',$,(#6438));
#6444=PRESENTATION_STYLE_ASSIGNMENT((#6445));
#6445=SURFACE_STYLE_USAGE(.BOTH.,#6446);
#6446=SURFACE_SIDE_STYLE('',(#6447));
#6447=SURFACE_STYLE_FILL_AREA(#6448);
#6448=FILL_AREA_STYLE('Steel - Satin',(#6449));
#6449=FILL_AREA_STYLE_COLOUR('Steel - Satin',#6450);
#6450=COLOUR_RGB('Steel - Satin',0.627450980392157,0.627450980392157,0.627450980392157);
ENDSEC;
END-ISO-10303-21;
